"CONVERSATION ID","CONVERSATION TITLE","FROM","SENDER PROFILE URL","TO","RECIPIENT PROFILE URLS","DATE","SUBJECT","CONTENT","FOLDER","ATTACHMENTS","IS MESSAGE DRAFT"
"2-YjA3OWEzYmEtNjkzZS00NjUzLWI0MmYtOGY4MjhiMzI3NDNkXzEwMA==","Goland Developer Opportunity | Germany","Robert Schäfer","https://www.linkedin.com/in/roschaefer","Luc Romp","https://www.linkedin.com/in/luc-romp-186126279","2026-08-24 16:05:25 UTC","Golang Developer Opportunity | Germany","I'm a freelancer who works fully remote. Does that work for you?","INBOX","","No"
"2-YjA3OWEzYmEtNjkzZS00NjUzLWI0MmYtOGY4MjhiMzI3NDNkXzEwMA==","Goland Developer Opportunity | Germany","Luc Romp","https://www.linkedin.com/in/luc-romp-186126279","Robert Schäfer","https://www.linkedin.com/in/roschaefer","2026-08-21 08:46:00 UTC","Golang Developer Opportunity | Germany","Hi Robert,

I hope you're doing well. I wanted to follow up on my previous message regarding the Golang Developer opportunity.

Your background in Go stood out to me, and I believe your experience could be a strong match for the role.

If you're open to a brief conversation, I'd be happy to share more details.

Looking forward to hearing from you.

Best regards,
 Luc

Luc Romp
Consultant at Tenth Revolution Group","INBOX","","No"
"2-YjA3OWEzYmEtNjkzZS00NjUzLWI0MmYtOGY4MjhiMzI3NDNkXzEwMA==","Goland Developer Opportunity | Germany","Luc Romp","https://www.linkedin.com/in/luc-romp-186126279","Robert Schäfer","https://www.linkedin.com/in/roschaefer","2026-08-14 08:46:01 UTC","Goland Developer Opportunity | Germany","Hi Robert,

My name is Luc, and I work for Tenth Revolution Group, an international IT recruitment consultancy.

I'm currently working on a Golang Developer opportunity in Germany and thought your background could be a good fit.

We're looking for someone with:
* Experience developing backend applications in Golang
* Previous experience with Java or C#
* REST API development experience
* Solid software engineering fundamentals
* Experience with Git and Agile teams
* An interest in customer-facing projects and technical consulting

Nice to have:
* Microservices
* Docker & Kubernetes
* CI/CD
* Azure
* Cloud-native applications
* DevOps practices

The role involves building scalable backend solutions, working directly with customers, contributing to technical decisions, and mentoring junior developers.

It's a permanent hybrid position in Germany, with a preference for candidates located in the Cologne/Düsseldorf area.

Would you be open to a brief conversation? If so, feel free to send me your phone number and a suitable time to call, and I'll be happy to share more details.

Best regards,

Luc Romp
Consultant at Tenth Revolution Group","INBOX","","No"
"2-OGMwN2E3NDctMmQyZC00ODhmLTkzNjUtMWZiZjI1MzI3NTliXzEwMA==","Senior Entwickler (m/w/d) – Backend & Fullstack | C#/.NET oder vergleichbare Technologien | 100 % Remote","Maria Fischer","https://www.linkedin.com/in/maria-fischer1","Robert Schäfer","https://www.linkedin.com/in/roschaefer","2026-07-31 08:37:03 UTC","Senior Entwickler (m/w/d) – Backend & Fullstack | C#/.NET oder vergleichbare Technologien | 100 % Remote","Hallo Robert,

es geht um eine Festanstellung, Freelancer vermittel ich in der Regel nicht.

Viele Grüße
Maria","INBOX","","No"
"2-OGMwN2E3NDctMmQyZC00ODhmLTkzNjUtMWZiZjI1MzI3NTliXzEwMA==","Senior Entwickler (m/w/d) – Backend & Fullstack | C#/.NET oder vergleichbare Technologien | 100 % Remote","Robert Schäfer","https://www.linkedin.com/in/roschaefer","Maria Fischer","https://www.linkedin.com/in/maria-fischer1","2026-07-31 08:25:00 UTC","Senior Entwickler (m/w/d) – Backend & Fullstack | C#/.NET oder vergleichbare Technologien | 100 % Remote","Hallo Maria, ich bin ja 100% selbstständig und remote unterwegs. Remote geht bei euch, aber sucht dein Kunde nur Festangestellte oder auch Freelancer?","INBOX","","No"
"2-OGMwN2E3NDctMmQyZC00ODhmLTkzNjUtMWZiZjI1MzI3NTliXzEwMA==","Senior Entwickler (m/w/d) – Backend & Fullstack | C#/.NET oder vergleichbare Technologien | 100 % Remote","Maria Fischer","https://www.linkedin.com/in/maria-fischer1","Robert Schäfer","https://www.linkedin.com/in/roschaefer","2026-07-27 10:03:37 UTC","Senior Entwickler (m/w/d) – Backend & Fullstack | C#/.NET oder vergleichbare Technologien | 100 % Remote","Hallo Robert,
ich hoffe, dir geht es gut.
Ich bin aktuell auf der Suche nach einem erfahrenen Senior Fullstack Entwickler (m/w/d) und bin dabei auf dein Profil aufmerksam geworden.
Es geht um eine spannende Position bei einem etablierten Softwareunternehmen im Raum Wuppertal, das individuelle Softwarelösungen für mittelständische Unternehmen entwickelt und diese bei der Digitalisierung ihrer Geschäftsprozesse unterstützt.
Der Schwerpunkt liegt auf der Weiterentwicklung moderner ERP-Lösungen sowie der Entwicklung von Backend- und Fullstack-Anwendungen. Idealerweise bringst du Erfahrung mit C#/.NET mit – falls dein Schwerpunkt auf einer anderen Backend-Technologie liegt, ist das ebenfalls interessant, solange du fundierte Erfahrung in der Backend-Entwicklung mitbringst und offen bist, dich in neue Technologien einzuarbeiten.
Zusätzlich spielt Flutter eine Rolle im Umfeld der Entwicklung. Erfahrung damit wäre ein Plus, alternativ besteht auch die Möglichkeit, sich in diesem Bereich weiterzuentwickeln.
Geboten werden eine unbefristete Festanstellung, bis zu 100 % Remote-Arbeit, ein modernes Technologieumfeld sowie spannende Projekte rund um Digitalisierung und KI-Automatisierung. Außerdem gibt es viel Gestaltungsspielraum und die Möglichkeit, eigene Ideen einzubringen.
Wie klingt das für dich? Wäre ein kurzer Austausch interessant?

Beste Grüße

Maria Fischer
(IT-Consultant Recruiterin)","INBOX","","No"
"2-MDhlZDkxN2EtZDNlYi00MjdjLWFkN2UtYWMwNGQ0MmE1YzcyXzEwMA==","","Robert Schäfer","https://www.linkedin.com/in/roschaefer","Matteo Savio","https://www.linkedin.com/in/matteosavio","2026-06-25 09:26:15 UTC","","👋","INBOX","","No"
"2-MDhlZDkxN2EtZDNlYi00MjdjLWFkN2UtYWMwNGQ0MmE1YzcyXzEwMA==","","Matteo Savio","https://www.linkedin.com/in/matteosavio","Robert Schäfer","https://www.linkedin.com/in/roschaefer","2026-06-25 09:25:37 UTC","","Hallo vom Freelancerteam!","INBOX","","No"
"2-MjlhMjA5YTctODQ0ZC00OWRhLTllNTQtYWVjODEwNmZhYjRmXzEwMA==","","Tim  Ritter","https://www.linkedin.com/in/tim-ritter-","Robert Schäfer","https://www.linkedin.com/in/roschaefer","2026-06-25 09:21:43 UTC","","Hallo Robert, 
wir sind aktuell beide im Freelancerteam Call mit drin. 
Viele Grüße,
Tim","INBOX","","No"
"2-NDUwMmQwOTktNTA4OS00YjU1LThhNGItMTM3ZTgyYTg5Y2ZlXzEwMA==","","Yurii Lazaruk","https://www.linkedin.com/in/yurii-lazaruk-community-consultant","Robert Schäfer","https://www.linkedin.com/in/roschaefer","2026-06-19 13:02:02 UTC","","ah, got it! well, there is still Wiesn and Xmas party this year, so check them out, too :)","INBOX","","No"
"2-NDUwMmQwOTktNTA4OS00YjU1LThhNGItMTM3ZTgyYTg5Y2ZlXzEwMA==","","Robert Schäfer","https://www.linkedin.com/in/roschaefer","Yurii Lazaruk","https://www.linkedin.com/in/yurii-lazaruk-community-consultant","2026-06-19 12:08:34 UTC","","Travel maybe","INBOX","","No"
"2-NDUwMmQwOTktNTA4OS00YjU1LThhNGItMTM3ZTgyYTg5Y2ZlXzEwMA==","","Yurii Lazaruk","https://www.linkedin.com/in/yurii-lazaruk-community-consultant","Robert Schäfer","https://www.linkedin.com/in/roschaefer","2026-06-19 08:01:52 UTC","","oh, wow! are you planning to move? :)","INBOX","","No"
"2-NDUwMmQwOTktNTA4OS00YjU1LThhNGItMTM3ZTgyYTg5Y2ZlXzEwMA==","","Robert Schäfer","https://www.linkedin.com/in/roschaefer","Yurii Lazaruk","https://www.linkedin.com/in/yurii-lazaruk-community-consultant","2026-06-18 22:49:40 UTC","","Because I don't even know if I will be in Germany next year 🌎","INBOX","","No"
"2-NDUwMmQwOTktNTA4OS00YjU1LThhNGItMTM3ZTgyYTg5Y2ZlXzEwMA==","","Yurii Lazaruk","https://www.linkedin.com/in/yurii-lazaruk-community-consultant","Robert Schäfer","https://www.linkedin.com/in/roschaefer","2026-06-18 18:09:41 UTC","","oh, btw, Robert, how come you still don't have a Super Early Bird ticket for FUN27? 😲😁​","INBOX","","No"
"2-NDUwMmQwOTktNTA4OS00YjU1LThhNGItMTM3ZTgyYTg5Y2ZlXzEwMA==","","Yurii Lazaruk","https://www.linkedin.com/in/yurii-lazaruk-community-consultant","Robert Schäfer","https://www.linkedin.com/in/roschaefer","2026-06-18 18:09:35 UTC","","amazing! happy to seal the deal here on LinkedIn, too 😁","INBOX","","No"
"2-NDUwMmQwOTktNTA4OS00YjU1LThhNGItMTM3ZTgyYTg5Y2ZlXzEwMA==","","Robert Schäfer","https://www.linkedin.com/in/roschaefer","Yurii Lazaruk","https://www.linkedin.com/in/yurii-lazaruk-community-consultant","2026-06-18 17:46:23 UTC","","Okidoki","INBOX","","No"
"2-NDUwMmQwOTktNTA4OS00YjU1LThhNGItMTM3ZTgyYTg5Y2ZlXzEwMA==","","Yurii Lazaruk","https://www.linkedin.com/in/yurii-lazaruk-community-consultant","Robert Schäfer","https://www.linkedin.com/in/roschaefer","2026-06-18 16:53:10 UTC","","Hey Robert, since you've been at FUN26, let's definitely connect here, too, so please accept my request 🤗🤩","INBOX","","No"
"2-OTVhZDljYjktZWE5ZC00YjJmLThkNmEtNTIwOGQwYjdmNmNjXzEwMA==","","Robert Schäfer","https://www.linkedin.com/in/roschaefer","Lara Atayalp","https://www.linkedin.com/in/lara-atayalp-759496241","2026-06-17 09:46:10 UTC","","Hallo Lara, meinen Lebenslauf findest du hier: https://roschaefer.de/

Das aktuelle Astrofotografie-Projekt ist bei mir auch noch nicht gelistet. 🙂 Füge ich demnächst hinzu.","INBOX","","No"
"2-OTVhZDljYjktZWE5ZC00YjJmLThkNmEtNTIwOGQwYjdmNmNjXzEwMA==","","Lara Atayalp","https://www.linkedin.com/in/lara-atayalp-759496241","Robert Schäfer","https://www.linkedin.com/in/roschaefer","2026-06-16 12:35:42 UTC","","Hi Robert, 

ich hoffe dir geht's gut. :) 
Sende mir doch gerne einmal deinen aktuellen CV, dann schaue ich nochmal ob wir weitere passende Projektvakanzen offen haben, die gut zu dir passen könnten. 

Liebe Grüße
Lara","INBOX","","No"
"2-OTVhZDljYjktZWE5ZC00YjJmLThkNmEtNTIwOGQwYjdmNmNjXzEwMA==","","Robert Schäfer","https://www.linkedin.com/in/roschaefer","Lara Atayalp","https://www.linkedin.com/in/lara-atayalp-759496241","2026-06-15 15:50:00 UTC","","Hallo Lara,
 
hier ist Robert, wir haben auf der Freelance Unlocked miteinander gesprochen.
 
Ich habe mir eure aktuellen Projekte angesehen: https://www.waynice.de/projekte
 
Die Projekte mit Software-Fokus wirken auf mich technisch noch etwas weniger anspruchsvoll als die Projekte, die mich üblicherweise interessieren. Trotzdem wollte ich mich mal direkt bei dir melden, weil du vermutlich einen besseren Einblick hast.
 
Habt ihr noch mehr Projekte, die vielleicht nicht gelistet sind? Dann würde ich mich freuen, wenn wir nochmal sprechen!
 
Liebe Grüße","INBOX","","No"
"2-OTVhZDljYjktZWE5ZC00YjJmLThkNmEtNTIwOGQwYjdmNmNjXzEwMA==","","Robert Schäfer","https://www.linkedin.com/in/roschaefer","Lara Atayalp","https://www.linkedin.com/in/lara-atayalp-759496241","2026-06-12 12:08:40 UTC","","Hallo! Wir haben zusammen gesessen. 
","INBOX","","No"
"2-MWM2ZTAwZDktY2U2Mi00OTUyLTg4NzktM2M1MjQzYTk0ZjVmXzEwMA==","","Robert Schäfer","https://www.linkedin.com/in/roschaefer","Andreas Absmeier","https://www.linkedin.com/in/andreas-absmeier-48795437","2026-06-16 08:27:57 UTC","","Hallo Andreas, danke für die Nachricht. Meine E-Mail ist freelancerteam@roschaefer.de. Der Termin ist eingetragen. Freue mich über den Einladungslink. Bis dahin!","INBOX","","No"
"2-MWM2ZTAwZDktY2U2Mi00OTUyLTg4NzktM2M1MjQzYTk0ZjVmXzEwMA==","","Andreas Absmeier","https://www.linkedin.com/in/andreas-absmeier-48795437","Robert Schäfer","https://www.linkedin.com/in/roschaefer","2026-06-16 08:01:39 UTC","","Hi Robert, 

das freut mich, dass du den Weg so zu uns gefunden hast, über Jörg ist es noch besser :) 


Dein Business sieht gut aus. 


Generell nochmal zum Team: 

Als Zusammenschluss wollen wir uns gegenseitig supporten und gemeinsam stärker auftreten.

Im Kern geht es darum, unseren Kunden durch angrenzende Freelancer*innen immer die passende Lösung anbieten zu können.

Damit das funktioniert, lernen wir uns gegenseitig kennen. Zum Beispiel durch gemeinsame Projekte oder Coffee Breaks.

So wachsen wir Schritt für Schritt zu einem echten Team zusammen.

Im ersten Schritt geht es nicht darum, eigene Aufträge zu akquirieren. Diese entstehen mit der Zeit ganz automatisch durch Vertrauen und Zusammenarbeit.

Alles weitere erfährst du im All-Hands

Datum: 25.06.2026
Uhrzeit: Von 11 Uhr bis 11:45 Uhr


Ablauf des All Hands:

Vorstellung der Ziele
Prinzipien der Zusammenarbeit
Wie kannst du beim Freelancer-Team mitmachen
Aktuelle Themen und Zusammenarbeit

Teile bitte deine E-Mail für deine Einladung mit. 

Freue mich
Andreas","INBOX","","No"
"2-MWM2ZTAwZDktY2U2Mi00OTUyLTg4NzktM2M1MjQzYTk0ZjVmXzEwMA==","","Robert Schäfer","https://www.linkedin.com/in/roschaefer","Andreas Absmeier","https://www.linkedin.com/in/andreas-absmeier-48795437","2026-06-15 14:54:46 UTC","Freelancer Team Vorstellung","Hallo Andreas,
 
hier ist Robert. Jörg Zimmer hat mich an dich verwiesen, Jörg und ich haben uns letzte Woche auf der Freelance Unlocked kurz kennengelernt.
 
Ich würde mich gerne beim nächsten monatlichen All Hands vorstellen. Wann findet das statt und wie kann ich teilnehmen?","INBOX","","No"
"2-MGI2ODUxNzYtY2ZmMi00NzhkLWFkNTYtNzMxZGZhYmNmYWMzXzEwMA==","","Robert Schäfer","https://www.linkedin.com/in/roschaefer","Jörg Zimmer 🌻","https://www.linkedin.com/in/joerg-zimmer-seo-sea-freelancer-berlin-spandau","2026-06-15 14:59:49 UTC","","Das ging fix, danke für die schnelle Antwort. Andreas habe ich soeben wegen des All Hands angeschrieben. Schade, dass du am Donnerstag keine Zeit hast. Vielleicht treffe ich ja andere Freelancer Team Mitglieder.","INBOX","","No"
"2-MGI2ODUxNzYtY2ZmMi00NzhkLWFkNTYtNzMxZGZhYmNmYWMzXzEwMA==","","Jörg Zimmer 🌻","https://www.linkedin.com/in/joerg-zimmer-seo-sea-freelancer-berlin-spandau","Robert Schäfer","https://www.linkedin.com/in/roschaefer","2026-06-15 14:46:47 UTC","","Hi Robert. Schön das du schreibst. Für Vorstellung im Freelancer Team gibt es ein monatliches All Hands. Schreib dazu bitte an @Andreas Absmeier. Website ist im Aufbau und ja wir brauchen da Unterstützung. Donnerstag kann ich nicht, weil Campixx SEO Konferenz in Berlin.","INBOX","","No"
"2-MGI2ODUxNzYtY2ZmMi00NzhkLWFkNTYtNzMxZGZhYmNmYWMzXzEwMA==","","Robert Schäfer","https://www.linkedin.com/in/roschaefer","Jörg Zimmer 🌻","https://www.linkedin.com/in/joerg-zimmer-seo-sea-freelancer-berlin-spandau","2026-06-15 14:39:45 UTC","","Hallo Jörg,

schön, dich getroffen zu haben! Ich bin Robert, wir haben uns am Freitag auf der Freelance Unlocked am Ende noch kurz unterhalten.

Ich würde gerne Teil vom Freelancer-Team werden! Wie geht das? Gibt es ein Bewerbungsverfahren?

Nebenbei: Mir ist auf eurer Website gleich die fehlende Unterstützung für den light/dark mode aufgefallen. Versucht man es mit dem entsprechenden Browser-Plugin, sind z.B. die Firmenlogos nicht mehr sichtbar.

Außerdem haben wir uns ja über Engagement unterhalten: Am Donnerstag bin ich beim „techfrombelow""-Treffen in Berlin. Vielleicht hast du oder andere aus dem Team Lust mitzukommen? Ich würde mich freuen. Das wäre doch eine schöne Gelegenheit, uns nochmal zu treffen? https://techfrombelow.de/

Liebe Grüße

Robert","INBOX","https://www.linkedin.com/dms/prv/image/v2/D4E06AQHXdhMqB0za3g/messaging-image-720/B4EZ7LuIMBHsAY-/0/1781534328031?m=AQJhC9ZQMnzueQAAAaA2Betl2PZ1IhvCau7shSHKqBBBgcRXt3-twTnpDg&ne=1&v=beta&t=tizUo92IoLGukAfRcn_j3-v-HHqyfwxjl6ygUlT3qVM","No"
"2-OWQ2MWRlYjMtOTAwZi00NWNmLWI0N2QtOWUxNWE3NTJiMTEyXzEwMA==","","Robert Schäfer","https://www.linkedin.com/in/roschaefer","Predrag Simonovski","https://www.linkedin.com/in/predrag-simonovski-783b8960","2026-06-11 13:08:52 UTC","","We met together with Greg","INBOX","","No"
"2-YWE0YjVlZWYtNTE2ZC00MzQ0LTk1NGQtMjFkOGIzOTIyNjk2XzEwMA==","Lust auf einen Sprung in die BRANDUNG?","Robert Schäfer","https://www.linkedin.com/in/roschaefer","Elisabeth Wendt","https://www.linkedin.com/in/elisabeth-wendt","2026-03-05 08:51:07 UTC","Lust auf einen Sprung in die BRANDUNG?","Alles klar! Mein Stundensatz ist 90€. Liebe Grüße ","INBOX","","No"
"2-YWE0YjVlZWYtNTE2ZC00MzQ0LTk1NGQtMjFkOGIzOTIyNjk2XzEwMA==","Lust auf einen Sprung in die BRANDUNG?","Elisabeth Wendt","https://www.linkedin.com/in/elisabeth-wendt","Robert Schäfer","https://www.linkedin.com/in/roschaefer","2026-03-05 08:38:27 UTC","Lust auf einen Sprung in die BRANDUNG?","Hallo Robert,

danke für dein schnelles und transparentes Feedback. Aktuell suchen wir tatsächlich jemanden in Festanstellung vor Ort. 

Grundsätzlich arbeiten wir aber auch regelmäßig mit Freelancern zusammen (wobei man natürlich 100% remote arbeiten kann). Wenn du einverstanden bist, nehme ich dich in unseren Freelancer Pool auf und würde dann nochmal auf dich zukommen, wenn wir Unterstützung benötigen. Denn deine Erfahrungen und deinen Tech Stack finde ich weiterhin super passend.

Magst du mir dafür noch deinen Stundensatz nennen?

Viele Grüße
Elisabeth","INBOX","","No"
"2-YWE0YjVlZWYtNTE2ZC00MzQ0LTk1NGQtMjFkOGIzOTIyNjk2XzEwMA==","Lust auf einen Sprung in die BRANDUNG?","Robert Schäfer","https://www.linkedin.com/in/roschaefer","Elisabeth Wendt","https://www.linkedin.com/in/elisabeth-wendt","2026-03-04 13:22:08 UTC","Lust auf einen Sprung in die BRANDUNG?","Hallo Elisabeth, Selbstständigkeit und 100% remote sind bei mir zurzeit erforderlich. Wenn das keine Ausschlusskriterien sind, können wir gerne telefonieren.","INBOX","","No"
"2-YWE0YjVlZWYtNTE2ZC00MzQ0LTk1NGQtMjFkOGIzOTIyNjk2XzEwMA==","Lust auf einen Sprung in die BRANDUNG?","Elisabeth Wendt","https://www.linkedin.com/in/elisabeth-wendt","Robert Schäfer","https://www.linkedin.com/in/roschaefer","2026-03-02 15:53:34 UTC","Lust auf einen Sprung in die BRANDUNG?","Hallo Robert,

ich sehe, dass du Freelancer bist und da dein Tech Stack super mit unserem matcht und dein Profil einen sympathischen Eindruck macht, wollte ich einfach mal fragen, ob du ggf. auch Interesse an einer Festanstellung hast.
 
Unser Team bei BRANDUNG wächst und du würdest mit deinen Erfahrungen in vue und nuxt sowie react native super dazu passen. Mache dir gerne selbst ein erstes Bild von uns und unseren Projekten: https://www.brandung.de/de/projekte-overview

Neben viel Gestaltungsspielraum erwartet dich bei uns ein großes Developer Team, das einen aktiven Wissensaustausch pflegt und gemeinsam an großen agilen Projekten arbeitet, zuletzt z.B. für SNIPES und Kapten & Son. Dabei sind wir 2 Tage vor Ort in unserem Ehrenfelder Office und lassen uns von unserem agenturinternen Koch kulinarisch verwöhnen. 

Wäre das was für dich? Wenn du mehr über das Team, die Projekte oder unseren Tech Stack erfahren möchtest, können wir gerne mal dazu telefonieren.

Ich freue mich von dir zu hören!

Viele Grüße
Elisabeth

Elisabeth Wendt
Team Lead People & Culture","INBOX","","No"
"2-ZGNjMDBjZWYtZjI5ZC00Mjk4LTlkOGYtMDUwNDIyOGZiZGZhXzEwMA==","","Robert Lehmann","https://www.linkedin.com/in/lehmannro","Robert Schäfer","https://www.linkedin.com/in/roschaefer","2026-02-07 19:06:17 UTC","","Voll gern, sag bescheid wenn du in der Nähe bist!","INBOX","","No"
"2-ZGNjMDBjZWYtZjI5ZC00Mjk4LTlkOGYtMDUwNDIyOGZiZGZhXzEwMA==","","Robert Lehmann","https://www.linkedin.com/in/lehmannro","Robert Schäfer","https://www.linkedin.com/in/roschaefer","2026-02-07 19:05:52 UTC","","Hah, cool!  Ich hatte per Zufall ein Recording vom 39C3 gesehen und da Sven Köhler (der war Jahrgang unter uns) als Moderator erspäht :D  Kleine Welt..","INBOX","","No"
"2-ZGNjMDBjZWYtZjI5ZC00Mjk4LTlkOGYtMDUwNDIyOGZiZGZhXzEwMA==","","Robert Schäfer","https://www.linkedin.com/in/roschaefer","Robert Lehmann","https://www.linkedin.com/in/lehmannro","2026-02-05 18:18:55 UTC","","Mir geht's soweit ganz gut. Ich bin seit 2021 viel rumgereist und bin jetzt gerade wieder in Deutschland. Ich war im Dezember auf dem 39C3 in Hamburg. Bei der Gelegenheit hab ich Benny Reißaus getroffen, den du ja noch vom Bachelorprojekt kennst. Außerdem hab ich per Zufall auf dem 39C3 einen gemeinsamen Kumpel von Benny und mir getroffen, der in Zürich wohnt. Vielleicht komme ich also mal nach Zürich! Laut Linkedin wohnst du da ja auch. Soll ich mich dann mal melden? Wie geht's dir denn?","INBOX","","No"
"2-ZGNjMDBjZWYtZjI5ZC00Mjk4LTlkOGYtMDUwNDIyOGZiZGZhXzEwMA==","","Robert Lehmann","https://www.linkedin.com/in/lehmannro","Robert Schäfer","https://www.linkedin.com/in/roschaefer","2026-02-03 09:12:46 UTC","","Hey Robert, schön dass du schreibst :)  Wirklich lang ist's her!  Wie geht's dir?","INBOX","","No"
"2-ZGNjMDBjZWYtZjI5ZC00Mjk4LTlkOGYtMDUwNDIyOGZiZGZhXzEwMA==","","Robert Schäfer","https://www.linkedin.com/in/roschaefer","Robert Lehmann","https://www.linkedin.com/in/lehmannro","2026-02-02 14:52:15 UTC","","Hallo! 👋 long time no see. Freut mich, dass ich auf Linkedin auch mal ein paar sinnvolle Freundschaftsanfragen bekomme.","INBOX","","No"
"2-MTNmNmExNmItOTI0Ny00OTRiLWJkYWEtNzQ4MjkzNTQ2NjI1XzEwMA==","","Filippo Nigro","https://www.linkedin.com/in/filippo-nigro-0b3294133","Robert Schäfer","https://www.linkedin.com/in/roschaefer","2026-01-20 21:46:43 UTC","Founding Engineer Health Tech Startup","Hi Robert, 

I am the Founder of YOUth Health Tech. Early-stage startup in the digital health space. We already raised via Antler, Index Ventures Magnetic Fund, Alan's Founder (French InsurTech unicorn), Lakestar Halo Fund, Caesar VC, and others. We are looking for a Founding Full Stack Engineer to join our team and work closely with our CTO. Your profile looks very interesting to me. 

Below is a quick overview of our project: 

• Vision: “Unlock” access to preventive screening for 8 billion people and eliminate deaths and suffering due to lack of prevention

• Problem: It takes 3+ weeks to get a single preventative screening. 60% of people fail to track their health regularly. This translates into 75% of patients facing a late diagnosis. 

• Solution: YOUth runs holistic health checkups in < 2 minutes from a smartphone (no extra hardware). With a face video, voice recording, and an eye picture YOUth screens the health of 10+ organs and 60+ biomarkers. 

Here the JD: 
https://youthai.notion.site/Founding-Senior-Full-Stack-Engineer-2d15a55c73d7808cb645ec7f857278c7?pvs=74


I would love to hear your story and share more.

Cheers,


Filippo Nigro","INBOX","","No"
"2-M2NlMDg2YWUtMDA1OS00OTdiLTg4OTYtY2UxNDMyOGI0ODczXzEwMA==","","Anna Kozłowska","https://www.linkedin.com/in/anna-kozłowska-8ba2bb153","Robert Schäfer","https://www.linkedin.com/in/roschaefer","2026-01-04 11:30:27 UTC","","Ich wünsche dir auf jeden Fall schöne Reise und auch ganz viel Erfolg 🍀 ","INBOX","","No"
"2-M2NlMDg2YWUtMDA1OS00OTdiLTg4OTYtY2UxNDMyOGI0ODczXzEwMA==","","Anna Kozłowska","https://www.linkedin.com/in/anna-kozłowska-8ba2bb153","Robert Schäfer","https://www.linkedin.com/in/roschaefer","2026-01-04 11:29:54 UTC","","Hi Robert, 
Ich teste es gerade, deswegen weiß ich noch nicht, ob das etwas bringt. Aber ich berichte mal…","INBOX","","No"
"2-M2NlMDg2YWUtMDA1OS00OTdiLTg4OTYtY2UxNDMyOGI0ODczXzEwMA==","","Robert Schäfer","https://www.linkedin.com/in/roschaefer","Anna Kozłowska","https://www.linkedin.com/in/anna-kozłowska-8ba2bb153","2025-12-28 21:35:38 UTC","","Ah Ok, schade! Ich bin noch nicht zurück die die Heimat gezogen. Zumindest ist da nix geplant. Im Januar werde ich Kufi besuchen. Vielleicht reise ich als nächstes mal nach Afrika. Mal sehen. Viel Erfolg bei der Arbeitssuche! Hilft dir LinkedIn denn überhaupt?","INBOX","","No"
"2-M2NlMDg2YWUtMDA1OS00OTdiLTg4OTYtY2UxNDMyOGI0ODczXzEwMA==","","Anna Kozłowska","https://www.linkedin.com/in/anna-kozłowska-8ba2bb153","Robert Schäfer","https://www.linkedin.com/in/roschaefer","2025-12-28 13:37:55 UTC","","Hi Robert,
danke für den Like.
Ich wünsche dir auch viel Erfolg mit der Arbeitssuche 🤞🏼
Ich bin zurzeit in Polen und komme erst in der zweiten Januarwoche zurück, deswegen werden wir uns vermutlich verpassen. 
Bist du wieder zurück in die Heimat gezogen? 
LG ","INBOX","","No"
"2-M2NlMDg2YWUtMDA1OS00OTdiLTg4OTYtY2UxNDMyOGI0ODczXzEwMA==","","Robert Schäfer","https://www.linkedin.com/in/roschaefer","Anna Kozłowska","https://www.linkedin.com/in/anna-kozłowska-8ba2bb153","2025-12-27 11:33:18 UTC","","Würde mich freuen, dich wiederzusehen 🤗","INBOX","","No"
"2-M2NlMDg2YWUtMDA1OS00OTdiLTg4OTYtY2UxNDMyOGI0ODczXzEwMA==","","Robert Schäfer","https://www.linkedin.com/in/roschaefer","Anna Kozłowska","https://www.linkedin.com/in/anna-kozłowska-8ba2bb153","2025-12-27 11:33:02 UTC","","Also vielleicht im Januar?","INBOX","","No"
"2-M2NlMDg2YWUtMDA1OS00OTdiLTg4OTYtY2UxNDMyOGI0ODczXzEwMA==","","Robert Schäfer","https://www.linkedin.com/in/roschaefer","Anna Kozłowska","https://www.linkedin.com/in/anna-kozłowska-8ba2bb153","2025-12-27 11:32:55 UTC","","Ich bin übrigens über Silvester in Berlin. Sieht man sich vielleicht nochmal?","INBOX","","No"
"2-M2NlMDg2YWUtMDA1OS00OTdiLTg4OTYtY2UxNDMyOGI0ODczXzEwMA==","","Robert Schäfer","https://www.linkedin.com/in/roschaefer","Anna Kozłowska","https://www.linkedin.com/in/anna-kozłowska-8ba2bb153","2025-12-27 11:32:35 UTC","","Ich bin auch auf der Arbeitssuche, aber nicht so intensiv ","INBOX","","No"
"2-M2NlMDg2YWUtMDA1OS00OTdiLTg4OTYtY2UxNDMyOGI0ODczXzEwMA==","","Robert Schäfer","https://www.linkedin.com/in/roschaefer","Anna Kozłowska","https://www.linkedin.com/in/anna-kozłowska-8ba2bb153","2025-12-27 11:32:12 UTC","","Hi! Frohe Weihnachten nachträglich. Ich hab den Post mal geliked aber ich hab keine Ahnung, worum's eigentlich geht außer um Scrum. 😅","INBOX","","No"
"2-M2NlMDg2YWUtMDA1OS00OTdiLTg4OTYtY2UxNDMyOGI0ODczXzEwMA==","","Anna Kozłowska","https://www.linkedin.com/in/anna-kozłowska-8ba2bb153","Robert Schäfer","https://www.linkedin.com/in/roschaefer","2025-12-21 10:09:11 UTC","","","INBOX","","No"
"2-M2NlMDg2YWUtMDA1OS00OTdiLTg4OTYtY2UxNDMyOGI0ODczXzEwMA==","","Anna Kozłowska","https://www.linkedin.com/in/anna-kozłowska-8ba2bb153","Robert Schäfer","https://www.linkedin.com/in/roschaefer","2025-12-21 10:08:22 UTC","","Dürfte ich dich bei Gelegenheit darum bitten, dass du meinen Post unterstützt?🙏🏼

brauche ein wenig mehr Sichtbarkeit wegen der Arbeitssuche ","INBOX","","No"
"2-M2NlMDg2YWUtMDA1OS00OTdiLTg4OTYtY2UxNDMyOGI0ODczXzEwMA==","","Anna Kozłowska","https://www.linkedin.com/in/anna-kozłowska-8ba2bb153","Robert Schäfer","https://www.linkedin.com/in/roschaefer","2025-12-21 10:07:14 UTC","","Gerade intensiv auf der Arbeitssuche und du? ","INBOX","","No"
"2-M2NlMDg2YWUtMDA1OS00OTdiLTg4OTYtY2UxNDMyOGI0ODczXzEwMA==","","Anna Kozłowska","https://www.linkedin.com/in/anna-kozłowska-8ba2bb153","Robert Schäfer","https://www.linkedin.com/in/roschaefer","2025-12-21 10:06:38 UTC","","Hey Robert, alles fit und bei dir? ","INBOX","","No"
"2-M2NlMDg2YWUtMDA1OS00OTdiLTg4OTYtY2UxNDMyOGI0ODczXzEwMA==","","Robert Schäfer","https://www.linkedin.com/in/roschaefer","Anna Kozłowska","https://www.linkedin.com/in/anna-kozłowska-8ba2bb153","2025-12-15 21:53:17 UTC","","Na?","INBOX","","No"
"2-YWU2ZDc2YjQtZjE1Ni00YjgzLWFlNjItYmZmOWUzY2QyMWE0XzEwMA==","Gestalte die Zukunft der Eventbranche – Backend Developer (m/w/d), 100% Remote","Uranja Panajoti","https://www.linkedin.com/in/uranja-panajoti-4581921b0","Robert Schäfer","https://www.linkedin.com/in/roschaefer","2025-11-27 16:50:20 UTC","Gestalte die Zukunft der Eventbranche – Backend Developer (m/w/d), 100% Remote","Hallo Herr Schäfer,

für ein führendes Unternehmen in der Event Branche suche ich einen erfahrenen (Senior) Backend Developer (m/w/d). 

Das Unternehmen entwickelt digitale Lösungen, die Millionen von Menschen den Zugang zu Veranstaltungen erleichtern von Konzerten bis hin zu Sport-Events.

Ihre Rolle:
* Entwicklung und Weiterentwicklung komplexer Backend-Systeme mit Node.js und TypeScript
* Umsetzung moderner Architekturprinzipien wie Domain-Driven Design und Event-Driven Ansätze
* Arbeiten in einer AWS-Cloud-Umgebung
* Entwicklung von Services mit Nest.js, Integration von SQL-Datenbanken
* Sicherstellung höchster Qualität durch Unit-Tests und End-to-End-Tests
* Enge Zusammenarbeit mit Frontend-Teams (React/Vue.js)

Was macht das Angebot besonders?
* Gehaltsrange bis 85.000 €
* 100% Remote möglich – maximale Flexibilität
* 32 Tage Urlaub
* Modernes Setup: Apple-Hardware, freie IDE-Auswahl
* Vielfältige Corporate Benefits
* Weiterbildung & Entwicklungsmöglichkeiten

Sie möchten Teil eines Teams werden, das die digitale Eventwelt gestaltet? Dann lassen Sie uns sprechen! 

Gerne können Sie mir direkt einen Terminvorschlag für ein kurzes Telefonat senden.

Ich freue mich auf Ihre Rückmeldung.

Viele Grüße

Uranja Panajoti
SAP & IT Recruiting Expertin | Principal Consultant bei Hays | Karrierepartnerin für Tech-Profis in NRW","INBOX","","No"
"2-ZDc2Mzg4M2QtNDNmMy00NDZjLThjNGUtYjIxNGQ4NGM0OWZiXzEwMA==","$20M AI Startup | Senior Fullstack Role (Remote, Equity)","Will Childs","https://www.linkedin.com/in/will-childs-physicalai","Robert Schäfer","https://www.linkedin.com/in/roschaefer","2025-11-19 16:44:20 UTC","$20M AI Startup | Senior Fullstack Role (Remote, Equity)","Hi Robert

I’m reaching out on behalf of a fast-growing AI company that has just secured a $20M Series A from leading Silicon Valley investors.

They’re looking for a Senior Fullstack Developer to join their German engineering team and help scale the platform. The role offers remote flexibility and a high package (salary, bonus, equity).

You’d be working alongside a senior leadership team with a proven track record, having scaled and exited their previous business for $400–500M.

Would you be open to a quick chat to explore further?

Feel free to use this link to schedule a call: Role Introduction [https://calendly.com/will-childs-aifutures/project-introduction-clone]

Will Childs
Senior Associate | Al Futures | Filling the Al skills gap ®","INBOX","","No"
"2-MzgyMTYzMjMtMTY4Mi00OTRkLTlkYjQtYmU4MDNlZmNjZjdkXzEwMA==","Kurzes Update: Neue Software-Positionen verfügbar","Alexander Spalding","https://www.linkedin.com/in/alexander-spalding","Robert Schäfer","https://www.linkedin.com/in/roschaefer","2025-09-10 15:23:04 UTC","Kurzes Update: Neue Software-Positionen verfügbar","Hallo Robert,
 
aktuell betreue ich wieder spannende Software-Positionen (Java, Web, Fullstack) in Köln/Düsseldorf & 100 % remote bei Unternehmen mit hohem Kununu-Score mit/bis 80k Gehalt.
 
Klingt das interessant? Wann hättest du Zeit für ein kurzes Telefonat?
 
Viele Grüße
Alex

Alexander Spalding
Recruitment Consultant bei Majori GmbH | Softwareentwicklung","INBOX","","No"
"2-ZTRjZjFiY2MtOWRkMC00MjAyLWE0MjQtZDA5YmVmNzZmODMwXzEwMA==","","Robert Schäfer","https://www.linkedin.com/in/roschaefer","Jakob Vicari","https://www.linkedin.com/in/jakob-vicari","2025-09-03 05:51:32 UTC","","Wie gefällt dir denn die neue Stelle als Professor?","INBOX","","No"
"2-ZTRjZjFiY2MtOWRkMC00MjAyLWE0MjQtZDA5YmVmNzZmODMwXzEwMA==","","Robert Schäfer","https://www.linkedin.com/in/roschaefer","Jakob Vicari","https://www.linkedin.com/in/jakob-vicari","2025-09-03 05:50:53 UTC","","Ich würde mich freuen, wieder spannende Dinge mit euch zu programmieren! An 100eyes habe ich nicht mehr gearbeitet, da haben sich die neuen Chefs nicht weiter gemeldet. Aber ich habe gestern von Matt eine Nachricht auf Signal von 100eyes bekommen.","INBOX","","No"
"2-ZTRjZjFiY2MtOWRkMC00MjAyLWE0MjQtZDA5YmVmNzZmODMwXzEwMA==","","Robert Schäfer","https://www.linkedin.com/in/roschaefer","Jakob Vicari","https://www.linkedin.com/in/jakob-vicari","2025-09-03 05:49:29 UTC","","Ich bin gerade in Kyoto und stehe in irgendeinem kaiserlichen Palast hier","INBOX","","No"
"2-ZTRjZjFiY2MtOWRkMC00MjAyLWE0MjQtZDA5YmVmNzZmODMwXzEwMA==","","Robert Schäfer","https://www.linkedin.com/in/roschaefer","Jakob Vicari","https://www.linkedin.com/in/jakob-vicari","2025-09-03 05:49:08 UTC","","Ah cool! Was treibst du in Siegburg? Kennst du den Fremdschäm-Siegburg Song? (Einfach mal googlen)","INBOX","","No"
"2-ZTRjZjFiY2MtOWRkMC00MjAyLWE0MjQtZDA5YmVmNzZmODMwXzEwMA==","","Jakob Vicari","https://www.linkedin.com/in/jakob-vicari","Robert Schäfer","https://www.linkedin.com/in/roschaefer","2025-09-02 21:19:22 UTC","","Hi Robert, wo bist du gerade und wie geht es dir? 
Ich sitze gerade in Siegburg im Hotel und habe an dich egdacht.
Wie du vielleicht gemerkt hast, ist tactile.news ziemlich zusammengeschrumpft. in fact sind es noch Astrid & ich. Vor allem durch meine Professur haben wir uns fokussiert. Heisst natürlich nicht, dass wir nicht nochmal spannende Sachen programmieren. Lass doch mal von dir hören!
Best
Jakob","INBOX","","No"
"2-ZTIzY2ExOGEtMDliMC00MTNiLWFjYWEtYzQxMzhmMDc0NThiXzAxMw==","","Christiane Büchner","https://www.linkedin.com/in/christiane-buechner","Robert Schäfer","https://www.linkedin.com/in/roschaefer","2025-08-08 10:17:17 UTC","","Danke","INBOX","","No"
"2-ZTIzY2ExOGEtMDliMC00MTNiLWFjYWEtYzQxMzhmMDc0NThiXzAxMw==","","Christiane Büchner","https://www.linkedin.com/in/christiane-buechner","Robert Schäfer","https://www.linkedin.com/in/roschaefer","2025-08-08 10:17:13 UTC","","😃","INBOX","","No"
"2-ZTIzY2ExOGEtMDliMC00MTNiLWFjYWEtYzQxMzhmMDc0NThiXzAxMw==","","Robert Schäfer","https://www.linkedin.com/in/roschaefer","Christiane Büchner","https://www.linkedin.com/in/christiane-buechner","2025-08-08 07:38:22 UTC","","Na dann auch alles Gute nachträglich dir!","INBOX","","No"
"2-ZTIzY2ExOGEtMDliMC00MTNiLWFjYWEtYzQxMzhmMDc0NThiXzAxMw==","","Christiane Büchner","https://www.linkedin.com/in/christiane-buechner","Robert Schäfer","https://www.linkedin.com/in/roschaefer","2025-08-07 19:52:15 UTC","","Ja, gern. Ich hatte am 18.07. Geburtstag und ja, ich hab die Wohnung in Berlin noch und vermiete sie sporadisch unter, die meiste Zeit bin ich aber unterwegs und hab meinen Hauptwohnsitz bei Zürich. Liebe Grüße ","INBOX","","No"
"2-ZTIzY2ExOGEtMDliMC00MTNiLWFjYWEtYzQxMzhmMDc0NThiXzAxMw==","","Robert Schäfer","https://www.linkedin.com/in/roschaefer","Christiane Büchner","https://www.linkedin.com/in/christiane-buechner","2025-08-07 16:48:25 UTC","","Oh, dankeschön nachträglich! Wann hast du denn Geburtstag? Wie geht's dir denn, lebst du noch in Berlin?","INBOX","","No"
"2-ZTIzY2ExOGEtMDliMC00MTNiLWFjYWEtYzQxMzhmMDc0NThiXzAxMw==","","Christiane Büchner","https://www.linkedin.com/in/christiane-buechner","Robert Schäfer","https://www.linkedin.com/in/roschaefer","2025-08-05 10:22:51 UTC","","Herzlichen Glückwunsch nachträglich! Viele Grüsse Christiane","INBOX","","No"
"2-ZTIzY2ExOGEtMDliMC00MTNiLWFjYWEtYzQxMzhmMDc0NThiXzAxMw==","","Christiane Büchner","https://www.linkedin.com/in/christiane-buechner","Robert Schäfer","https://www.linkedin.com/in/roschaefer","2024-08-08 13:17:07 UTC","","Bin aber gerade oder generelle auf der Suche nach einer ähnlichen oder anderen Anstellung in einem anderen Unternehmen....","INBOX","","No"
"2-ZTIzY2ExOGEtMDliMC00MTNiLWFjYWEtYzQxMzhmMDc0NThiXzAxMw==","","Christiane Büchner","https://www.linkedin.com/in/christiane-buechner","Robert Schäfer","https://www.linkedin.com/in/roschaefer","2024-08-08 13:16:27 UTC","","Hallo Robert, ja, mir geht es soweit gut, habe meine Wohnung noch in Berlin, aber Hauptwohnsitz bei Zürich, da ich dort auch arbeite.... und du? viele Grüsse Christiane","INBOX","","No"
"2-ZTIzY2ExOGEtMDliMC00MTNiLWFjYWEtYzQxMzhmMDc0NThiXzAxMw==","","Robert Schäfer","https://www.linkedin.com/in/roschaefer","Christiane Büchner","https://www.linkedin.com/in/christiane-buechner","2024-08-03 15:29:51 UTC","","Danke liebe Christiane! Wie geht's dir? Wohnst du noch in Berlin?","INBOX","","No"
"2-ZTIzY2ExOGEtMDliMC00MTNiLWFjYWEtYzQxMzhmMDc0NThiXzAxMw==","","Christiane Büchner","https://www.linkedin.com/in/christiane-buechner","Robert Schäfer","https://www.linkedin.com/in/roschaefer","2024-07-29 05:39:07 UTC","","Herzlichen Glückwunsch zum Geburtstag!","INBOX","","No"
"2-MjdjMjAzYzMtMjJmZS00M2U0LTkyZDctNDE3MjRiZWY0NGI4XzEwMA==","Are you open to opportunities? ( Ruby on Rails-Remote Role for Scaling AI Company )","Charmaine Tan-Holman","https://www.linkedin.com/in/charmaineholman","Robert Schäfer","https://www.linkedin.com/in/roschaefer","2025-07-30 04:14:21 UTC","Are you open to opportunities? ( Ruby on Rails-Remote Role for Scaling AI Company )","Hi Robert

How are you? Trust you are well! Charmaine from Hyphen Partners here, a technology recruiter based in SG.

Please pardon my proactive approach but I am currently looking for a Remote Ruby on Rails Engineer for my client - the company is at the forefront of conversational AI after acquiring 7ML users in the past year, and now at 22 million subscribers, is now looking to expand its engineering team to shape the future of AI-powered experiences.

Looking for:
x1 Backend ROR Engineer ( based in Europe Timezone )
x1 Frontend Hotwire/ ROR  Engineer ( based in Europe Timezone

Do let me know if you are open for me to share more details or know of someone who might be suitable for this :)

I am looking forward to hearing from you.
Cheers

Charmaine Tan-Holman
Connecting the best talent with the most innovative firms in APAC | charmaine@hyphen-partners.com","INBOX","","No"
"2-MzQ4MTUxYTAtOWZjNS00MGVjLThhYWYtYTY3OWQ5OTU5YzY0XzAxMw==","","Meike Fischer","https://www.linkedin.com/in/meike-fischer-952406125","Robert Schäfer","https://www.linkedin.com/in/roschaefer","2025-07-29 07:27:33 UTC","","Herzlichen Glückwunsch zum Geburtstag!","INBOX","","No"
"2-MzQ4MTUxYTAtOWZjNS00MGVjLThhYWYtYTY3OWQ5OTU5YzY0XzAxMw==","","Meike Fischer","https://www.linkedin.com/in/meike-fischer-952406125","Robert Schäfer","https://www.linkedin.com/in/roschaefer","2024-08-07 12:55:17 UTC","","Das klingt spannend mit deinen Reisen :) Ich drücke dir die Daumen, dass du bald eine gute Partnerin findest :)","INBOX","","No"
"2-MzQ4MTUxYTAtOWZjNS00MGVjLThhYWYtYTY3OWQ5OTU5YzY0XzAxMw==","","Robert Schäfer","https://www.linkedin.com/in/roschaefer","Meike Fischer","https://www.linkedin.com/in/meike-fischer-952406125","2024-08-05 10:45:02 UTC","","Ja, Chemnitz kenne ich natürlich nicht, aber ist doch schön dass du jetzt sogar Kinder hast 🙂 Ich bin in einer ähnlichen Situation beruflich, als Selbstständiger arbeite ich an Projekten, deren Zukunft steht aber auf der Kippe. Ansonsten bin ich im Juni aus Indien wiedergekommen, war seit September unterwegs. Und ich wünsche mir inzwischen auch Familie aber +1 fehlt bei mir 😢","INBOX","","No"
"2-MzQ4MTUxYTAtOWZjNS00MGVjLThhYWYtYTY3OWQ5OTU5YzY0XzAxMw==","","Meike Fischer","https://www.linkedin.com/in/meike-fischer-952406125","Robert Schäfer","https://www.linkedin.com/in/roschaefer","2024-08-05 07:19:59 UTC","","und wie geht es dir? Was machst du alles Schönes?","INBOX","","No"
"2-MzQ4MTUxYTAtOWZjNS00MGVjLThhYWYtYTY3OWQ5OTU5YzY0XzAxMw==","","Meike Fischer","https://www.linkedin.com/in/meike-fischer-952406125","Robert Schäfer","https://www.linkedin.com/in/roschaefer","2024-08-05 07:19:43 UTC","","geht ganz gut... ich wohne seit etwas längerer Zeit in Chemnitz zusammen mit meinem Freund- das war die Einzige Option aufgrund von seinen Kindern ;-) beruflich bin ich leider immer noch nicht angekommen und Suche gerade wieder einen Job 😅","INBOX","","No"
"2-MzQ4MTUxYTAtOWZjNS00MGVjLThhYWYtYTY3OWQ5OTU5YzY0XzAxMw==","","Meike Fischer","https://www.linkedin.com/in/meike-fischer-952406125","Robert Schäfer","https://www.linkedin.com/in/roschaefer","2024-08-05 07:18:17 UTC","",":) guten morgen :)","INBOX","","No"
"2-MzQ4MTUxYTAtOWZjNS00MGVjLThhYWYtYTY3OWQ5OTU5YzY0XzAxMw==","","Robert Schäfer","https://www.linkedin.com/in/roschaefer","Meike Fischer","https://www.linkedin.com/in/meike-fischer-952406125","2024-08-03 15:29:16 UTC","","Oh dankeschön liebe Meike! Long time no see, wie geht's?","INBOX","","No"
"2-MzQ4MTUxYTAtOWZjNS00MGVjLThhYWYtYTY3OWQ5OTU5YzY0XzAxMw==","","Meike Fischer","https://www.linkedin.com/in/meike-fischer-952406125","Robert Schäfer","https://www.linkedin.com/in/roschaefer","2024-07-30 05:58:25 UTC","","Herzlichen Glückwunsch zum Geburtstag!","INBOX","","No"
"2-MzYyMTdmM2MtYzJkMy00ZDEwLThhNzMtMGIxMWMyYTYyOTNjXzEwMA==","Dienstleistungsangebot: Sie digitalisieren – aber skaliert auch ihr Vertrieb?","Marius Fahrenholz","https://www.linkedin.com/in/marius-fahrenholz-67549a12a","Robert Schäfer","https://www.linkedin.com/in/roschaefer","2025-06-06 11:57:57 UTC","Dienstleistungsangebot: Sie digitalisieren – aber skaliert auch ihr Vertrieb?","Hallo Robert,

viele Digitalisierungsdienstleister und Tech-Teams sind hervorragend darin, Prozesse zu analysieren, Softwarelösungen zu entwickeln oder Kunden durch die digitale Transformation zu begleiten.

Doch wenn wir ehrlich sind: der eigene Vertrieb läuft oft ""nebenbei"" – ohne System, ohne Transparenz, ohne echte Steuerbarkeit.

Gerade jetzt – in einer Zeit mit AI, No-Code-Tools, Marktverdrängung und budgetsensiblen Kunden – braucht es mehr als gute Delivery. Es braucht eine vertriebliche Engine, die:

* Leads aktiv & qualifiziert anspricht
* Mitarbeitende gezielt in die Akquise einbindet
* die Pipeline lückenlos steuert
* und Umsatzwachstum plan- und steuerbar macht

Mit leadforce entwickeln wir dieses System für Sie – nicht theoretisch, sondern direkt in Ihrem CRM, mit relevanten Teammitgliedern und entsprechend Ihrer operativen Realität.

Das alles ist in 6 Wochen möglich, praxisnah & messbar. Und das Beste: Wir müssen es nicht neu erfinden. Wir bringen ein Baukastensystem aus 10+ Jahren B2B-Sales-Erfahrung mit.

Wenn Sie wissen wollen, wie das für Ihr Unternehmen aussehen könnte, freue ich mich auf einen kurzen, unverbindlichen Austausch.

Beste Grüße und ein schönes Wochenende!
Marius Fahrenholz
___________

Marius Fahrenholz
Mit systematischer Lead-Verwertung mehr Umsatz pro Woche | Sales Playbooks für B2B-Vertriebsteams | Leitfäden per Baukastensystem | Schnelle, schlanke & preiswerte Umsetzungsunterstützung in 6 Wochen | Company Builder","INBOX","","No"
"2-OTk5ODM0NGYtMThiNC00NTYyLTk3YmMtODI2OGM3YmQwZmYxXzEwMA==","Web Entwickler","Murat A.","https://www.linkedin.com/in/aslandag","Robert Schäfer","https://www.linkedin.com/in/roschaefer","2025-03-06 13:38:39 UTC","Web Entwickler","Hi Robert,

ich bin Murat von SEDIWORK. Wir suchen gerade Webentwickler, um unser Team zu erweitern. Ich habe deinen Open to Work Batch gesehen und denke, dass du schon Erfahrung in Webtechnologien hast. Deswegen dachte ich wir sollten uns kennenlernen.

Vorab schon mal ein kurzes Intro: Wir haben eine webapp gebaut, die Krankenhäuser intern für die ärztliche Personalplanung nutzen. Als nächstes wollen wir eine Lösung für Krankenhausunternehmen bauen, die deutschlandweit aktiv sind und eine Lösung für regionale Hospital Steering Hubs. Damit werden wir einen sehr wichtigen Beitrag für qualitativ hochwertige und bezahlbare Medizin leisten. Genau dafür suchen wir partner in crime.

Falls du Lust hast bei einem purpose driven Startup zu starten, dass VC Backed und staatlich gefördert wird, meld dich gerne bei mir und wir telefonieren mal - ich würde mich jedenfalls freuen.

Beste Grüße aus Leipzig

Murat
Co-Founder","INBOX","","No"
"2-YjdkMDE1NDEtMWIxZS00MzY1LTlmZGItOTk1MzBlZDAyYWM2XzEwMA==","Looking for Remote ROR: Frontend Engineer","Charmaine Tan-Holman","https://www.linkedin.com/in/charmaineholman","Robert Schäfer","https://www.linkedin.com/in/roschaefer","2025-02-21 05:45:42 UTC","Looking for Remote ROR: Frontend Engineer","Hi Robert

How are you? Trust you are well! Charmaine from Hyphen Partners here, a technology recruiter based in SG.

Please pardon my proactive approach but I am currently looking for a Remote Ruby on Rails Engineer for my client - the company is at the forefront of conversational AI after acquiring 5ML users in the past 6 months and is now looking to expand its engineering team to shape the future of AI-powered experiences.

Ideally, someone experience in ROR and ( hotwire, stimulus or turbo )

Do let me know if you are open for me to share more details or know of someone who might be suitable for this :)


Looking forward to hearing from you.
Cheers

Charmaine Tan-Holman
Connecting the best talent with the most progressive firms | charmaine@hyphen-partners.com","INBOX","","No"
"2-N2FkZjgxZWUtZjRjZC00N2EzLWE3YjMtYmY4ODE2ZjBkYzk5XzAxMA==","","Robert Schäfer","https://www.linkedin.com/in/roschaefer","Linus Hagemann","https://www.linkedin.com/in/linus-hagemann","2024-12-12 17:38:38 UTC","","👍","INBOX","","No"
"2-N2FkZjgxZWUtZjRjZC00N2EzLWE3YjMtYmY4ODE2ZjBkYzk5XzAxMA==","","Linus Hagemann","https://www.linkedin.com/in/linus-hagemann","Robert Schäfer","https://www.linkedin.com/in/roschaefer","2024-12-12 12:00:23 UTC","","Ja! Freue mich schon sehr! Till und Theresa sind auch da! :)","INBOX","","No"
"2-N2FkZjgxZWUtZjRjZC00N2EzLWE3YjMtYmY4ODE2ZjBkYzk5XzAxMA==","","Robert Schäfer","https://www.linkedin.com/in/roschaefer","Linus Hagemann","https://www.linkedin.com/in/linus-hagemann","2024-12-11 23:00:21 UTC","","Na? Sehen wir uns auf dem CCC in Hamburg?","INBOX","","No"
"2-NTYyZTAzNTQtY2JlMy00NDc3LTgwODEtNDBlMWMyOWEyNjE5XzAxMw==","","Klaus Schöppler","https://www.linkedin.com/in/klaus-schoeppler","Robert Schäfer","https://www.linkedin.com/in/roschaefer","2024-12-12 13:44:10 UTC","gebucht werden über CoCo","Hallo Robert,

ich bin Klaus, Co-Founder von The Colorful Company (CoCo).
Unsere Plattform steht für eine schnelle, unkomplizierte Vermittlung von Freelancern und ist vor einem Monat live gegangen. 
Aktuell sind wir noch auf der Suche nach qualifizierten Freelancer in den Bereichen Fullstack-, Frontend- und Backend-Development. Ich habe auf deinem Profil gesehen, dass du in diesen Bereichen Tätig bist, daher würde ich mich sehr freuen, dich und deine Arbeit bei einem zu einem kurzen Videocall kennenzulernen. 

Vorteile von CoCo:

•	Garantiertes Honorar: Sicher und automatisch nach Projektabschluss.
•	Automatisierte Abrechnung: Unser System Stellt die Rechnung selbst und kümmert sich um die Abwicklung
•	Maximale Sicherheit: Projekte sind bis zu 1,5 Mio. € abgesichert.
•	Kostenloses Profil: keine Plattformgebühren

Anbei findest du eine PDF mit weiteren Details. 
Falls sich das für dich spannend anhört melde dich sehr gerne mit 3 möglichen Terminen für ein Kennenlernen.
Ich freue mich auf deine Nachricht

Viele Grüße 
Klaus  Co-Founder | The Colorful Company


Klaus Schöppler","INBOX","https://www.linkedin.com/dms/prv/vid/v2/D4D06AQGzW7kHceeVIw/messaging-attachmentFile/messaging-attachmentFile/0/1734011006601?m=AQIb-vZ4rE_LNQAAAaA2BetqMmdIwox43-XcM6-L9Xyrdb1cg63DHSAm9Q&ne=1&v=beta&t=M5N665TtMOy-aE2Z6VM6T5MZAhO6hNUI_QymJpTrq5M","No"
"2-NWQzOGM0NTgtMjc4MS00YWQ4LTg4MDUtMjQ0NjhlZDkyYTU5XzAxMg==","Bereit für ein neues Jahr voller Veränderung","LinkedIn Member","","Robert Schäfer","https://www.linkedin.com/in/roschaefer","2024-12-10 17:03:56 UTC","Bereit für ein neues Jahr voller Veränderung","Hallo Robert,

ich möchte dich nicht lange aufhalten und frage daher direkt: Bist du aktuell offen für neue berufliche Möglichkeiten oder bist du mit deiner aktuellen Position voll zufrieden?
 
Zurzeit arbeite ich mit mehreren Kunden & Partner-Unternehmen im Raum Köln-Bonn zusammen, die auf der Suche nach talentierten Entwicklern wie dir sind.
 
Ich freue mich auf deine Rückmeldung.
 
Mit besten Grüßen

Daniel Prütz
Recruitment Consultant bei Majori GmbH","INBOX","","No"
"2-OGNiMTAxYWMtOWMwMy00ZWY5LTk3N2EtM2Y5OWVlNmU4YzY0XzAxMw==","Senior Frontend Entwickler in Nordrhein-Westfalen","Kevin Doyle","https://www.linkedin.com/in/kevin-doyle-27648519b","Robert Schäfer","https://www.linkedin.com/in/roschaefer","2024-11-06 13:46:33 UTC","Senior Frontend Entwickler in Nordrhein-Westfalen","OK, das ist kein Problem. Wenn Sie jemanden in Ihrem Netzwerk kennen, der an dieser Aufgabe interessiert sein könnte, lassen Sie es mich bitte wissen.","INBOX","","No"
"2-OGNiMTAxYWMtOWMwMy00ZWY5LTk3N2EtM2Y5OWVlNmU4YzY0XzAxMw==","Senior Frontend Entwickler in Nordrhein-Westfalen","Robert Schäfer","https://www.linkedin.com/in/roschaefer","Kevin Doyle","https://www.linkedin.com/in/kevin-doyle-27648519b","2024-11-06 09:39:37 UTC","Senior Frontend Entwickler in Nordrhein-Westfalen","Nein","INBOX","","No"
"2-OGNiMTAxYWMtOWMwMy00ZWY5LTk3N2EtM2Y5OWVlNmU4YzY0XzAxMw==","Senior Frontend Entwickler in Nordrhein-Westfalen","Kevin Doyle","https://www.linkedin.com/in/kevin-doyle-27648519b","Robert Schäfer","https://www.linkedin.com/in/roschaefer","2024-11-06 08:25:14 UTC","Senior Frontend Entwickler in Nordrhein-Westfalen","Hallo Robert,

Diese Stelle kann nicht als Freiberufler besetzt werden. Wären Sie daran interessiert, dass diese Stelle als Festangestellter besetzt wird?

Mit freundlichen Grüßen,
Kevin","INBOX","","No"
"2-OGNiMTAxYWMtOWMwMy00ZWY5LTk3N2EtM2Y5OWVlNmU4YzY0XzAxMw==","Senior Frontend Entwickler in Nordrhein-Westfalen","Robert Schäfer","https://www.linkedin.com/in/roschaefer","Kevin Doyle","https://www.linkedin.com/in/kevin-doyle-27648519b","2024-11-05 21:25:18 UTC","Senior Frontend Entwickler in Nordrhein-Westfalen","Hallo Kevin, ich arbeite remote und selbständig. Ist das in Ordnung? Der Technologie-stack passt","INBOX","","No"
"2-OGNiMTAxYWMtOWMwMy00ZWY5LTk3N2EtM2Y5OWVlNmU4YzY0XzAxMw==","Senior Frontend Entwickler in Nordrhein-Westfalen","Kevin Doyle","https://www.linkedin.com/in/kevin-doyle-27648519b","Robert Schäfer","https://www.linkedin.com/in/roschaefer","2024-11-05 10:22:59 UTC","Senior Frontend Entwickler in Nordrhein-Westfalen","Hallo Robert,
 
Grüße au Berlin. Derzeit arbeite ich an einer spannenden Position für einen Senior Frontend Entwickler, für die Sie perfekt geeignet sein könnten!

Grüße aus Berlin. Ich arbeite gerade an einer spannenden Position für einen Senior Frontend Entwickler, für die Sie perfekt sein könnten!

Mein Kunde ist ein Finanzdienstleistungsunternehmen mit einer starken nationalen Präsenz, dessen Hauptsitz sich in Nordrhein-Westfalen befindet.

Anforderungen:
Erfahrung mit JavaScript, Vue.js, Nest.js und GraphQL
Erfahrung in agilen Umgebungen

Position: Senior Frontend Entwickler (m/w/d)
Gehalt: €70.000-€80.000*
Standort: Im Raum Essen

Ich denke, Ihr Profil könnte für meinen Kunden sehr spannend sein! Möchten Sie sich mit mir telefonisch in Verbindung setzen?
 
Mit freundlichen Grüßen,

Kevin Doyle
Glocomms DACH","INBOX","","No"
"2-OTQ3ZTYxMGUtNzExYy00NjU4LTk0OGItYmU5NTMyOGUyNGU3XzAxMg==","Hey Robert, ein Kaffee gefällig?","Tunay Tursun","https://www.linkedin.com/in/tunay-tursun-839a92253","Robert Schäfer","https://www.linkedin.com/in/roschaefer","2024-11-06 10:15:27 UTC","Hey Robert, ein Kaffee gefällig?","Hey Robert, 

ich bin bei uns nur für die Festanstellungen zuständig - gerne leiter ich das weiter an die Kollegen vom Contract. Schick mir gerne deinen aktuellen CV, dann meldet sich der Fynn nochmal bei dir.

Beste Grüße
Tunay Tursun","INBOX","","No"
"2-OTQ3ZTYxMGUtNzExYy00NjU4LTk0OGItYmU5NTMyOGUyNGU3XzAxMg==","Hey Robert, ein Kaffee gefällig?","Robert Schäfer","https://www.linkedin.com/in/roschaefer","Tunay Tursun","https://www.linkedin.com/in/tunay-tursun-839a92253","2024-11-06 09:41:41 UTC","Hey Robert, ein Kaffee gefällig?","Hallo Tunay, ich arbeite remote und selbständig. Ist das OK für das Unternehmen?","INBOX","","No"
"2-OTQ3ZTYxMGUtNzExYy00NjU4LTk0OGItYmU5NTMyOGUyNGU3XzAxMg==","Hey Robert, ein Kaffee gefällig?","Tunay Tursun","https://www.linkedin.com/in/tunay-tursun-839a92253","Robert Schäfer","https://www.linkedin.com/in/roschaefer","2024-11-04 16:26:50 UTC","Hey Robert, ein Kaffee gefällig?","Hi Robert,
 
mein Name ist Tunay ich bin 26 Jahre alt und ich komme aus Neuss. Mitleidsbekundungen gerne an ttursun@spilberg.de.
 
Zum Thema: Wir sprechen jeden Tag mit verschieden Unternehmen in der Welt der IT (egal, ob Agenturen, Beratungshäuser oder Großunternehmen). Hierbei fokussieren wir uns auf einen sogenannten Triple-Niche-Fokus, dieser setzt sich aus dem Standort, der Einstellungsart und dem Tech Stack zusammen.  Für eines dieser Unternehmen bin ich gerade auf der Suche nach dem Perfect Match und dabei bin ich auf dein Profil gestoßen. 😊
 
Deine bisherigen Erfahrungen und Fähigkeiten wecken mein Interesse angesichts der Anforderungen einiger deutschsprachiger Positionen, die ich gerade zu besetzen habe. Es scheint, als hättest du die erforderlichen Fähigkeiten im Gepäck. 😊 Ich wäre sehr daran interessiert, mehr über dein Skillset und die Person hinter diesen Fähigkeiten zu erfahren – gerne in einem Telefonat oder über Teams. Im Zweifelsfall haben wir einen spannenden Austausch über aktuelle Markttrends.
 
Hast du Lust darauf? Wenn ja, würde ich mich freuen, wenn du mir deine Kontaktdaten – ob per E-Mail oder Telefon – zukommen lässt und idealerweise auch deinen aktuellen Lebenslauf. 😊

Tunay Tursun
Research Consultant Webdevelopment & Testing @ Spilberg IT Dev Careers","INBOX","","No"
"2-NGYwYTJkYjItOGM5OS00NmQ3LTg4MzItYTc0NzFkNDE4NjI0XzAxMg==","Keine 404-Errors - nur neue Perspektiven in der Softwareentwicklung","Robert Schäfer","https://www.linkedin.com/in/roschaefer","Tim Bauer","https://www.linkedin.com/in/tim-bauer-42a732216","2024-11-06 09:43:21 UTC","Noch keine 'React'ion – Lass uns das ändern!","Hallo Tim, ich arbeite remote und selbständig. Ist das OK?","INBOX","","No"
"2-NGYwYTJkYjItOGM5OS00NmQ3LTg4MzItYTc0NzFkNDE4NjI0XzAxMg==","Keine 404-Errors - nur neue Perspektiven in der Softwareentwicklung","Tim Bauer","https://www.linkedin.com/in/tim-bauer-42a732216","Robert Schäfer","https://www.linkedin.com/in/roschaefer","2024-10-15 08:20:26 UTC","Noch keine 'React'ion – Lass uns das ändern!","Guten Tag  Robert, 

weiterhin bin ich an einem Austausch mit Dir über den Bereich Softwareentwicklung interessiert. 

Inwieweit ist dies für Dich aktuell von Interesse?


Liebe Grüße, bleib gesund und schönen Tag

Tim Bauer
Account Manager | Frontend-Entwicklung
--------------------------------------------
M: +49151 54511168
E: t.bauer@wematch.de","INBOX","","No"
"2-NGYwYTJkYjItOGM5OS00NmQ3LTg4MzItYTc0NzFkNDE4NjI0XzAxMg==","Keine 404-Errors - nur neue Perspektiven in der Softwareentwicklung","Tim Bauer","https://www.linkedin.com/in/tim-bauer-42a732216","Robert Schäfer","https://www.linkedin.com/in/roschaefer","2024-10-08 08:20:27 UTC","Keine 404-Errors - nur neue Perspektiven in der Softwareentwicklung","Guten Tag Robert,
Ich hoffe das 'Duzen' ist für dich in Ordnung  – ich finde das immer sympathischer :)

Deine Kenntnisse und Expertise im Bereich der Softwareentwicklung haben meine Aufmerksamkeit auf Dein Profil gelenkt.

- Was sind Deine beruflichen Vorstellungen für das Jahr 2024?

- Was ist Dir künftig bei einer neuen Herausforderung wichtig?

Durch meine Spezialisierung auf den Bereich der Frontend-Entwicklung kann ich Dich hinsichtlich möglicher neuer Herausforderungen und den damit verbundenen Perspektiven beraten, um Dich bei Deinem nächsten Karriereschritt unterstützen.

Ich freue mich darauf, von Dir zu hören, und danke Dir im Voraus für deine Zeit.

Liebe Grüße, bleib gesund und Dir einen schönen Tag.

Tim Bauer
Account Manager | Frontend-Entwicklung
--------------------------------------------
M: +49151 54511168
E: t.bauer@wematch.de","INBOX","","No"
"2-MjA3MzcxZjYtNTFlZS00YzU4LWIxODYtZDg4MDg1YzhlY2IxXzAxMA==","Senior Software Engineer Opportunity - Golang/Typescript","Robert Schäfer","https://www.linkedin.com/in/roschaefer","Peter Wedgeworth","https://www.linkedin.com/in/peter-wedgeworth-03a6a6193","2024-11-06 09:42:42 UTC","Senior Software Engineer Opportunity - Golang/Typescript","Hi, I'm working remotely and as a freelancer, is that Ok? ","INBOX","","No"
"2-MjA3MzcxZjYtNTFlZS00YzU4LWIxODYtZDg4MDg1YzhlY2IxXzAxMA==","Senior Software Engineer Opportunity - Golang/Typescript","Peter Wedgeworth","https://www.linkedin.com/in/peter-wedgeworth-03a6a6193","Robert Schäfer","https://www.linkedin.com/in/roschaefer","2024-10-15 15:09:28 UTC","Senior Software Engineer Opportunity - Golang/Typescript","Hey Robert, 

A new Infrastructure-as-Code Cloud Asset Management Platform is being launched, building upon the foundations of a popular open-source tool. This platform, named Cloud, will empower teams to manage and observe all their cloud assets effectively. It includes features for automatically importing and codifying non-IaC managed assets and detecting and resolving drifts to prevent service failures.

The company is actively seeking Senior FullStack Engineers for roles as individual contributors. These positions involve developing, testing, deploying, maintaining, and improving the Cloud platform. Ideal candidates should possess professional experience in building high-quality software at scale, with a Computer Science degree and experience in Infrastructure as Code being advantageous.

The work environment is hybrid, focusing on collaboration with senior engineers within small, lean, and self-organized teams.

Requirements:

Proficient in software development using TypeScript and Go, with experience in frontend development using Vue and testing frameworks like Vitest and Cypress.
Extensive hands-on experience in microservices architecture, containerization, Kubernetes, and cloud-native application development.
Skilled in utility-first CSS frameworks, including TailwindCSS.
Valued experience in developing accessible web applications and implementing browser-based test automation.
Strong background in responsive design with an in-depth understanding of web technologies, including the DOM, HTML, CSS, HTTP, REST, GraphQL, and WebSockets.

If you are interested in hearing more please forward an updated CV and we can arrange a call

Thanks

Peter Wedgeworth
Co-Founder At Velocity Tech","INBOX","","No"
"2-ODFkNzhkZTEtODk2OS00MTY5LTlhNWItOGY1OTNiMzhhYWNlXzAxMA==","Offen für ein Wechsel?","Georgios Tilak","https://www.linkedin.com/in/georgios-tilak-994611137","Robert Schäfer","https://www.linkedin.com/in/roschaefer","2024-09-30 08:50:30 UTC","Offen für ein Wechsel?","Hallo Robert,

ich hoffe, Sie haben einen guten Wochenstart und falle direkt mit der Tür ins Haus!

Mein Name ist Georgios Tilak und ich bin Business Director Information Technology bei FYTE.
Ich habe Ihre Erfahrung im Bereich PHP bemerkt.
Ihre Erfahrung in diesem Bereich prädestiniert Sie für eine spannende Position bei meinem Auftraggeber mit Sitz in mehreren Standorten bundesweit.
Es handelt sich um eine PHP Entwickler Position mit einem Gehaltsgefüge bis zu 73K und einem hohen Remote Anteil.

Gerne würde ich mich unverbindlich über die Position mit Ihnen austauschen oder alternativ in den perspektivischen Austausch mit Ihnen gehen- Netzwerken schadet nicht. So oder so freue ich mich über eine Antwort!

Beste Grüße

Georgios Tilak
Business Director Information Technology
georgios.tilak@fyte.com
0151-14436839","INBOX","","No"
"2-ZjQ5ZmZhZDMtOTRiNC00NGFmLTk1NjMtNTIxNzJhYTMxN2E3XzAxMw==","Entwickler mit node.js-Kenntnissen gesucht!","Robert Schäfer","https://www.linkedin.com/in/roschaefer","Mariafrancesca Antinucci","https://www.linkedin.com/in/mariafrancesca-antinucci-04aa52294","2024-09-22 09:54:38 UTC","Entwickler mit node.js-Kenntnissen gesucht!","Hallo Mariafrancesca, ich arbeite selbständig und remote, ist das OK für euch?","INBOX","","No"
"2-ZjQ5ZmZhZDMtOTRiNC00NGFmLTk1NjMtNTIxNzJhYTMxN2E3XzAxMw==","Entwickler mit node.js-Kenntnissen gesucht!","Mariafrancesca Antinucci","https://www.linkedin.com/in/mariafrancesca-antinucci-04aa52294","Robert Schäfer","https://www.linkedin.com/in/roschaefer","2024-09-17 07:18:15 UTC","Entwickler mit node.js-Kenntnissen gesucht!","Hallo Robert,

ich suche derzeit im Auftrag eines Auftraggebers in Köln nach einem Programmierer mit node.js-Kenntnissen und da du damit vertraut bist, wollte ich mein Glück nicht unversucht lassen!

Mein Klient bietet eine maßgeschneiderte Software-Lösung, die zur Automatisierung und Optimierung des Außenhandels dient. Gleichzeitig werden hier alle handelsrechtlichen Entwicklung berücksichtigt. Mit Ihrem Produkt konnten Sie sich einen beeindruckenden Kundenstamm aneignen.

Mein Klient bietet dir neben einem attraktiven Gehalt und einer attraktiven Home-Office-Regelung spannende Benefits, wie Hardware von höchster Qualität (MacBook und IPhone, auch zur privaten Nutzung) und einige spannende Möglichkeiten für deine persönliche und fachliche Entwicklung. Außerdem bekommst du ein auf dich zugeschnittenes Benefit-Paket nach deinen Wünschen!

Programmieren würdest du hier vorwiegend mit den JavaScript Frameworks node.js und REACT.

Könntest du dir das vorstellen und möchtest mehr erfahren?

Mariafrancesca Antinucci
Recruitment Consultant at Ardekay IT Recruitment","INBOX","","No"
"2-ZjQ5ZmZhZDMtOTRiNC00NGFmLTk1NjMtNTIxNzJhYTMxN2E3XzAxMw==","Entwickler mit node.js-Kenntnissen gesucht!","Robert Schäfer","https://www.linkedin.com/in/roschaefer","Mariafrancesca Antinucci","https://www.linkedin.com/in/mariafrancesca-antinucci-04aa52294","2024-09-22 09:53:57 UTC","","Hallo","INBOX","","Yes"
"2-ZGI4MmY3ZmItZDI4MC00ZWRkLTkzZjYtNzcwODM3YmFlYThkXzAxMg==","Connect Request","Robert Schäfer","https://www.linkedin.com/in/roschaefer","Débora  M.","https://www.linkedin.com/in/débora-m-980102229","2024-09-22 09:53:23 UTC","Connect Request","Guten Morgen, ich bin mit Typescript und NodeJS unterwegs. Wegen mir können wir uns gerne unterhalten ","INBOX","","No"
"2-ZGI4MmY3ZmItZDI4MC00ZWRkLTkzZjYtNzcwODM3YmFlYThkXzAxMg==","Connect Request","Débora  M.","https://www.linkedin.com/in/débora-m-980102229","Robert Schäfer","https://www.linkedin.com/in/roschaefer","2024-09-17 07:41:23 UTC","Connect Request","Guten Morgen Robert, vielen Dank für deine Rückmeldung. Wir sind auf jeden Fall mit Projektgeschäft unterwegs und 95% von meinen Kollegen arbeiten Remote. Wollen wir zeitnah telefonieren und uns Austauschen? Du bist mit Golang unterwegs richtig? 🤓","INBOX","","No"
"2-ZGI4MmY3ZmItZDI4MC00ZWRkLTkzZjYtNzcwODM3YmFlYThkXzAxMg==","Connect Request","Robert Schäfer","https://www.linkedin.com/in/roschaefer","Débora  M.","https://www.linkedin.com/in/débora-m-980102229","2024-09-16 21:15:22 UTC","Connect Request","Hallo Debora, ich arbeite selbstständig und remote. Ist das OK für euren Kunden? Lieben Gruß","INBOX","","No"
"2-ZGI4MmY3ZmItZDI4MC00ZWRkLTkzZjYtNzcwODM3YmFlYThkXzAxMg==","Connect Request","Débora  M.","https://www.linkedin.com/in/débora-m-980102229","Robert Schäfer","https://www.linkedin.com/in/roschaefer","2024-09-16 08:32:22 UTC","Connect Request","Hallo Robert,
 
ich hoffe es geht dir gut und du hast eine schöne Woche!
 
Ich bin auf dein Profil gestoßen und habe gesehen, dass du sehr gut zu unseren Kunden passen könntest! Hast du vielleicht Interesse mit mir über neue spannende Möglichkeiten im IT-Bereich zu sprechen? Wenn ja, freue ich mich auf dein Feedback und darauf, dich kennenzulernen!
 
Herzliche Grüße aus dem sonnigen Düsseldorf ☀️ 
Debby

Débora Mavignier Ramos
IT Corporate Recruiter The.NextGen GmbH

Mail: d.ramos@thenextgen.de
Tel: 01605842675","INBOX","","No"
"2-OTJkY2U5MGItNWJiNy00YzM3LTg4MGEtYzg1ZWM0OGJlMDVjXzAxMg==","Betreff: Spannende Gelegenheit in Köln – Lass uns austauschen!","Robert Schäfer","https://www.linkedin.com/in/roschaefer","Francesca Pollard","https://www.linkedin.com/in/francesca-pollard-004a12126","2024-09-16 21:14:20 UTC","Did you see my last email?","Hey Francesca, I'm freelancing on remote jobs. Is this OK for your client?","INBOX","","No"
"2-OTJkY2U5MGItNWJiNy00YzM3LTg4MGEtYzg1ZWM0OGJlMDVjXzAxMg==","Betreff: Spannende Gelegenheit in Köln – Lass uns austauschen!","Francesca Pollard","https://www.linkedin.com/in/francesca-pollard-004a12126","Robert Schäfer","https://www.linkedin.com/in/roschaefer","2024-09-13 15:06:07 UTC","Did you see my last email?","Hi Robert,

Ich wollte nur kurz nachfragen, ob du mein letztes Nachricht gesehen hast. Es wäre großartig, wenn wir uns über die spannende Gelegenheit austauschen könnten. Ich freue mich auf deine Rückmeldung!

Liebe Grüße,

Francesca Pollard
Principal Consultant DACH 🚀| DevOps & Cloud ☁️| Software Engineering💻 | Founder of Tequity Talks","INBOX","","No"
"2-OTJkY2U5MGItNWJiNy00YzM3LTg4MGEtYzg1ZWM0OGJlMDVjXzAxMg==","Betreff: Spannende Gelegenheit in Köln – Lass uns austauschen!","Francesca Pollard","https://www.linkedin.com/in/francesca-pollard-004a12126","Robert Schäfer","https://www.linkedin.com/in/roschaefer","2024-09-06 15:06:08 UTC","Betreff: Spannende Gelegenheit in Köln – Lass uns austauschen!","Hi Robert,

Ich hoffe, du hattest bisher eine großartige Woche! Bitte entschuldige, dass mein Deutsch nicht perfekt ist. Aus diesem Grund werde ich auf Englisch weitermachen.

I came across your profile on LinkedIn and was impressed by your background. I’d love to discuss an exciting opportunity that I believe aligns well with your experience.

Here’s a bit about the role:

* Hybrid working based in Cologne, with full flexibility
* An innovative startup focusing on web development and gaming projects
* Looking for expertise in TypeScript, HTMX, JavaScript, and Next.js within cloud environments
* Experience with Docker & Kubernetes is a plus, as well as a passion for learning new technologies

Do you want to join a team that values creative ideas, enjoys the development process, and promotes a healthy work-life balance?

If you're interested, would you be open to an introductory call to explore this role further? Please let me know a convenient time for you!

Mit freundlichen Grüßen,

Francesca Pollard
Principal Consultant DACH 🚀| DevOps & Cloud ☁️| Software Engineering💻 | Founder of Tequity Talks","INBOX","","No"
"2-ZjUxYTY4MGQtYTc2ZC00MjQwLTljNDQtOGU5OWRlMWNmYWQ3XzAxMA==","Exciting Backend Developer Position","Klaudja Marashi","https://www.linkedin.com/in/klaudja-marashi-77a0751ba","Robert Schäfer","https://www.linkedin.com/in/roschaefer","2024-09-04 12:56:25 UTC","Exciting Backend Developer Position","Hi Robert

I hope you are well. I have come across your profile as I am currently looking to speak with Backend Developer professionals on behalf of one of our clients with Video Streaming ad-insertion platform based in Germany. 
Our client is seeking an experienced developer who will help design and implement new streaming-related features with Node.js. Golang, CI/CD tools (Docker, Kubernetes, Terraform etc), MongoDB and Redis.
This is a full time, REMOTE role working on a permanent basis.

Very keen to have a chat and discuss this opportunity further in details.
Looking forward to hearing from you,

Kind Regards,

Klaudja Marashi
Recruitment Specialist","INBOX","","No"
"2-MmIzNzY3MmItYjRiNC00MzJjLWI3YTAtZWEwMjk0MjBkMzcxXzAxMw==","New role at Kpler for Robert - Interested?","Philip Beacom","https://www.linkedin.com/in/philip-beacom-04225615b","Robert Schäfer","https://www.linkedin.com/in/roschaefer","2024-09-03 17:22:33 UTC","New role at Kpler for Robert - Interested?","Hi Robert👋

I am looking for a Full Stack Engineer to join us here at Kpler and your profile caught my eye. Your experience is exactly what we are looking for, I think you could make a great impact and add value to our teams.

Who we are ✨
Kpler is a data and analytics company focused on the physical world: we track the global trade of commodities, the global shipping industry, and we provide expert analysis of physical commodities markets. Our data, which combines machine learning with human intelligence sources, helps our clients make important decisions. Our mission is to facilitate efficient and sustainable trade. 🔍

I'd love to learn more about what you're looking for in your next move and if what we can provide would be ideal for you 🙂

Take a closer look here:
https://jobs.lever.co/kpler/b05abf94-f286-478e-bbda-34ee7caffee1

Are you interested in having a chat over the next few days?

Thanks,

Philip Beacom
Global Talent Partner at Kpler (Via Scout) | Assoc. CIPD","INBOX","","No"
"2-YmE4ODA5NmQtZGZmMi00ZmI3LThiOTYtOWIzMGEyMzdiNTUyXzAxMA==","(Senior) Software Architect Backend (m/w/x) für Cloud Softwarehersteller - Hybrid (Homeoffice und Bochum)","Bärbel Saliger-Eckhardt","https://www.linkedin.com/in/bärbel-saliger-eckhardt","Robert Schäfer","https://www.linkedin.com/in/roschaefer","2024-08-30 14:13:11 UTC","(Senior) Software Architect Backend (m/w/x) für Cloud Softwarehersteller - Hybrid (Homeoffice und Bochum)","Hallo Robert Schäfer,

mein Name ist Bärbel Saliger-Eckhardt und ich suche derzeit für ein in Europa stark wachsendes B2B-SaaS- und On-Premise-Unternehmen einen engagierten (Senior) Software Architect Backend mit Dienstsitz in Bochum (attraktive Homeoffice-Option). Ihr Profil hat mich sofort angesprochen, und ich denke, Sie könnten perfekt zu dieser spannenden Position passen.

Ihre Mission:
* bei der Konzeption und Entwicklung der Softwarearchitektur der PIM-Plattform Product Cloud
* Mitwirkung und Mitgestaltung der Software Architektur, aktive Mitarbeit bei der Anforderungsanalyse, sowohl funktional, als auch nicht-funktional
* neuster Technologietrends und Evaluierung bzgl. Umsetzbarkeit
* von neuen, Erweiterung & Wartung von bestehenden Produktfeatures
* Zusammenarbeit mit anderen Entwicklern im Pair-Programming und Durchführung von Code Reviews
* mit hoher Eigenverantwortung und Selbstorganisation in agilen Teams

Gesucht wird ein (Senior) Software Architect Backend mit umfangreicher Erfahrung in Software- und Cloud-Architektur, Java-Entwicklung, und dem Java Spring Boot Framework. Idealerweise bringt der Kandidat Kenntnisse in GIT, SQL- und NoSQL-Datenbanken, Keycloak sowie Cloud-Technologien wie Kubernetes und Docker mit. 

Für diese Position bietet unser Kunde ein überzeugendes Gehaltspaket, flexible Arbeitszeiten und die Möglichkeit für mobiles Arbeiten.

Klingt das spannend? Dann schicken Sie uns Ihre aussagefähigen Unterlagen mit Ihren Gehaltsvorstellungen und/oder möglichen Zeitfenstern für ein Telefonat an: 
baerbel.saliger@vivicon.de

Schöne Grüße, Bärbel Saliger-Eckhardt

VIVICON GmbH 
Bärbel Saliger-Eckhardt
Senior Consultant 
baerbel.saliger@vivicon.de 
http://www.vivicon.de

Bärbel Saliger-Eckhardt
Senior Recruitment Consultant & Performance Recruiting Expertin bei VIVICON Personalberatung ▻ Jetzt zeitsparend Talente finden – wir bringen Fachkräfte & Top-Arbeitgeber zusammen. ✓ Executive Search ✓ Interimprojekte","INBOX","","No"
"2-YTA0MWM0NGEtOWJkNC00MmM2LTliMGMtNGRkNmU0MDBhZjZjXzAxMw==","","Michael Kutz","https://www.linkedin.com/in/micha-kutz","Robert Schäfer","https://www.linkedin.com/in/roschaefer","2024-08-23 09:09:01 UTC","","Ich hab's weitergeleitet. Danke für deine Mühen :)","INBOX","","No"
"2-YTA0MWM0NGEtOWJkNC00MmM2LTliMGMtNGRkNmU0MDBhZjZjXzAxMw==","","Robert Schäfer","https://www.linkedin.com/in/roschaefer","Michael Kutz","https://www.linkedin.com/in/micha-kutz","2024-08-23 08:54:31 UTC","","Mein Bruder meint, es würde reichen, wenn ich dir Bescheid sage? Deine Frau Nadine ist im Vorstand? Du bist leider der einzige Mensch von der Veranstaltung, außer meinem Bruder, von dem ich die Kontaktdaten habe.","INBOX","","No"
"2-YTA0MWM0NGEtOWJkNC00MmM2LTliMGMtNGRkNmU0MDBhZjZjXzAxMw==","","Robert Schäfer","https://www.linkedin.com/in/roschaefer","Michael Kutz","https://www.linkedin.com/in/micha-kutz","2024-08-23 08:52:18 UTC","","Liebe Martina und Claudia,

das ist ja super! Danke für eure Antwort. Ich werde die Nachricht genauso an die Organisatoren bei den Grünen in Siegburg weiterleiten, die werden sich sicher freuen.

Man könnte schon im Voraus Bescheid geben, da man den Ort, das Datum und die Menge des Essens kennt. Abends könnte man euch dann eine zweite Nachricht schicken, wie viel tatsächlich übrig geblieben ist.

Noch eine Idee zu den Telefonnummern: Signal und Threema funktionieren auch ohne Telefonnummern. Vielleicht wäre das eine Option? Bei Signal kann man zum Beispiel einen QR-Code erstellen, der sich zurücksetzen lässt, sodass der alte ungültig wird.

Vielen Dank euch beiden!

Robert

On 8/22/24 7:20 PM, Foodsharing Siegburg wrote:
> Hallo Robert,
>
> wir Botschafterinnen des Bezirks Siegburg haben uns bzgl. Deiner Anfrage beraten.
>
> Der momentan einzig machbare Weg Lebensmittel aus Veranstaltungen oder Caterings abzugeben, besteht darin eine von uns Botschafterinnen direkt zu kontaktieren.
>
> Hier unsere Kontaktdaten:
>
> Claudia Müller 📞0178-4588464
> Martina Müller 📞01578-5902010
>
> Wir sind dann in der Lage im konkreten Fall fast SOFORT Lebensmittelretter zu aktivieren, die abholen und auch weiterverteilen würden.
>
> Eine andere Möglichkeit der Kontaktaufnahme gibt es zur Zeit für nicht registrierte Foodsaver nicht.
>
> Du kannst unsere Nummern gern für die angesprochenen Zwecke weitergeben.
>
> Liebe Grüße aus Siegburg
>
> Martina und Claudia","INBOX","","No"
"2-YTA0MWM0NGEtOWJkNC00MmM2LTliMGMtNGRkNmU0MDBhZjZjXzAxMw==","","Robert Schäfer","https://www.linkedin.com/in/roschaefer","Michael Kutz","https://www.linkedin.com/in/micha-kutz","2024-08-23 08:51:41 UTC","","Liebe Foodsharing-Community,
 
auf eurer Website konnte ich leider nicht innerhalb von fünf Minuten herausfinden, ob und wie man zubereitetes Essen spenden kann. Es wäre großartig, wenn dieser Prozess unkompliziert und schnell zugänglich wäre.
 
Mein Vorschlag: Wie wäre es, wenn ihr auf der Startseite einen gut sichtbaren Button ""Jetzt Essen spenden"" einfügt? Dieser könnte zu einer Telefonnummer oder einer WhatsApp-Gruppe führen, über die man schnell und einfach Hilfe erhält.
 
Gestern war ich auf dem Sommerfest der Grünen in Siegburg. Dort gab es ein wunderbares Buffet mit vielen Speisen wie Obstsalat, grünem Salat, mariniertem Gemüse, Kartoffeln und sogar Fleisch. Trotz der Bitte, so viel wie möglich mitzunehmen, blieb noch eine Menge übrig. Ich befürchte, dass vieles davon nach unserem Weggang im Müll gelandet ist.
 
Als ich nachfragte, ob das Essen bei Foodsharing gespendet werden könnte, war unklar, ob und wie das mit zubereitetem Essen (wie von einem Buffet) funktioniert. Deshalb möchte ich hier anregen, einen einfachen Weg zur Kontaktaufnahme zu schaffen.
 
Auf eurer Website habe ich heute Informationen gefunden, dass zubereitetes Essen als ""Kühlware"" gilt (siehe: https://wiki.foodsharing.de/Hygieneregeln). Diese Informationen scheinen jedoch eher für Mitglieder als für potenzielle Spender gedacht zu sein.
 
Viele Grüße
Robert","INBOX","","No"
"2-YTA0MWM0NGEtOWJkNC00MmM2LTliMGMtNGRkNmU0MDBhZjZjXzAxMw==","","Robert Schäfer","https://www.linkedin.com/in/roschaefer","Michael Kutz","https://www.linkedin.com/in/micha-kutz","2024-08-23 08:50:56 UTC","","Hallo Michael, ich habe im Anschluss an das Sommerfest ein Feature-Request an foodsharing.de geschickt. Ich hab einen ""Jetzt Essen spenden""-Knopf auf der Startseite vorgschlagen. Von den Foodsharing Botschaftern aus Siegburg kam inzwischen eine Antwort:","INBOX","","No"
"2-YTA0MWM0NGEtOWJkNC00MmM2LTliMGMtNGRkNmU0MDBhZjZjXzAxMw==","","Robert Schäfer","https://www.linkedin.com/in/roschaefer","Michael Kutz","https://www.linkedin.com/in/micha-kutz","2024-08-20 15:38:25 UTC","","Jedes bisschen hilft 🙂","INBOX","","No"
"2-YTA0MWM0NGEtOWJkNC00MmM2LTliMGMtNGRkNmU0MDBhZjZjXzAxMw==","","Michael Kutz","https://www.linkedin.com/in/micha-kutz","Robert Schäfer","https://www.linkedin.com/in/roschaefer","2024-08-20 15:37:59 UTC","","Ich bin halt kein Platform-Engineer. Ich benutze das Zeug halt nur und mische mich gelegentlich ein bisschen ein, bin aber weit davon entfernt ein K8s-Experte zu sein.","INBOX","","No"
"2-YTA0MWM0NGEtOWJkNC00MmM2LTliMGMtNGRkNmU0MDBhZjZjXzAxMw==","","Robert Schäfer","https://www.linkedin.com/in/roschaefer","Michael Kutz","https://www.linkedin.com/in/micha-kutz","2024-08-20 15:35:56 UTC","","Ich habe einfach keine Langzeit Erfahrungen. 😕","INBOX","","No"
"2-YTA0MWM0NGEtOWJkNC00MmM2LTliMGMtNGRkNmU0MDBhZjZjXzAxMw==","","Michael Kutz","https://www.linkedin.com/in/micha-kutz","Robert Schäfer","https://www.linkedin.com/in/roschaefer","2024-08-20 15:34:26 UTC","","Das war aber auch nicht immer so. Ich würde nicht sagen, dass die GCP alle K8s-Probleme löst.","INBOX","","No"
"2-YTA0MWM0NGEtOWJkNC00MmM2LTliMGMtNGRkNmU0MDBhZjZjXzAxMw==","","Michael Kutz","https://www.linkedin.com/in/micha-kutz","Robert Schäfer","https://www.linkedin.com/in/roschaefer","2024-08-20 15:33:31 UTC","","Naja, wir haben schon zwei Teams, die sich aktiv und kontinuierlich Gedanken machen, wie wir das ganze benutzen sollten und die auch Self-Services schreiben, um das ganze für die Entwicklungsteams einfach und handhabbar zu halten... Aber im Großen und Ganzen haben wir wenig Probleme mit der Lösung.","INBOX","","No"
"2-YTA0MWM0NGEtOWJkNC00MmM2LTliMGMtNGRkNmU0MDBhZjZjXzAxMw==","","Robert Schäfer","https://www.linkedin.com/in/roschaefer","Michael Kutz","https://www.linkedin.com/in/micha-kutz","2024-08-20 15:31:23 UTC","","Danke! Das ist interessant. Ihr nutzt dann wohl managed kubernetes von Google? Ich prüfe mal, ob das preislich eine Alternative sein kann, wenn wir mit Hetzner Probleme bekommen. Daraus schließe ich, dass  ihr euch nicht so viele Sorgen machen müsst, was Kubernetes unter der Haube angeht. Danke für die Info 🙂","INBOX","","No"
"2-YTA0MWM0NGEtOWJkNC00MmM2LTliMGMtNGRkNmU0MDBhZjZjXzAxMw==","","Michael Kutz","https://www.linkedin.com/in/micha-kutz","Robert Schäfer","https://www.linkedin.com/in/roschaefer","2024-08-20 15:12:32 UTC","","Wir nutzen die Google Cloud Platform, aber interagieren damit quasi nur per Kubernetes. Mittlerweile haben wir ArgoCD und eine eigene Abstraktion dazwischen.
Was unter der Haube von unseren Plattformen gemacht wird, kann ich im Detail nicht sagen, aber Pod Disruption Budgets waren auf jeden Fall ein wichtiger Schritt bei uns.","INBOX","","No"
"2-YTA0MWM0NGEtOWJkNC00MmM2LTliMGMtNGRkNmU0MDBhZjZjXzAxMw==","","Robert Schäfer","https://www.linkedin.com/in/roschaefer","Michael Kutz","https://www.linkedin.com/in/micha-kutz","2024-08-20 14:38:19 UTC","","Hallo Michael,

kannst du dich noch an unser Gespräch vom Sonntag erinnern?

Ich hatte gerade ein Treffen mit jemandem, der von seinen schlechten Erfahrungen mit Kubernetes erzählt hat, besonders bei einem selbstgebauten K3S mit Terraform bei Hetzner. Genau dieses Setup nutzen wir auch. 🙂

Wo läuft euer Kubernetes? Nutzt REWE eine eigene Infrastruktur oder setzt ihr auf einen Dienstleister?

In dem Gespräch wurden vor allem folgende Probleme angesprochen:

* Speicher: Pods haben unerwartet die Verbindung zu Volumes verloren, und zwar bei der Nutzung von Ceph oder Longhorn.
* Schlechte Leistung: Zum Beispiel haben sich vSwitches unerwartet verhalten.
* Schlechter Support: Nur von 8:00 bis 18:00 Uhr verfügbar, danach hat man Pech.

Das Gespräch entwickelte sich später in Richtung Verkaufsgespräch, weil derjenige seine eigene IT-Infrastruktur anbietet und uns als potenzielle Kunden sieht. Deshalb wollte ich mal Leute fragen, die Kubernetes wirklich nutzen und keine IT-Infrastruktur verkaufen – wie du! 🙂

Einige von uns denken schon darüber nach, Kubernetes komplett aufzugeben. Welche positiven oder negativen Erfahrungen habt ihr damit gemacht?

Liebe Grüße
Robert","INBOX","","No"
"2-YTA0MWM0NGEtOWJkNC00MmM2LTliMGMtNGRkNmU0MDBhZjZjXzAxMw==","","Robert Schäfer","https://www.linkedin.com/in/roschaefer","Michael Kutz","https://www.linkedin.com/in/micha-kutz","2024-08-20 15:38:20 UTC","","Jedes bisschen hilft ","INBOX","","Yes"
"2-ZmRlODk4OWYtYjgxMS00YTdmLThmZDAtZGQ2NzM0MTJlYjNjXzAxMg==","Exciting Opportunity at Aitonomi for a Talented Full Stack Developer","Enida Mahmutović","https://www.linkedin.com/in/enida-mahmutović-9aa742241","Robert Schäfer","https://www.linkedin.com/in/roschaefer","2024-08-12 18:08:39 UTC","Exciting Opportunity at Aitonomi for a Talented Full Stack Developer","Hi Robert,

I recently came across your profile and was thoroughly impressed by your background and expertise as a Full Stack Developer. Your skills and experience seem like a perfect match for an exciting opportunity we have at Aitonomi [https://www.aitonomi.com/ [https://www.aitonomi.com/]], a trailblazing force in the world of robotics.

Imagine working in our buzzing Düsseldorf office, a veritable innovation playground where creativity knows no bounds and collaboration fuels our drive for excellence. Here, ideas leap from the drawing board into reality, and innovation is our daily bread.

As our Full Stack Developer, your role is pivotal in keeping our projects thriving and impactful. You'll collaborate with our international project team on thrilling global initiatives in fleet management with our autonomous vehicles. Your responsibilities will include developing, maintaining, and optimizing our cloud products and web applications. Additionally, you'll manage the rollout of new software components in customer projects, collaborate closely with product management on innovative concepts, and create and maintain specifications and documentation for the software you develop.
 
For more information about the job description, you can find it at this link: https://www.linkedin.com/jobs/view/3948165674

If this job description aligns with your skills and you're excited about a challenging environment, please do not hesitate to get in touch, and we can discuss this opportunity further. 😊
 
Warm regards,

Enida Mahmutović
Talent Acquisiton Specialist I Recruiting I HR I Sourcing I Hiring now!","INBOX","","No"
"2-MmViZDk5ZmEtYmM1Ny00MzExLWIxOTUtZTM0MDk1ZmE2YzE5XzAxMg==","Freelance - Fullstack Developer","Robert Schäfer","https://www.linkedin.com/in/roschaefer","Marvin Mills","https://www.linkedin.com/in/marvin-mills-2107781a2","2024-08-06 19:08:03 UTC","Freelance - Fullstack Developer","Hi Marvin, I'm a freelancer working remotely. Coincidentally, I'm in Cologne now but I'll leave Germany at the end of the year. What about remote work?","INBOX","","No"
"2-MmViZDk5ZmEtYmM1Ny00MzExLWIxOTUtZTM0MDk1ZmE2YzE5XzAxMg==","Freelance - Fullstack Developer","Marvin Mills","https://www.linkedin.com/in/marvin-mills-2107781a2","Robert Schäfer","https://www.linkedin.com/in/roschaefer","2024-08-05 11:31:30 UTC","Freelance - Fullstack Developer","Hello Robert,

We are seeking a Fullstack with expertise in React,Vuejs and Node.je.

Start Date: 15th August (Can be adjusted)
Duration: 6 Months (+ Extension)
Location: Germany, Cologne
Language: English \(German)
Utilization: 40 Hours a week

- Develop Applications: Design and maintain web and mobile applications for the bike leasing platform.

-Work with developers, designers, and product managers to create scalable solutions.

-Conduct code reviews, write tests, and ensure application performance.

-Design and optimize database schemas and queries.

-Develop and integrate APIs for seamless data flow.

-Identify and resolve technical issues promptly.

-Keep up with the latest industry trends and technologies.

Qualifications:

-Proficiency in HTML5, CSS3, JavaScript, React, or Vue.js.
-Experience with Node.js
-Knowledge of CI/CD Pipelines
-MySQL, PostgreSQL, MongoDB.
-Proficiency with Git.
-Familiarity with Scrum or Kanban.
-Strong analytical and troubleshooting skills.
-Excellent communication skills in English; German is a plus.

Does this sound interesting to you ? If so send me your CV ASAP and lets speak today.

Thanks

Marvin

Marvin Mills
Scaling JavaScript teams throughout Germany 🇩🇪, ensuring top talent finds its perfect match! -ＩVue and React positively to all things Tech.","INBOX","","No"
"2-ZmE3NzRlZDQtNjk3ZS00MDY3LWJjNjQtZDUxOTk1MGE4ZDA3XzAxMg==","Robert, take your career further with us","Hima Vinaya","https://www.linkedin.com/in/hima-vinaya-6bb388227","Robert Schäfer","https://www.linkedin.com/in/roschaefer","2024-08-05 07:41:56 UTC","Robert, take your career further with us","No Problem, Thanks for letting me know.","INBOX","","No"
"2-ZmE3NzRlZDQtNjk3ZS00MDY3LWJjNjQtZDUxOTk1MGE4ZDA3XzAxMg==","Robert, take your career further with us","Robert Schäfer","https://www.linkedin.com/in/roschaefer","Hima Vinaya","https://www.linkedin.com/in/hima-vinaya-6bb388227","2024-08-03 15:31:49 UTC","Robert, take your career further with us","I'm sorry, I work 100% remotely","INBOX","","No"
"2-ZmE3NzRlZDQtNjk3ZS00MDY3LWJjNjQtZDUxOTk1MGE4ZDA3XzAxMg==","Robert, take your career further with us","Hima Vinaya","https://www.linkedin.com/in/hima-vinaya-6bb388227","Robert Schäfer","https://www.linkedin.com/in/roschaefer","2024-07-29 09:16:07 UTC","Robert, take your career further with us","Hi Robert,

I would like to add you to our professional Linked-In Network to unwrap a Contract Employment Opportunity For Application Development in Hamburg, Germany (Hybrid)

Note : It is a 2/3 days a week onsite (Hybrid)

If interested do share your updated CV on LinkedIn

Thanks
Hima

Thanks & Regards,
Hima Vinaya- Senior IT Recruiter - UK & Europe 
Silverlink Technologies - Regus Business Centre, 79 College Road, 
Harrow , London ,","INBOX","","No"
"2-YmFjNjA0MWUtOGU5ZS00ZmY5LTkwOWUtZDBiZDI3ZjE2MTk2XzAxMg==","New Job Opportunity based in Germany and France.","Robert Schäfer","https://www.linkedin.com/in/roschaefer","Amit D.","https://www.linkedin.com/in/imamit07","2024-08-03 15:31:15 UTC","New Job Opportunity based in Germany and France.","Hi Amit, I'm a 100% remote freelancer. Am I still a fit?","INBOX","","No"
"2-YmFjNjA0MWUtOGU5ZS00ZmY5LTkwOWUtZDBiZDI3ZjE2MTk2XzAxMg==","New Job Opportunity based in Germany and France.","Amit D.","https://www.linkedin.com/in/imamit07","Robert Schäfer","https://www.linkedin.com/in/roschaefer","2024-07-26 08:43:55 UTC","New Job Opportunity based in Germany and France.","Hello Robert,

Greetings from Silverlink Technologies!

I hope you are doing great!

We are looking for an ""Application Development Engineer/Consultant"" for an opportunity based in Hamburg, Germany, and Toulouse, France.

Kindly inform me of your interest. If you want to learn more about this opportunity, do let me know so that I can help you with the job specs and project details.

In the meantime, you can share your updated CV with your contact details here or email me with your availability for a quick call to discuss more about this opportunity.

I wish you a great day ahead.

[PS: Your prompt response on this inmail would be highly appreciated 😊 ]

Thanks & Regards,
Amit Das - Lead UK & EU IT Recruiter
Tel- UK: +44 20 8150 6701 / Poland: +48 221 036 385 | Email- amit@silverlinktechnologies.com","INBOX","","No"
"2-YWE4M2Y2MDgtMmRmMS00NTJmLTlkMzItYzhmOTRjY2RlYTFiXzAxMg==","","Robert Schäfer","https://www.linkedin.com/in/roschaefer","Dietmar Meister","https://www.linkedin.com/in/dietmar-meister-a0027444","2024-08-03 15:28:48 UTC","","Habe dir per Mail geantwortet!","INBOX","","No"
"2-YWE4M2Y2MDgtMmRmMS00NTJmLTlkMzItYzhmOTRjY2RlYTFiXzAxMg==","","Dietmar Meister","https://www.linkedin.com/in/dietmar-meister-a0027444","Robert Schäfer","https://www.linkedin.com/in/roschaefer","2024-07-31 06:05:08 UTC","","Hallo Robert, habe dir gerade ne email an linkedin@roschaefer.de geschickt. Bin gespannt, ob dich der Job anspricht.
Gruß
Dietmar","INBOX","","No"
"2-MDM5OWNlYWUtNDg0ZC00NjIwLTkwMjItYThhNGJlOTg4ODJmXzAxMw==","Logistics tech - Germany - Senior Fullstack Developer","Robert Schäfer","https://www.linkedin.com/in/roschaefer","Ben Forsyth","https://www.linkedin.com/in/ben-forsyth-b6450a87","2024-06-26 19:39:33 UTC","Logistics tech - Germany - Senior Fullstack Developer","Hey Ben, I'm a freelancer and in September/October I will be fully remote. Is that OK for your friends?","INBOX","","No"
"2-MDM5OWNlYWUtNDg0ZC00NjIwLTkwMjItYThhNGJlOTg4ODJmXzAxMw==","Logistics tech - Germany - Senior Fullstack Developer","Ben Forsyth","https://www.linkedin.com/in/ben-forsyth-b6450a87","Robert Schäfer","https://www.linkedin.com/in/roschaefer","2024-06-26 17:24:52 UTC","Logistics tech - Germany - Senior Fullstack Developer","Hi Robert,

Trust all is well. 

I'm reaching out to yourself as I'm currently working on a Senior Fullstack role for a innovative Logistics technology business in Germany who are revolutionizing the industry with their modern applications and business model.

There is huge room for growth either as an IC or within leadership, you will develop both the frontend and backend, deploy own infrastructure through code, product planning and technical planning discussions and support/grow others within the team. 

They are using React.js, Node.js, AWS, Typescript, Serverless, relational databases mainly.

Keen to discuss further with you, what would be the best time and number to reach you ?

Best Regards,
Ben

Ben Forsyth
Managing Consultant | Scaling Cloud teams across Germany ☁💻","INBOX","","No"
"2-NGQxMjBjODAtY2FmOC00MTE1LWFkMTYtYWJjMWMyMmRhZWNkXzAxMg==","Grüße dich Robert","Tunay Tursun","https://www.linkedin.com/in/tunay-tursun-839a92253","Robert Schäfer","https://www.linkedin.com/in/roschaefer","2024-06-24 14:06:01 UTC","Grüße dich Robert","Hey Robert,
danke für deine Nachricht! (Ich weiß, dass Symfony ein PHP Framework ist:D). Du bist wahrscheinlich reingerutscht, weil du PHP bei den Kenntnissen angegeben hast.
Wir haben auch sehr interessante Frontendstellen mit vue/react und Angular. Wenn du magst, lass uns gerne mal diesbezüglich austauschen!

LG
Tunay","INBOX","","No"
"2-NGQxMjBjODAtY2FmOC00MTE1LWFkMTYtYWJjMWMyMmRhZWNkXzAxMg==","Grüße dich Robert","Robert Schäfer","https://www.linkedin.com/in/roschaefer","Tunay Tursun","https://www.linkedin.com/in/tunay-tursun-839a92253","2024-06-24 14:00:34 UTC","Freundliche Erinnerung :)","Hallo Tunay, Symfony ist ein PHP-Framework, ich dürfte aber für deinen Kunden gar nicht so gut passen, weil ich nicht mit PHP arbeiten möchte. 🙂","INBOX","","No"
"2-NGQxMjBjODAtY2FmOC00MTE1LWFkMTYtYWJjMWMyMmRhZWNkXzAxMg==","Grüße dich Robert","Tunay Tursun","https://www.linkedin.com/in/tunay-tursun-839a92253","Robert Schäfer","https://www.linkedin.com/in/roschaefer","2024-06-24 12:47:53 UTC","Freundliche Erinnerung :)","Grüß dich Robert,

wahrscheinlich ist meine Nachricht untergegangen, daher wollte ich mich nochmal melden und nachfragen, ob du eventuell an einem Karrierewechsel interessiert bist.

Für einen unserer Partner suchen wir nämlich Kandidaten, die einen gewisses Techstack mitbringen, wie du es tust.

Ich würde gerne mal detaillierter mit dir darüber reden und unsere Chancen besprechen. Klingt das interessant?

Ich freue mich darauf, von dir zu hören.
Liebe Grüße

Tunay Tursun
Research Consultant Webdevelopment & Testing @ Spilberg IT Dev Careers","INBOX","","No"
"2-NGQxMjBjODAtY2FmOC00MTE1LWFkMTYtYWJjMWMyMmRhZWNkXzAxMg==","Grüße dich Robert","Tunay Tursun","https://www.linkedin.com/in/tunay-tursun-839a92253","Robert Schäfer","https://www.linkedin.com/in/roschaefer","2024-06-17 12:47:54 UTC","Grüße dich Robert","Hallo Robert,

vorneweg: Ich weiß dass Symfony keine Komposition von Mozart sein muss.(hehehe)

Ich möchte auch nicht direkt mit einem Angebot um die Ecke kommen ohne dich zu kennen, vielmehr bin ich an einer langfristigen Beziehung interessiert.

Daher lade ich dich herzlich zu einem allgemeinen Austausch über dich, deine Erfahrungen und den Markt allgemein ein. Mein Fokus liegt da in der Webentwicklung mit unterschiedlichen Technologien.

Trinkst du die virtuelle Tasse Kaffee lieber am Telefon oder direkt per Teams?

Ich freue mich auf eine Antwort, liebe Grüße
Tunay

Tunay Tursun
Research Consultant Webdevelopment & Testing @ Spilberg IT Dev Careers","INBOX","","No"
"2-OGI2MDI5MGItMDQ5ZS00ZGE0LThjZjAtOTJjNzdjYjlkNWY4XzAxMg==","Lead Full Stack Developer - (Hybrid/Remote)","Simon Richardson  ","https://www.linkedin.com/in/simonrichardson4","Robert Schäfer","https://www.linkedin.com/in/roschaefer","2024-06-17 13:53:39 UTC","Lead Full Stack Developer - (Hybrid/Remote)","Hey Robert,

I am reaching you today on behalf of my German based client currently on a mission to redefine the last mile.

The vision transcends parcel logistics. Striving to save users time, reduce emissions, ease traffic in the last mile, and connect local retail & residents 24/7. It's about creating connections ""adapted to all,"" something that's been missing in the last mile - fostering shared paths and profits.

We're on the lookout for talents keen on being part of a sustainable solution for urban pick-up experiences.

In the Core Engineering Team, you will play a crucial role in launching our innovative products into the market.

As the Lead Engineer you'll spearhead the execution of our Engineering team, hands-on, leading a squad of talented engineers working with TypeScript, NodeJS, Python & Rust.

Join us in building not just a service, but a community where every interaction leads to a more connected and convenient urban life.

Could this be an opportunity of interest? If so, please share your CV & availability and we can book a first call.

Thanks,
Simon

Simon Richardson
Co-founder / Director  at Last Mile Talent","INBOX","","No"
"2-MTZmYTJlNjYtYTg5OS00NzUyLWFhZmUtNzVjODMyZmViYWY5XzAxMg==","","Christoph Hösl","https://www.linkedin.com/in/christoph-hösl-91b691224","Robert Schäfer","https://www.linkedin.com/in/roschaefer","2024-05-22 18:58:38 UTC","Servus","Hi Robert,

keine Ahnung wieso du in meiner Vorschlagsliste aufgetaucht bist aber mir gefällt das Profil. 
Ich bin kein Headhunter sondern halte Ausschau nach Fullstack-Entwicklern für meine Abteilung. 
Wonach suchst du genau? 
Aktuell arbeiten wir noch weitgehend im Projektgeschäft, mittelfristig kommt aber auch ein Produkt hinzu. 

Heißt, die Aufgaben finden teils im Büro, beim Kunden oder auch recht viel Remote statt. Es hat auch immer einen Anteil Consulting. 

Bei Interesse schau gern mal auf die Seiten der Firma vorbei. Vielleicht ist ja etwas dabei. 

https://www.deedcon.de/de/

Gruß
Chris","INBOX","","No"
"2-MGEyOTczZjQtM2JkOC00Mjc1LWFmNjItNjU5NTI0N2Q3Y2I0XzAxMA==","Full Stack Developer Opportunity","Lois Swithenbank","https://www.linkedin.com/in/lois-swithenbank-b568a1196","Robert Schäfer","https://www.linkedin.com/in/roschaefer","2024-05-22 12:04:28 UTC","Full Stack Developer Opportunity","Hi Robert,

One of my fantastic clients who are revolutionizing the digital industry are currently expanding their development team and are looking for a full stack developer with Go, JavaScript and Python experience.

The ideal candidate will be a great communicator and at least B2 in German.

To be considered, your profile will have:
- 3 Years+ Experience 
- Go Experience
- Experience in AWS 

This is a hybrid position with 1 day a week in the office in Bonn. 

If you would like to hear more, please send through your CV and we will schedule a call.

Best,
Lois

Lois Swithenbank
Managing Consultant for Tech at Energize","INBOX","","No"
"2-NDMxOWExYjMtYmZjOS00ZDQ0LTk0ODUtZTlhOWJkYzI4ZWExXzAxMA==","Hiring Open source developer","Srini Vas","https://www.linkedin.com/in/srini-vas-78267570","Robert Schäfer","https://www.linkedin.com/in/roschaefer","2024-05-17 11:52:02 UTC","Hiring Open source developer","Hi Robert

Hope you are well.

This is Srinivas from Intuition IT. I am looking for a Open source developer in Berlin, Germany (Hybrid mode) for Contract job

Kindly let me know if you'd be interested in a discussion?

Regards
Srini Vas
Sr Delivery Consultant at Intuition IT","INBOX","","No"
"2-MWVjZjQ3ZWYtNDgwZC00MjU4LWFiODktMDA4YTE1ZGFjNDExXzAxMw==","","Krzysztof Druzynski","https://www.linkedin.com/in/druzynski","Robert Schäfer","https://www.linkedin.com/in/roschaefer","2024-05-02 11:44:21 UTC","Karrierechance als Senior Full-Stack-Entwickler in Bonn (hybrid)","Guten Tag Robert,

Ich bin auf LinkedIn auf dein Profil gestoßen, habe dein Profil gelesen und herausgefunden, dass du nach Sr. Full Stack Stelle  suchst.

Daher wollte ich mich mit dir in Verbindung setzen, um du über eine spannende Gelegenheit mit hybrid working option (min. 1 tag pro Woche von Büro arbeit)   zu informieren.

Requirements:
Proficient in JavaScript, Go, and Python, AWS and agile development practices: SCRUM
Understanding of backend development, full-stack approaches, container technologies, and Infrastructure as Code (IaC)
Proficient in test-driven development (TDD) and/or Behavior Driven Development (BDD)
Experience or strong interest in applying ML and AI technologies in development projects
Fluent in German 
English ist plus


Wenn Sie interessiert sind, senden Sie uns einfach Ihren Lebenslauf.

Wenn Sie Fragen haben, lassen Sie es mich bitte wissen.



Cheers,


Krzysztof Druzynski","INBOX","","No"
"2-MWQ5MTdjNzQtYjg2MC00MTlhLThiOTktMDI2NzUwYzUzNTY5XzAxMw==","NATEK Opportunity","Donka Nikolova","https://www.linkedin.com/in/donka-nikolova-7a45a283","Robert Schäfer","https://www.linkedin.com/in/roschaefer","2024-04-01 12:12:52 UTC","NATEK Opportunity","Hello, Robert,

Currently, we have an open role for Senior Node.js Developer for one of our partners. If you are interested, I would be happy to provide you with more details!

Best regards,
Donka

Donka Tomitsina
Recruitment Manager at NATEK","INBOX","","No"
"2-MzMwYTE5OGUtZGYwZC00ZmY2LWEzNDktNGU2N2M0MzBiYWQ3XzAxMw==","","Felix Bose","https://www.linkedin.com/in/felix-bose-7957561b5","Robert Schäfer","https://www.linkedin.com/in/roschaefer","2024-03-20 07:35:25 UTC","","Ahh alles klar 👌🏼 ","INBOX","","No"
"2-MzMwYTE5OGUtZGYwZC00ZmY2LWEzNDktNGU2N2M0MzBiYWQ3XzAxMw==","","Robert Schäfer","https://www.linkedin.com/in/roschaefer","Felix Bose","https://www.linkedin.com/in/felix-bose-7957561b5","2024-03-20 07:34:31 UTC","","Nein, ich hatte einfach meinen Laptop die letzte Woche nicht zum Arbeiten aufgemacht. Aber ich habe Interesse und mir einen Termin gebucht!","INBOX","","No"
"2-MzMwYTE5OGUtZGYwZC00ZmY2LWEzNDktNGU2N2M0MzBiYWQ3XzAxMw==","","Felix Bose","https://www.linkedin.com/in/felix-bose-7957561b5","Robert Schäfer","https://www.linkedin.com/in/roschaefer","2024-03-19 15:23:06 UTC","","Hattest du dir schon einen Termin gebucht oder hat sich dein Interesse doch verringert 😅","INBOX","","No"
"2-MzMwYTE5OGUtZGYwZC00ZmY2LWEzNDktNGU2N2M0MzBiYWQ3XzAxMw==","","Felix Bose","https://www.linkedin.com/in/felix-bose-7957561b5","Robert Schäfer","https://www.linkedin.com/in/roschaefer","2024-03-04 11:34:09 UTC","","das wäre der link
ich sag ihm auch nochmal bescheid
https://calendly.com/marco-mielenz-tacto/tacto-say-hello?month=2024-03","INBOX","","No"
"2-MzMwYTE5OGUtZGYwZC00ZmY2LWEzNDktNGU2N2M0MzBiYWQ3XzAxMw==","","Felix Bose","https://www.linkedin.com/in/felix-bose-7957561b5","Robert Schäfer","https://www.linkedin.com/in/roschaefer","2024-03-04 11:03:48 UTC","","Kommst du rein?","INBOX","","No"
"2-MzMwYTE5OGUtZGYwZC00ZmY2LWEzNDktNGU2N2M0MzBiYWQ3XzAxMw==","","Felix Bose","https://www.linkedin.com/in/felix-bose-7957561b5","Robert Schäfer","https://www.linkedin.com/in/roschaefer","2024-02-29 09:15:52 UTC","","ist raus","INBOX","","No"
"2-MzMwYTE5OGUtZGYwZC00ZmY2LWEzNDktNGU2N2M0MzBiYWQ3XzAxMw==","","Robert Schäfer","https://www.linkedin.com/in/roschaefer","Felix Bose","https://www.linkedin.com/in/felix-bose-7957561b5","2024-02-28 18:26:11 UTC","","Uhrzeit egal, ich telefoniere auch gerne später ","INBOX","","No"
"2-MzMwYTE5OGUtZGYwZC00ZmY2LWEzNDktNGU2N2M0MzBiYWQ3XzAxMw==","","Robert Schäfer","https://www.linkedin.com/in/roschaefer","Felix Bose","https://www.linkedin.com/in/felix-bose-7957561b5","2024-02-28 18:25:39 UTC","","mail@roschaefer.de","INBOX","","No"
"2-MzMwYTE5OGUtZGYwZC00ZmY2LWEzNDktNGU2N2M0MzBiYWQ3XzAxMw==","","Felix Bose","https://www.linkedin.com/in/felix-bose-7957561b5","Robert Schäfer","https://www.linkedin.com/in/roschaefer","2024-02-28 17:59:07 UTC","","Top
Magst du mir einfach eine Mail Adresse schicken dann schick ich dir ne Einladung. Dann eher früher damit es bei dir nicht zu spät ist oder?","INBOX","","No"
"2-MzMwYTE5OGUtZGYwZC00ZmY2LWEzNDktNGU2N2M0MzBiYWQ3XzAxMw==","","Robert Schäfer","https://www.linkedin.com/in/roschaefer","Felix Bose","https://www.linkedin.com/in/felix-bose-7957561b5","2024-02-28 17:57:28 UTC","","Ich hab keinerlei Termine, also kannst du dir gerne was aussuchen","INBOX","","No"
"2-MzMwYTE5OGUtZGYwZC00ZmY2LWEzNDktNGU2N2M0MzBiYWQ3XzAxMw==","","Robert Schäfer","https://www.linkedin.com/in/roschaefer","Felix Bose","https://www.linkedin.com/in/felix-bose-7957561b5","2024-02-28 17:56:57 UTC","","Dann lass doch nächste Woche Mal quatschen","INBOX","","No"
"2-MzMwYTE5OGUtZGYwZC00ZmY2LWEzNDktNGU2N2M0MzBiYWQ3XzAxMw==","","Robert Schäfer","https://www.linkedin.com/in/roschaefer","Felix Bose","https://www.linkedin.com/in/felix-bose-7957561b5","2024-02-28 17:56:42 UTC","","Ich werde zum Sommer wieder nach Deutschland zurück kommen","INBOX","","No"
"2-MzMwYTE5OGUtZGYwZC00ZmY2LWEzNDktNGU2N2M0MzBiYWQ3XzAxMw==","","Felix Bose","https://www.linkedin.com/in/felix-bose-7957561b5","Robert Schäfer","https://www.linkedin.com/in/roschaefer","2024-02-28 17:51:54 UTC","","Ah krass wie lang noch oder bleibst du länger da?
Die Woche ist bei mir leider super tight aber nächste Woche würde gut klappen","INBOX","","No"
"2-MzMwYTE5OGUtZGYwZC00ZmY2LWEzNDktNGU2N2M0MzBiYWQ3XzAxMw==","","Robert Schäfer","https://www.linkedin.com/in/roschaefer","Felix Bose","https://www.linkedin.com/in/felix-bose-7957561b5","2024-02-28 17:39:47 UTC","","Also morgen vielleicht mal?","INBOX","","No"
"2-MzMwYTE5OGUtZGYwZC00ZmY2LWEzNDktNGU2N2M0MzBiYWQ3XzAxMw==","","Robert Schäfer","https://www.linkedin.com/in/roschaefer","Felix Bose","https://www.linkedin.com/in/felix-bose-7957561b5","2024-02-28 17:39:35 UTC","","Das sind +4.5 Stunden zu deutscher Zeit","INBOX","","No"
"2-MzMwYTE5OGUtZGYwZC00ZmY2LWEzNDktNGU2N2M0MzBiYWQ3XzAxMw==","","Robert Schäfer","https://www.linkedin.com/in/roschaefer","Felix Bose","https://www.linkedin.com/in/felix-bose-7957561b5","2024-02-28 17:39:20 UTC","","Ich bin gerade auf indischer Zeitzone","INBOX","","No"
"2-MzMwYTE5OGUtZGYwZC00ZmY2LWEzNDktNGU2N2M0MzBiYWQ3XzAxMw==","","Felix Bose","https://www.linkedin.com/in/felix-bose-7957561b5","Robert Schäfer","https://www.linkedin.com/in/roschaefer","2024-02-28 17:04:54 UTC","","Sehr gerne 😉 
Ich glaube das sind die selber gerade am evaluieren 😅
Ja klar können wir gerne machen. Wann würde es dir den mal passen?","INBOX","","No"
"2-MzMwYTE5OGUtZGYwZC00ZmY2LWEzNDktNGU2N2M0MzBiYWQ3XzAxMw==","","Robert Schäfer","https://www.linkedin.com/in/roschaefer","Felix Bose","https://www.linkedin.com/in/felix-bose-7957561b5","2024-02-28 16:58:37 UTC","","Oh, Dankeschön, das freut und ehrt mich 🙂 Nehmen die denn auch Freelancer? Wie geht's dir? Ich würde mich auch gerne einfach so mal mit dir unterhalten, wenn du magst","INBOX","","No"
"2-MzMwYTE5OGUtZGYwZC00ZmY2LWEzNDktNGU2N2M0MzBiYWQ3XzAxMw==","","Felix Bose","https://www.linkedin.com/in/felix-bose-7957561b5","Robert Schäfer","https://www.linkedin.com/in/roschaefer","2024-02-27 19:15:26 UTC","","Hi Robert,
lange nichts mehr gehört ich hoffe dir gehts gut. 
Ich fange im Juli bei Tacto (https://www.tacto.ai/) an und dachte mir ich frag mal die Leute mit denen ich in der Vergangenheit gerne zusammengearbeitet habe ob sie auch bock hätten. 😁
Cheers Felix","INBOX","","No"
"2-OTQ5MjA3ZTEtNjg0Ny00YTJhLWFkMGItMmExNjU4NzIwZjg4XzAxMA==","","Lauriane Mollier","https://www.linkedin.com/in/lauriane-mollier","Robert Schäfer","https://www.linkedin.com/in/roschaefer","2024-03-19 08:09:00 UTC","","😩 - If you only saw the NFT side of blockchain, that is for sure a turn-off, but blockchain as a technology has so much more to offer than that. 

I think it will save Open-Source for example. But once again, if you are not serious about that, no prob","INBOX","","No"
"2-OTQ5MjA3ZTEtNjg0Ny00YTJhLWFkMGItMmExNjU4NzIwZjg4XzAxMA==","","Robert Schäfer","https://www.linkedin.com/in/roschaefer","Lauriane Mollier","https://www.linkedin.com/in/lauriane-mollier","2024-03-19 08:04:18 UTC","","Nah, the ""blockchain"" was a turn off for me now 😄","INBOX","","No"
"2-OTQ5MjA3ZTEtNjg0Ny00YTJhLWFkMGItMmExNjU4NzIwZjg4XzAxMA==","","Lauriane Mollier","https://www.linkedin.com/in/lauriane-mollier","Robert Schäfer","https://www.linkedin.com/in/roschaefer","2024-03-18 13:51:53 UTC","","Hello! How are you? Thanks for your message!

I am organizing an online event to respond to this question -  if you want to join? (explaining here is LinkedIn will take ages 😅)

Don’t be surprised if the event is free, but ask for a free-will donation (no pressure, though! Your presence alone is golden 🌟)

https://www.eventbrite.ch/e/how-can-blockchain-make-open-source-work-better-tickets-865354888767?aff=oddtdtcreator","INBOX","","No"
"2-OTQ5MjA3ZTEtNjg0Ny00YTJhLWFkMGItMmExNjU4NzIwZjg4XzAxMA==","","Robert Schäfer","https://www.linkedin.com/in/roschaefer","Lauriane Mollier","https://www.linkedin.com/in/lauriane-mollier","2024-03-13 16:09:21 UTC","","Hi Lauriane,
 
how unlikely to get contacted on LinkedIn about anything related to Open-Source. I signed up to your e-mail newsletter.
 
It's not an obligation but maybe you could tell me a little how you want to make open-source better?
 
Best,
Robert","INBOX","","No"
"2-OTQ5MjA3ZTEtNjg0Ny00YTJhLWFkMGItMmExNjU4NzIwZjg4XzAxMA==","","Lauriane Mollier","https://www.linkedin.com/in/lauriane-mollier","Robert Schäfer","https://www.linkedin.com/in/roschaefer","2024-03-13 16:09:20 UTC","","Hey Robert,

I am a software engineer–like you 😊. I want to make open-source work better 

You might be interested in joining our group about the new era of open-source
It’s not an obligation, but it’s cool to have you! 

https://shorturl.at/cuOXZ  

See you!","INBOX","","No"
"2-NTM2Y2Y4MjYtMGI3MC00YjJiLTgyYTEtMmU5NzZlZDA4ZDY5XzAxMg==","","Dr. Jonathan Jung","https://www.linkedin.com/in/dr-jonathan-jung-3191a3217","Robert Schäfer","https://www.linkedin.com/in/roschaefer","2024-02-08 07:25:22 UTC","","https://www.linkedin.com/in/robert-schmid-427609123","INBOX","","No"
"2-N2NjZDRlNTUtZGQyNC00MTE3LTk3MjEtOWJlYjZmZTUyZjZkXzAxMw==","Full Stack Ruby Developer - CHI Cargo - FFM","Sandra Salewski","https://www.linkedin.com/in/sandra-salewski-691136250","Robert Schäfer","https://www.linkedin.com/in/roschaefer","2024-01-23 07:50:06 UTC","Full Stack Ruby Developer - CHI Cargo - FFM","Danke für die Info, Robert :)

Wenn ich mal passende Angebote mit dem Stack zur Verfügung habe, melde ich mich gerne wieder bei dir.

Beste Grüße
Sandra","INBOX","","No"
"2-N2NjZDRlNTUtZGQyNC00MTE3LTk3MjEtOWJlYjZmZTUyZjZkXzAxMw==","Full Stack Ruby Developer - CHI Cargo - FFM","Robert Schäfer","https://www.linkedin.com/in/roschaefer","Sandra Salewski","https://www.linkedin.com/in/sandra-salewski-691136250","2024-01-23 07:19:49 UTC","Full Stack Ruby Developer - CHI Cargo - FFM","Ich lerne gerade Rust und ansonsten halt Typescript/NodeJS was ich die letzten Jahre gemacht habe","INBOX","","No"
"2-N2NjZDRlNTUtZGQyNC00MTE3LTk3MjEtOWJlYjZmZTUyZjZkXzAxMw==","Full Stack Ruby Developer - CHI Cargo - FFM","Sandra Salewski","https://www.linkedin.com/in/sandra-salewski-691136250","Robert Schäfer","https://www.linkedin.com/in/roschaefer","2024-01-23 07:12:43 UTC","Full Stack Ruby Developer - CHI Cargo - FFM","Hallo Robert,

danke für deine Rückmeldung. Schade, dass du dich von RoR weg entwickeln möchtest. Somit passt mein Angebot natürlich nicht. 

Womit möchtest du denn zukünftig arbeiten?

Gerne kannst du die Nachricht weiterleiten, das würde mich freuen :)

Liebe Grüße
Sandra","INBOX","","No"
"2-N2NjZDRlNTUtZGQyNC00MTE3LTk3MjEtOWJlYjZmZTUyZjZkXzAxMw==","Full Stack Ruby Developer - CHI Cargo - FFM","Robert Schäfer","https://www.linkedin.com/in/roschaefer","Sandra Salewski","https://www.linkedin.com/in/sandra-salewski-691136250","2024-01-23 07:01:25 UTC","Full Stack Ruby Developer - CHI Cargo - FFM","Hallo Sandra, ich möchte mich von Rails weg entwickeln, bin also nicht interessiert. Ggf. kann ich die Nachricht mal weiterleiten.","INBOX","","No"
"2-N2NjZDRlNTUtZGQyNC00MTE3LTk3MjEtOWJlYjZmZTUyZjZkXzAxMw==","Full Stack Ruby Developer - CHI Cargo - FFM","Sandra Salewski","https://www.linkedin.com/in/sandra-salewski-691136250","Robert Schäfer","https://www.linkedin.com/in/roschaefer","2024-01-15 07:54:00 UTC","Full Stack Ruby Developer - CHI Cargo - FFM","Hallo Robert,

zusammen mit Alexander Clark, Team Lead Warehouse Management von CHI Cargo, sind wir auf der Suche nach einem Full Stack Ruby Developer (m/w/d) in Frankfurt. 

Die Hard Facts:
🛠 Ruby on Rails, React, PostgreSQL, React Native, GCP, Heroku, Travis CI, Airbrake 
💸 je nach Skills und Erfahrung 65 - 85k € p.a. 
📍 Frankfurt (Cargo City), Homeoffice (5 Tage/Monat vor Ort)
🎁 freie Wahl bei Hardware + Betriebssystem; Schulungen; Teilnahme an Hackathons und Konferenzen; Firmenkantine und kostenlose Parkplätze

CHI Cargo ist der führende Anbieter für Logistikdienstleistungen im Bereich Aircargo und für ca. 80 % des Warenverkehrs an Europas größtem Frachtflughafen in Frankfurt zuständig. Mit über 1.000 Mitarbeitenden bieten sie das gesamte Produktportfolio (Airlinehandling, Luftfrachtsicherheit, Trucking usw.) zum Handling von Luftfracht für Kunden wie DHL oder Kühne + Nagel an und setzen dabei auf die digitale Transformation der Supply-Chain. Beispielsweise werden Lösungen wie ein cloud-basiertes Lagerverwaltungssystem entwickelt, um so die Bedürfnisse der Kunden optimal in die eigenen Geschäftsprozesse zu integrieren.

Als Full Stack Ruby Developer bist du Teil des aktuell 5-köpfigen Warehouse Management Teams, welches bspw. eine App als Scanner-Lösung entwickelt, um eine präzise Datenverarbeitung der Fracht zu ermöglichen - dabei treibst du die Entwicklung und das Refactoring voran. Außerdem bist du für die Qualitätssicherung während der Entwicklungs- und Roll-out-Prozesse verantwortlich. Gelegentlich präsentierst du den Stakeholdern neue Features. Die Aktualisierung von Datenmodellen steht ebenfalls auf der Roadmap.

Meine Kollegin Sina erzählt dir gerne mehr zur Position; in ihrem Kalender kannst du dir einen passenden Gesprächstermin aussuchen: https://calendar.app.google/kzo4z8xFHoBF6vz3A

Viele Grüße

Sandra Salewski
IT-Recruiterin & Candidate Consultant

alphacoders GmbH
https://www.alphacoders.de/datenschutz-recruiting","INBOX","","No"
"2-OGYwZDI2YzEtYjZkZi00YjZhLWIzMzMtZWRlMjM3OTFmNTM5XzAxMA==","Engineering Vacancy - JavaScript/Typescript","Sean Rozen","https://www.linkedin.com/in/seanrozen","Robert Schäfer","https://www.linkedin.com/in/roschaefer","2024-01-17 09:10:46 UTC","Engineering Vacancy - JavaScript/Typescript","Hello Robert,

How are you?

Apologies if this is not relevant to you, but I wanted to reach out as I am currently working with a few tech companies in Germany who are looking for engineers/developers/managers to join their teams.

I can of course give more information about the organisation, tech, projects etc. but it totally depends on what you are looking for etc.

If you are open to hear about new opportunities and would like to hear more, please let me know :)

I'd need your CV and contact details to call and discuss.

Alternatively, if you are not open for new work, do you know anyone who may be looking?

Kind regards
Sean Rozen","INBOX","","No"
"2-MjA0ODYyYTUtYmU3Ny00NDEwLWJmNDUtYjA4NGM2ODBiZDhkXzAxMA==","Women in DevOps- DACH Growth 2024 🚀","Zaynab M.","https://www.linkedin.com/in/khan88","Robert Schäfer","https://www.linkedin.com/in/roschaefer","2024-01-15 11:07:47 UTC","Women in DevOps- DACH Growth 2024 🚀","Hey Robert, 

I hope you had a good weekend! Im keen to understand how important diversity is for you and your team?

I’m a partner of Women InDevOps who have grown to almost 20,000 members globally! Have you heard of us before? https://www.youtube.com/watch?v=9_c3tAFdGmc - this video gives you a great overview in 2 mins!

I specialise in building diverse tech teams across Germany and I wanted to reach out to you as a leader in this space in the hope that diversity within your teams organizations is top of your priority list ��.

Weve helped our community negotiate higher salaries, build truly inclusive interview processes, and meet other incredible folks in tech. We do this via networking, events, and panel discussions globally as well as consulting.

Id love to learn more about your DevOps engineering growth and whether there is potential to work together to build diverse teams or perhaps mentorship, being an event host, or speaking opportunities.

How important is diversity to you and your talent team in 2024? Is there a good time to connect to explore this further?

Best,
Zee

Zaynab Khan
Sales Recruitment Specialist at Trust in Soda","INBOX","","No"
"2-YjJiMzRmMjYtNDY3ZC00ZWMwLWExYzQtYWY5M2I0N2VmNzU3XzAxMA==","Robert! Full Stack Engineer - CINEMO - Salary - Competitive - Budapest OR Karlsruhe","Adam Ramsden","https://www.linkedin.com/in/adam-ramsden1","Robert Schäfer","https://www.linkedin.com/in/roschaefer","2024-01-10 15:23:32 UTC","Robert! Full Stack Engineer - CINEMO - Salary - Competitive - Budapest OR Karlsruhe","Dear Robert,

I am currently working with Cinemo towards filling the position of ‘Full Stack Engineer’ and after looking through your profile, I believe you could be an ideal candidate for this role. Your extensive experience in the field of Software Development and your broader knowledge working as a Full Stack Engineer previously are a particularly strong match to this position. 

Cinemo is a global provider of highly innovative infotainment products that make every screen an opportunity. Founded in 2008, and with a strong history of industry firsts, Cinemo is the partner of choice for more than 40 market-leading OEMs and over 20 tier-1s. The company works with the top high-tech and consumer electronic companies as well as global music and video content providers. Cinemo’s global team of 200+ innovative thinkers from 35 nationalities continuously delivers groundbreaking innovation. 

JOB TITLE: Full Stack Engineer 
COMPANY: Cinemo
LOCATION: Budapest, Hungary OR Karlsruhe, Germany
SALARY: Competitive 
REQUIREMENTS: 3+ years Software Development. React experience. JS/TS experience. Web development/ ecosystem knowledge. Golang experience. Fluent English speaking. Lead teams. 


As mentioned Robert, your profile has a number of signs which makes me believe you could be a very promising candidate for this role as a Full Stack Engineer and it would be a pleasure to speak to you. 

Please get in touch with your phone number and email address so we could arrange a call to further discuss this.

Kind regards, 
Adam

Adam Ramsden
Executive Search Delivery Consultant - ADAS & Automotive Driving","INBOX","","No"
"2-OThmZjliOTEtYjNlMC00OTNlLTgyNmEtMGI0ZjgzMDA1ODFjXzAxMw==","Neues Jahr - Neue Herausforderungen: Neue Karrierechancen auf dem Java-Markt","Nils Buchwalder","https://www.linkedin.com/in/nils-buchwalder-66532a221","Robert Schäfer","https://www.linkedin.com/in/roschaefer","2024-01-02 15:18:59 UTC","Neues Jahr - Neue Herausforderungen: Neue Karrierechancen auf dem Java-Markt","Hallo Robert,

ich hoffe, diese Nachricht erreicht dich wohlauf, du bist gut ins neue Jahr gekommen und bereit für die Herausforderungen, die 2024 mit sich bringen wird.

Mein Name ist Nils Buchwalder, und ich bin ein Personalberater, der sich auf die Vermittlung von Talenten im Java-Markt spezialisiert hat. Meine Kunden sind im Raum Köln, Bonn und Aachen ansässig, und aktuell bin ich auf der Suche nach engagierten Fachkräften, die diese Rollen mit Leben füllen und den nächsten Schritt in ihrer beruflichen Entwicklung anstreben.

Mit einem umfangreichen Netzwerk und gutem Verständnis für die Anforderungen auf dem Java-Markt unterstütze ich Unternehmen dabei, die besten Talente zu finden. Während meiner Recherche bin ich auf dein vielversprechendes Profil gestoßen, das hervorragend zu den Anforderungen meiner Kunden passen könnte. Wenn du offen für neue berufliche Möglichkeiten bist, möchte ich gerne mit dir in Kontakt treten.

Nun ist es entscheidend, mehr über dich, deine beruflichen Präferenzen und Karriereziele zu erfahren. Falls du Interesse hast mehr über meine Kunden zu erfahren, können wir uns gerne telefonisch oder über MS Teams austauschen. Lass mich wissen, wann und wie es dir am besten passt, damit ich mir den Termin freihalten kann. Schick mir gerne bereits eine aktuelle Version deines CV zu, sodass ich mir einen ersten besseren Eindruck verschaffen kann.

Ich freue mich darauf, von dir zu hören und möglicherweise gemeinsam Möglichkeiten für deine berufliche Zukunft zu erkunden.

Mit freundlichen Grüßen,
Nils Buchwalder

Nils Buchwalder
Associate Recruitment Consultant","INBOX","","No"
"2-YjA5ZTBjNDctMzdiNS00OTIyLWFkMzQtOGFmMmQ0M2I5ODBmXzAxMw==","","Robert Schäfer","https://www.linkedin.com/in/roschaefer","Patric Sattler","https://www.linkedin.com/in/patric-sattler","2023-12-24 07:21:51 UTC","","Dir auch fröhliche Weihnachten! 🎄","INBOX","","No"
"2-YjA5ZTBjNDctMzdiNS00OTIyLWFkMzQtOGFmMmQ0M2I5ODBmXzAxMw==","","Patric Sattler","https://www.linkedin.com/in/patric-sattler","Robert Schäfer","https://www.linkedin.com/in/roschaefer","2023-12-23 11:15:36 UTC","","Fröhliche Weihnachten 🎄🎅🏻❄️ und schöne Feiertage mit den Liebsten 🎁 sowie einen gesunden Rutsch ins neue Jahr 🍀 liebe Grüße, Patric ","INBOX","","No"
"2-ZjRjMzE0ZWQtNDUzNS00ZWFjLWE3NWEtN2JlOTIzNjM3NDA1XzAxMA==","","Mike Aono","https://www.linkedin.com/in/aonomike","Robert Schäfer","https://www.linkedin.com/in/roschaefer","2023-12-12 17:36:43 UTC","","Oooh wow...that's great! I have been well too. How has your experience been travelling? Just relocated to Haiti too myself, hopefully I get to travel a bit on this corner of the globe 😀, learn a new language as well!
I was just reaching out to get to know what projects you are working on at the moment, whether open source or closed that maybe I could give a hand and learn from 😉 ","INBOX","","No"
"2-ZjRjMzE0ZWQtNDUzNS00ZWFjLWE3NWEtN2JlOTIzNjM3NDA1XzAxMA==","","Robert Schäfer","https://www.linkedin.com/in/roschaefer","Mike Aono","https://www.linkedin.com/in/aonomike","2023-12-12 16:02:39 UTC","","Hi Mike, I'm good! I've been traveling around for two years already. Currently in India, soon in Sri Lanka. How are you?","INBOX","","No"
"2-ZjRjMzE0ZWQtNDUzNS00ZWFjLWE3NWEtN2JlOTIzNjM3NDA1XzAxMA==","","Mike Aono","https://www.linkedin.com/in/aonomike","Robert Schäfer","https://www.linkedin.com/in/roschaefer","2023-12-07 11:13:42 UTC","","Hello Robert, how have you been?","INBOX","","No"
"2-ODJjYWQyMmEtMzUwNy00ZTZjLTk0NzItN2MyNWI2NDkzMDc4XzAxMA==","Stellenangebot für Full-Stack Entwickler:innen","Abduqani Ibrahim","https://www.linkedin.com/in/adgn","Robert Schäfer","https://www.linkedin.com/in/roschaefer","2023-12-12 16:57:15 UTC","Stellenangebot für Full-Stack Entwickler:innen","Hallo Robert,

ich suche derzeit Full-Stack Entwickler:innen mit Azure-Affinität für ein hochinnovatives Softwarehaus aus NRW. Das agile Unternehmen verfügt mittlerweile über mehr als 12 internationale Standorte und über 95 Tochtergesellschaften, mit insgesamt 12.000 Mitarbeitenden. Die hauseigenen Softwareprodukte sind in Europa längst der Quasistandard im Umfeld von Industrie 4.0 und nachhaltiger Energieversorgung. Nun geht es darum, auch weltweit neue Standards zu setzen. 

Als neues Mitglied des F&E-Teams wirst du von Anfang an in echte Pionierleistungen eingebunden und konsequent mit den richtigen Weiterbildungen gefördert, um dich selbst mit dem Unternehmen weiterzuentwickeln. 

Technologisches Umfeld:
Frontend:
1. Reactive Programming und Observables
2. Ngrx und Redux State Container
3. Dependency Injection
4. AOT Compilation
Backend:
1. Azure Cloud-Services (Blobs, Tables, Container, Service Bus)
2. ASP.NET Core Web API
3. NuGet Packages
4. Cloud-Architekturen, verteilte Anwendungsmuster und Microservices
5. Asynchrone Kommunikation zwischen Services mit Service Bus
6. Azure DevOps
7. Continuous Integration (CI) und Continuous Deployment (CD) in Azure DevOps
8. Unit Tests, Integration Tests, End-to-End Tests mit Cypress, Playwright und Gherkin

Deine Benefits:
Flexibles Arbeitszeitmodell mit Gleitzeitkonto und Möglichkeit zum mobilen Arbeiten (bis zu 80%). Langfristige Karriere- und Entwicklungsperspektiven. Weiterentwicklungsmöglichkeiten. 30+2 Tage Urlaub pro Jahr. Weltweit erfolgreich, innovativ und vorausschauend - mit den Werten eines Familienunternehmens. Vielzahl an Zusatzleistungen und Mitarbeiterangeboten, u.a. betriebliche Altersversorgung, Konferenzen & Corporate Events.

Bist du aktuell offen für neue Herausforderungen? Gerne würde ich dir mehr zu den Rahmenbedingungen erzählen. Wie wäre es?

Viele Grüße

Abduqani Ibrahim
IT-Recruitment Consultant
ibrahim.abduqani@halian.eu","INBOX","","No"
"2-NWZiOTZhOTEtNTE5Mi00NDMyLThiMzUtZTE1NWZlYzVjZDVlXzAxMw==","Senior Back-end Developer Remote Opportunity | Payroll German Start-up","Andrés Conti Stenftenagel","https://www.linkedin.com/in/andrésconti","Robert Schäfer","https://www.linkedin.com/in/roschaefer","2023-11-21 15:52:32 UTC","Senior Back-end Developer Remote Opportunity | Payroll German Start-up","Hi Robert,

Would you like working on a Greenfield Project with a start-up that is looking to revolutionize the payroll space in Germany? 

The company is based in Berlin & Munich and provides the ability for your to work remotely, with some traveling for meetings from time to time.

The role is Senior Back-end Engineer (remote) with a competitive salary package + stocks/equity.

Main Requirements: Advanced Node & Nest.Js knowledge, and working knowledge around GraphQL (Apollo) with AWS or Azure on the cloud. Bonus if you have worked with or have an interest in Machine Learning or LLMs

If you would like to learn more about this opportunity, what's the best number I can reach you on?

All the best,

Andrés Conti Stenftenagel
Product & Engineering Recruitment - Fintech | Storm2 Mediterranean⚡","INBOX","","No"
"2-MDZkNGEzMDUtZmI5MC00NzIyLTg2ODQtNmVhNmQ1YTBkNmI1XzAxMg==","Longterm Backend Project - NestJS","Carmen Mayer","https://www.linkedin.com/in/carmen-mayer-7822b5204","Robert Schäfer","https://www.linkedin.com/in/roschaefer","2023-11-20 10:30:15 UTC","Longterm Backend Project - NestJS","They already shortlisted their candidates and want to speak with them first.","INBOX","","No"
"2-MDZkNGEzMDUtZmI5MC00NzIyLTg2ODQtNmVhNmQ1YTBkNmI1XzAxMg==","Longterm Backend Project - NestJS","Robert Schäfer","https://www.linkedin.com/in/roschaefer","Carmen Mayer","https://www.linkedin.com/in/carmen-mayer-7822b5204","2023-11-17 08:54:56 UTC","Longterm Backend Project - NestJS","That's OK. What changes?","INBOX","","No"
"2-MDZkNGEzMDUtZmI5MC00NzIyLTg2ODQtNmVhNmQ1YTBkNmI1XzAxMg==","Longterm Backend Project - NestJS","Carmen Mayer","https://www.linkedin.com/in/carmen-mayer-7822b5204","Robert Schäfer","https://www.linkedin.com/in/roschaefer","2023-11-17 08:44:40 UTC","Longterm Backend Project - NestJS","Sounds great but unfortunatley, we had some changes and therefore there will not be any additional calls for this role as we do not want to waste your time. Happy to jump on a chat in case the role picks up again.","INBOX","","No"
"2-MDZkNGEzMDUtZmI5MC00NzIyLTg2ODQtNmVhNmQ1YTBkNmI1XzAxMg==","Longterm Backend Project - NestJS","Robert Schäfer","https://www.linkedin.com/in/roschaefer","Carmen Mayer","https://www.linkedin.com/in/carmen-mayer-7822b5204","2023-11-17 07:39:31 UTC","Longterm Backend Project - NestJS","Hi Carmen, my hourly rate is 85€ (680€/day), my earliest date is now, I'm a fullstack developer since 2013, NodeJS since 2018. We haven't used NestJS in production but Apollo. I'm freelancing 100%.","INBOX","","No"
"2-MDZkNGEzMDUtZmI5MC00NzIyLTg2ODQtNmVhNmQ1YTBkNmI1XzAxMg==","Longterm Backend Project - NestJS","Carmen Mayer","https://www.linkedin.com/in/carmen-mayer-7822b5204","Robert Schäfer","https://www.linkedin.com/in/roschaefer","2023-11-15 08:36:04 UTC","Longterm Backend Project - NestJS","Hi Robert,

Thanks for your reply. Before we jump on a call, could you let me know what your daily rate is, your earliest starting date, your experience with NestJS and if you are open for freelance roles?","INBOX","","No"
"2-MDZkNGEzMDUtZmI5MC00NzIyLTg2ODQtNmVhNmQ1YTBkNmI1XzAxMg==","Longterm Backend Project - NestJS","Robert Schäfer","https://www.linkedin.com/in/roschaefer","Carmen Mayer","https://www.linkedin.com/in/carmen-mayer-7822b5204","2023-11-14 09:18:01 UTC","RE: Longterm Backend Project - NestJS","Hey Carmen, yes I would be interested. We can have a chat on Thursday or Friday if you like?","INBOX","","No"
"2-MDZkNGEzMDUtZmI5MC00NzIyLTg2ODQtNmVhNmQ1YTBkNmI1XzAxMg==","Longterm Backend Project - NestJS","Carmen Mayer","https://www.linkedin.com/in/carmen-mayer-7822b5204","Robert Schäfer","https://www.linkedin.com/in/roschaefer","2023-11-12 15:31:35 UTC","RE: Longterm Backend Project - NestJS","Hi Robert,

Hope you are doing well. 

Just following up on my previous message. Would you be interested in having a short chat about the project and the client?

Please let me know.

Cheers

Carmen Mayer
Talent Acquisition  Manager","INBOX","","No"
"2-MDZkNGEzMDUtZmI5MC00NzIyLTg2ODQtNmVhNmQ1YTBkNmI1XzAxMg==","Longterm Backend Project - NestJS","Carmen Mayer","https://www.linkedin.com/in/carmen-mayer-7822b5204","Robert Schäfer","https://www.linkedin.com/in/roschaefer","2023-11-09 15:31:35 UTC","Longterm Backend Project - NestJS","Hi Robert, happy day!

Working on a new longterm Freelance role for one of our clients. They are seeking an experienced Backend Developer focusing on NestJS and Typescript.

I came across your profile and noticed that you might be a fit.
Find more information in the JD here: https://bit.ly/49xdjjl

Also happy to discuss more details in a first call - When would you have time?

Have a wonderful day!

Carmen Mayer
Talent Acquisition  Manager","INBOX","","No"
"2-MjZlY2ViZjYtNTM3Zi00NGNkLWJmYzQtOWFkOTBkYmY1ODFmXzAxMA==","","The LinkedIn Team","https://www.linkedin.com/in/the-linkedin-team-513634264","Robert Schäfer","https://www.linkedin.com/in/roschaefer","2023-11-03 18:41:14 UTC","Share your expertise to earn a new profile badge","Hi Robert, you’ve been selected to be part of an exciting new way to share what you know: collaborative articles. Not only will you be helping others learn, top contributors will also be able to earn a new Community Top Voices badge, showing the value of your insightful expertise. 

Contribute by adding an example from your experience, sharing a different opinion or expanding on an idea. You can start by adding directly into the body of one of these articles:

What are the most common pitfalls when developing web applications with programming languages? https://www.linkedin.com/advice/1/what-most-common-pitfalls-when-developing-web-9m9pc?trk=inmail

How can you debug theme errors in WordPress? https://www.linkedin.com/advice/3/how-can-you-debug-theme-errors-wordpress-skills-web-development-bnhbf?trk=inmail

Katie Carroll
Head of Community at LinkedIn
https://www.linkedin.com/in/kredcarroll/

If you have additional questions, send us a message at https://www.linkedin.com/in/lihelp/","INBOX","","No"
"2-MjhjYTZkOTItNzZmYS00MWQ4LThmYTItYzUxM2ZiZjM0OWI3XzAxMA==","Senior/Lead Engineer roles - Series A Start-up - Up to €100k per annum","Joe Burder","https://www.linkedin.com/in/joe-burder-89248510a","Robert Schäfer","https://www.linkedin.com/in/roschaefer","2023-11-01 15:04:03 UTC","Senior/Lead Engineer roles - Series A Start-up - Up to €100k per annum","Hi Robert,

I wanted to reach out as I'm currently hiring for Lead & Senior Full Stack JavaScript Engineers on behalf of one of my clients in Berlin.

They have just secured a €10m Series-A funding round and are looking to build a new team.
These roles are fully remote.

They are a unique business offering both B2B & B2C services. This client has the potential to be HUGE!
In terms of the technology, we're looking for a Full JavaScript specialists specialising in Node.js and who are open to using Angular.js on their projects (as a majority of the platform is currently built in this). However, you can have experience with any of the front end frameworks already, it doesn't have to specifically be Angular. (can be React.js, Vue etc..)

The salary for both roles are as follows:
- Senior Engineer - Up to €85k per annum.
- Lead Engineer - Up to €100k per annum.

Are you open to a new role? Let's set up this week to discuss if this sounds of interest


Joe Burder
Senior Consultant | Software Engineering | Albany Growth","INBOX","","No"
"2-NGQ2NDUyNTYtZGIwZC00ZDBhLWFiNGItNjk5MjhlMmY4Yzg5XzAxMg==","New Role? // Principal Software Engineer??","Chelsea Laws","https://www.linkedin.com/in/chelsea-laws-73aa84ba","Robert Schäfer","https://www.linkedin.com/in/roschaefer","2023-10-26 16:14:18 UTC","New Role? // Principal Software Engineer??","Good Afternoon Robert,
 
I’ve come across your profile and I am keen to speak to you regarding a Principal Software (Backend) Engineer, specialising in TypeScript & PHP and a Senior Full Stack Developer. I am working with our key client based in Germany, who are one of Germany's foremost companies in the dynamic intersection of construction and technology. 

This opportunity will be for you if you know your craft of modern and scalable applications with TypeScript & PHP and you love experimenting and fast iterations, as this company is in the process of scaling up. This would also be a great role for you if you are interested in all kinds of software development far beyond your own stack and continuously want to improve in all aspects of software development. They strongly believe that cross functional teams just work better when everybody thinks out of the box.

The company offers a fantastic benefit package including a great company culture – they are an extremely passionate, dedicated team. You will get a competitive compensation package, including the great salary with pension plans, capital-forming benefits and health insurance options. 
 
They are looking to pay between €85,000 - €100,000, depending on experience. There would be flexibility to how many days you work in the office on a hybrid basis. Their HQ is based in Cologne / Koln. 
 
I appreciate that this is a high level but would this be something you like to explore further? If so, I can divulge the company in more detail over the phone and provide a full job description via email. Please don’t hesitate to come back to me with any questions. 
 
Thanks & look forward to hearing from you. 

Chelsea Laws
🚀 Specialist Tech Recruiter - UX/UI/Product & Data Software Product 📧 chelsea.laws@consortia.com","INBOX","","No"
"2-ZDkwYTYxODMtZjAxZi00ODFiLWI3OTctYTU1NWEzYWZmYmI5XzAxMw==","Neo4j contract role - need to speak","Robert Schäfer","https://www.linkedin.com/in/roschaefer","Charlotte Roberts-Smith","https://www.linkedin.com/in/charlotte-roberts-smith-49385214a","2023-10-25 08:56:22 UTC","Neo4j contract role - need to speak","Good! Well, you have my CV already 🙂","INBOX","","No"
"2-ZDkwYTYxODMtZjAxZi00ODFiLWI3OTctYTU1NWEzYWZmYmI5XzAxMw==","Neo4j contract role - need to speak","Charlotte Roberts-Smith","https://www.linkedin.com/in/charlotte-roberts-smith-49385214a","Robert Schäfer","https://www.linkedin.com/in/roschaefer","2023-10-23 10:30:04 UTC","Neo4j contract role - need to speak","Yes, I only deal with contract roles 😊","INBOX","","No"
"2-ZDkwYTYxODMtZjAxZi00ODFiLWI3OTctYTU1NWEzYWZmYmI5XzAxMw==","Neo4j contract role - need to speak","Robert Schäfer","https://www.linkedin.com/in/roschaefer","Charlotte Roberts-Smith","https://www.linkedin.com/in/charlotte-roberts-smith-49385214a","2023-10-23 08:03:11 UTC","Neo4j contract role - need to speak","I'm currently working as a freelancer. Do they hire freelancers as well?","INBOX","https://www.linkedin.com/dms/prv/vid/v2/D4E06AQHdn3f-theLeA/messaging-attachmentFile/messaging-attachmentFile/0/1698048145346?m=AQJYKLeoUEHGpwAAAaA2BetlrhgLOolMwigvzT_C1IdwVbptFPVjPWFwQA&ne=1&v=beta&t=7lxhqe0YC4hpCg4iQDfPbcRdWiB8iVliQqzxc8kcIsU","No"
"2-ZDkwYTYxODMtZjAxZi00ODFiLWI3OTctYTU1NWEzYWZmYmI5XzAxMw==","Neo4j contract role - need to speak","Charlotte Roberts-Smith","https://www.linkedin.com/in/charlotte-roberts-smith-49385214a","Robert Schäfer","https://www.linkedin.com/in/roschaefer","2023-10-22 16:35:50 UTC","Neo4j contract role - need to speak","Yes 😊","INBOX","","No"
"2-ZDkwYTYxODMtZjAxZi00ODFiLWI3OTctYTU1NWEzYWZmYmI5XzAxMw==","Neo4j contract role - need to speak","Robert Schäfer","https://www.linkedin.com/in/roschaefer","Charlotte Roberts-Smith","https://www.linkedin.com/in/charlotte-roberts-smith-49385214a","2023-10-21 14:00:44 UTC","Neo4j contract role - need to speak","Hi Charlotte, is it 100% remote?","INBOX","","No"
"2-ZDkwYTYxODMtZjAxZi00ODFiLWI3OTctYTU1NWEzYWZmYmI5XzAxMw==","Neo4j contract role - need to speak","Charlotte Roberts-Smith","https://www.linkedin.com/in/charlotte-roberts-smith-49385214a","Robert Schäfer","https://www.linkedin.com/in/roschaefer","2023-10-19 08:52:24 UTC","Neo4j contract role - need to speak","Hej Robert,

On your profile it looks like you have experience with Neo4j, great! 

I have an exciting opportunity with a key client for a Neo4j Graph database expert.
 
Role requirements: 
Strong experience with Python 
Experience with Neo4j. 
Experience building GraphQL gateways  
Passionate about creating robust and efficient solutions. 

This is a minimum 6-month contract. 

Interested in hearing more about this role? 

Please reply with your CV & I will give you a call with details.

Br,

Charlotte Roberts
Nordics Data Recruitment Consultant | Evolution Nordics Podcast Host - We get your projects delivered through the provision of Tech Freelancers","INBOX","","No"
"2-YmEyMzZiNTgtMTlmYy00NGM3LWIyNGYtY2UwOGZjZjU2OGViXzAxMg==","Hi Robert!","Robert Schäfer","https://www.linkedin.com/in/roschaefer","George Gourley","https://www.linkedin.com/in/georgegourleyrec","2023-10-21 14:01:29 UTC","Hi Robert!","I'm working 100% remote and prefer freelance, probably I'm not the best fit, best of luck!","INBOX","","No"
"2-YmEyMzZiNTgtMTlmYy00NGM3LWIyNGYtY2UwOGZjZjU2OGViXzAxMg==","Hi Robert!","George Gourley","https://www.linkedin.com/in/georgegourleyrec","Robert Schäfer","https://www.linkedin.com/in/roschaefer","2023-09-26 15:38:09 UTC","Hi Robert!","Hi Robert,

I see that you are open to work and Frontend recruitment into Bonn is my space. I'm currently looking to submit 1 more Senior Angular Developer to an exciting position offering a great salary and lots of remote working. Would you be available for a quick 5 minute chat so I can provide you with more details?

The role is full-time and permanent so no option for freelance.

Many thanks,

George Gourley
We have been serving the technology community for 15 years; helping end user clients and partners engage the best permanent and contract technology candidates across Europe.","INBOX","","No"
"2-NmRlOTEwZjUtYzk5OC00NjJhLTk4MjgtZTVmMDMxMDlmZDAyXzAxMg==","","Felix Jankowski","https://www.linkedin.com/in/fjankowski","Robert Schäfer","https://www.linkedin.com/in/roschaefer","2023-09-15 21:24:31 UTC","","Hey :-)","INBOX","","No"
"2-NDNjOTcyNzMtYzMwZi00YjQxLTg1ODYtYTYwMTU2Y2Y1MDk2XzAxMw==","","Pooja Patil","https://www.linkedin.com/in/pooja-patil-375181204","Robert Schäfer","https://www.linkedin.com/in/roschaefer","2023-09-15 05:40:48 UTC","","Hi Robert,

This role is for contract position of 1 year.","INBOX","","No"
"2-NDNjOTcyNzMtYzMwZi00YjQxLTg1ODYtYTYwMTU2Y2Y1MDk2XzAxMw==","","Robert Schäfer","https://www.linkedin.com/in/roschaefer","Pooja Patil","https://www.linkedin.com/in/pooja-patil-375181204","2023-09-14 17:01:50 UTC","","Hi Pooja, I'm freelancing at the moment, does that work for your client?","INBOX","","No"
"2-NDNjOTcyNzMtYzMwZi00YjQxLTg1ODYtYTYwMTU2Y2Y1MDk2XzAxMw==","","Pooja Patil","https://www.linkedin.com/in/pooja-patil-375181204","Robert Schäfer","https://www.linkedin.com/in/roschaefer","2023-09-14 17:01:49 UTC","","Hi Mr Robert, 

Hope you are doing good!

I have connected to provide you an Opportunity for an Open Position of Senior Full Stack Developer, Germany Remote 

Please let me know if you are interested in the position and share your CV. 

Happy to connect! 

Regards, 
Pooja Patil 
AMM Enterprise GmbH","INBOX","","No"
"2-YTBiYmI0ZmEtZDNlZS00Mzk1LTlhMjctNzBlZDRiYzgwMzExXzAxMg==","Neue Job-Offerten 🚀","Robert Schäfer","https://www.linkedin.com/in/roschaefer","Farid Printz","https://www.linkedin.com/in/faridprintz","2023-09-14 16:58:04 UTC","Neue Job-Offerten 🚀","Hallo Farid, im Moment bin ich an Projektarbeit als Freelancer interessiert, die 100% remote erledigt werden kann. Wenn das für die Kunden passt, dann können wir uns gerne mal dazu austauschen.","INBOX","","No"
"2-YTBiYmI0ZmEtZDNlZS00Mzk1LTlhMjctNzBlZDRiYzgwMzExXzAxMg==","Neue Job-Offerten 🚀","Farid Printz","https://www.linkedin.com/in/faridprintz","Robert Schäfer","https://www.linkedin.com/in/roschaefer","2023-09-11 15:26:10 UTC","Neue Job-Offerten 🚀","Hallo Herr Schäfer,

ich habe gesehen Sie haben ihr Profil auf ""Open to Work"" umgestellt, da ich aktuell mit mehreren großen Kunden in ihrer Region eng zusammenarbeite, würde ich mich gerne mit ihnen darüber austauschen.
Ich würde mich über eine Rückmeldung sehr freuen.

Liebe Grüße
Farid Printz

Farid Printz
Consultant JS Dev / PHP Dev / UX&UI Design bei Spilberg IT","INBOX","","No"
"2-NWY3NzVmZjItZWZkZS00OWQ2LWI3YWMtOTgxMzJiNDRkMGExXzAxMw==","Backend Developer (Node, Python) – 12 months – Fully remote","Adam Elliott-Smith","https://www.linkedin.com/in/adam-elliott-smith","Robert Schäfer","https://www.linkedin.com/in/roschaefer","2023-09-14 13:14:27 UTC","Backend Developer (Node, Python) – 12 months – Fully remote","Hi Robert, 

How are you? Considering any contract opportunities (OutsideIR35 for UK). 

Please note if you prefer working Fullstack, we are also looking at this for the same client. 

I am working with a consultancy who are at the forefront using AI to transform companies. They help customers build their own customer data platform from scratch and maintain their data & analytics requirements. Setting the bar high, they take pride in having some of the best data experts in the market who make continuous data driven improvements to their clients and invest in the latest technologies. 

We are on the lookout for a Backend developer to help join a greenfield project and build the API and integration layer sitting on top of their core platform. Backend is written in Nodejs and Python, so expertise with these technologies is a must. Their client is also building out a google cloud platform with click streaming, so you must have experience GCP. 
 
Due to it being a Data-product company, any experience in Data engineering would be a big bonus. Their core technology stack includes Python, Kafka, SQL, PySpark.

We are open to hourly/daily rates as it will depend on the level of calibre of CV, more than happy to jump on an initial call to run through this a nd give you further details around the specification. 
If this looks interesting, please reply with your CV. 

Thank you.

Adam Elliott-Smith
Practice Lead - DevOps - Netherlands & UK at Third Republic & Co Founder @ CTORoundtables","INBOX","","No"
"2-NjliZmVkY2ItNzMzNS00ZWFlLWI5YTMtZjczNWU4Mzk2MjUwXzAxMA==","⚡️🕺Up to $161k, Remote SSE @Clade","Yana Bell","https://www.linkedin.com/in/yana-bell","Robert Schäfer","https://www.linkedin.com/in/roschaefer","2023-09-12 16:16:50 UTC","⚡️🕺Up to $161k, Remote SSE @Clade","Heey Robert, are you open to new opportunities? 😎

I think you might be a perfect fit for the position of Senior Software Engineer that our client Clade is hiring for. 

Clade is fast-growing, fintech company from New York with a great reputation, and I can say that the team for this exciting project are great people to work with. 🤝

⚙️ Stack: Node.js, TypeScript, GraphQL  
🪙 Rate: 84k-161k/year, depending on experience
📍Location: Remote 

If you think this might interest you, and would like to apply, they are using the Flexhire platform to help automate the screening for these roles. Here's the direct link to apply including full job details: https://flexhire.com/job/yeu6ap7tu9sufe6n 

⚡️You will contact a client hiring manager via Flexhire chat directly as soon as you apply! Let me know if you have any doubts.

Cheers, 

Yana Bel
Senior Technical Recruiter at Flexhire","INBOX","","No"
"2-MzhkODVhNzYtMTkwYi00NDc0LTk5MDctZGY4NzE3NTJhNTkzXzAxMg==","","Steffen Grohsschmiedt","https://www.linkedin.com/in/steffen-grohsschmiedt","Robert Schäfer","https://www.linkedin.com/in/roschaefer","2023-09-04 07:07:14 UTC","","Ja aber in einer anderen Stadt. Norrköping.","INBOX","","No"
"2-MzhkODVhNzYtMTkwYi00NDc0LTk5MDctZGY4NzE3NTJhNTkzXzAxMg==","","Robert Schäfer","https://www.linkedin.com/in/roschaefer","Steffen Grohsschmiedt","https://www.linkedin.com/in/steffen-grohsschmiedt","2023-09-02 01:23:29 UTC","","Oh wow! Das sind ja mal Neuigkeiten (zumindest für mich). Ich hab noch 0 Kinder und 0 Häuser. Lebst du denn noch in Schweden?","INBOX","","No"
"2-MzhkODVhNzYtMTkwYi00NDc0LTk5MDctZGY4NzE3NTJhNTkzXzAxMg==","","Steffen Grohsschmiedt","https://www.linkedin.com/in/steffen-grohsschmiedt","Robert Schäfer","https://www.linkedin.com/in/roschaefer","2023-09-01 07:17:12 UTC","","2 Kinder und ein Haus beschreibt ganz gut was ich die letzte Zeit gemacht habe. Und du? ;)","INBOX","","No"
"2-MzhkODVhNzYtMTkwYi00NDc0LTk5MDctZGY4NzE3NTJhNTkzXzAxMg==","","Robert Schäfer","https://www.linkedin.com/in/roschaefer","Steffen Grohsschmiedt","https://www.linkedin.com/in/steffen-grohsschmiedt","2023-09-01 00:55:01 UTC","","Wie geht's dir? Long time no see","INBOX","","No"
"2-MzhkODVhNzYtMTkwYi00NDc0LTk5MDctZGY4NzE3NTJhNTkzXzAxMg==","","Steffen Grohsschmiedt","https://www.linkedin.com/in/steffen-grohsschmiedt","Robert Schäfer","https://www.linkedin.com/in/roschaefer","2023-08-31 07:08:40 UTC","",":D","INBOX","","No"
"2-MzhkODVhNzYtMTkwYi00NDc0LTk5MDctZGY4NzE3NTJhNTkzXzAxMg==","","Robert Schäfer","https://www.linkedin.com/in/roschaefer","Steffen Grohsschmiedt","https://www.linkedin.com/in/steffen-grohsschmiedt","2023-08-30 14:44:48 UTC","","Kuckuck!","INBOX","","No"
"2-MjAwNTYzYTEtODdlNC00ZTE0LWI1N2MtOTkxM2FiZGI5Y2Y1XzAxMA==","PHP Developer - Cologne - 3 days onsite and 2 days remote - Perm Job","Robert Schäfer","https://www.linkedin.com/in/roschaefer","Michael Francis Komba MSc, BA (Hons)","https://www.linkedin.com/in/-49272692","2023-09-01 00:51:41 UTC","PHP Developer - Cologne - 3 days onsite and 2 days remote - Perm Job","Until 12th September in Cologne. I'm not a good fit for their technology stack and their budget is way too low. I think I pass.","INBOX","","No"
"2-MjAwNTYzYTEtODdlNC00ZTE0LWI1N2MtOTkxM2FiZGI5Y2Y1XzAxMA==","PHP Developer - Cologne - 3 days onsite and 2 days remote - Perm Job","Michael Francis Komba MSc, BA (Hons)","https://www.linkedin.com/in/-49272692","Robert Schäfer","https://www.linkedin.com/in/roschaefer","2023-08-31 09:32:40 UTC","PHP Developer - Cologne - 3 days onsite and 2 days remote - Perm Job","Hi Robert, the client is based in Cologne. Where about in Germany are you?","INBOX","","No"
"2-MjAwNTYzYTEtODdlNC00ZTE0LWI1N2MtOTkxM2FiZGI5Y2Y1XzAxMA==","PHP Developer - Cologne - 3 days onsite and 2 days remote - Perm Job","Robert Schäfer","https://www.linkedin.com/in/roschaefer","Michael Francis Komba MSc, BA (Hons)","https://www.linkedin.com/in/-49272692","2023-08-30 14:41:54 UTC","PHP Developer - Cologne - 3 days onsite and 2 days remote - Perm Job","Hi Michael, I'm only open for remote jobs and I prefer freelancing, sorry","INBOX","","No"
"2-MjAwNTYzYTEtODdlNC00ZTE0LWI1N2MtOTkxM2FiZGI5Y2Y1XzAxMA==","PHP Developer - Cologne - 3 days onsite and 2 days remote - Perm Job","Michael Francis Komba MSc, BA (Hons)","https://www.linkedin.com/in/-49272692","Robert Schäfer","https://www.linkedin.com/in/roschaefer","2023-08-29 15:13:15 UTC","PHP Developer - Cologne - 3 days onsite and 2 days remote - Perm Job","Hi Robert,

I hope all is well with you.

I am currently working with a client in Cologne who is looking for a PHP developer with 1 to 3 years experience with PHP and Laravel - Symfony welcome.

You will work with a start up company in building IT software solutions for their clients all over in Germany  


You tech:

PHP, Laravel and JavaScript 
You must speak German - Mandatory 
2 years experience in software development 
3 days onsite and 2 days remote 
full holiday package and other benefits included
Tow stage interview - Telephone call and face to face in office Cologne 

The client is moving fast and he whole process could take l2 weeks if both sides are available 

Salary expectation 45 to 50K   - remember students (Junior are welcome to apply)


Please send CV to: 

michael.komba@gcstechtalent.com 

I look forward to receiving your CV

Michael Francis Komba MSc, BA (Hons)
Specialist Technology Consultant - Working with some of the best Software Engineers in Germany - ""Aufbau einer Marke durch digitale Transformation und darüber hinaus"". Multilingual- English German and Spanish","INBOX","","No"
"2-MDJlZmI4MjYtYTZhZi00MmQzLWEyYzUtODgyOTFkMjFlNzgwXzAxMg==","","Yannick Schade","https://www.linkedin.com/in/yannickschade","Robert Schäfer","https://www.linkedin.com/in/roschaefer","2023-08-31 16:36:02 UTC","","Hej Robert, das mache wir gerne. Lass mich nur diese Position besetzen. Wie sieht es bei dir zum Ende der kommenden Woche aus?","INBOX","","No"
"2-MDJlZmI4MjYtYTZhZi00MmQzLWEyYzUtODgyOTFkMjFlNzgwXzAxMg==","","Robert Schäfer","https://www.linkedin.com/in/roschaefer","Yannick Schade","https://www.linkedin.com/in/yannickschade","2023-08-30 16:10:27 UTC","","Puh, ich habe da eine klare Vorstellung warum das so ist, aber das würde den Rahmen einer linkedin Direktnachricht sprengen. Wenn du es wirklich wissen willst, können wir telefonieren","INBOX","","No"
"2-MDJlZmI4MjYtYTZhZi00MmQzLWEyYzUtODgyOTFkMjFlNzgwXzAxMg==","","Yannick Schade","https://www.linkedin.com/in/yannickschade","Robert Schäfer","https://www.linkedin.com/in/roschaefer","2023-08-30 15:21:35 UTC","","Kennst du vielleicht jemanden aus deinem Umfeld, der augenblicklich eine neue Herausforderung sucht, ich packe dir mal die Anzeige hier rein? 👇  Des Weiteren, habe ich dir eine Kontaktanfrage geschickt und würde mich freuen, wenn wir in Kontakt bleiben. Ich poste unsere Freelance Gesuche grundsätzlich unter meinen Followern, vielleicht kommen wir ja zu einem späteren Zeitpunkt zusammen

👉 https://www.linkedin.com/jobs/view/3706066507/","INBOX","","No"
"2-MDJlZmI4MjYtYTZhZi00MmQzLWEyYzUtODgyOTFkMjFlNzgwXzAxMg==","","Yannick Schade","https://www.linkedin.com/in/yannickschade","Robert Schäfer","https://www.linkedin.com/in/roschaefer","2023-08-30 15:18:27 UTC","","Hej Robert, 
dann halte ich dies im Hinterkopf. Mein Gesuch geht in die Richtung der Festanstellung und ist daher nicht passend für dich. 
Kurze Nachfrage zur eingeschlafenen community, da ich dies jetzt schon von einigen Devs gehört habe: Woran liegt das deiner Meinung nach?","INBOX","","No"
"2-MDJlZmI4MjYtYTZhZi00MmQzLWEyYzUtODgyOTFkMjFlNzgwXzAxMg==","","Robert Schäfer","https://www.linkedin.com/in/roschaefer","Yannick Schade","https://www.linkedin.com/in/yannickschade","2023-08-30 14:53:11 UTC","","HalHallo Yannick, ich arbeite 100% remote und bevorzuge freelancing. Wenn das für dich OK ist, können wir mal sprechen.
  
Bei dem konkreten Projekt passe ich wohl nicht so gut: Ich möchte mich von der Programmiersprache Ruby langfristig eher verabschieden. Grund ist die eingeschlafene Open-Source community, ohne die man leider sehr viel mehr Arbeit hat.","INBOX","","No"
"2-MDJlZmI4MjYtYTZhZi00MmQzLWEyYzUtODgyOTFkMjFlNzgwXzAxMg==","","Yannick Schade","https://www.linkedin.com/in/yannickschade","Robert Schäfer","https://www.linkedin.com/in/roschaefer","2023-08-30 14:53:11 UTC","","Hej Robert, 
ich bin jetzt schon mehrfach über dein Profil gestolpert und würde mich gerne mit dir vernetzen, da ich einen Senior Ruby Dev für eine remote Festanstellung suche. Hast du grundsätzlich Interesse an einer beruflichen Veränderung und einem Austausch dazu?
Liebe Grüße ✌️
Yannick","INBOX","","No"
"2-ZmVlYzMyM2UtYjU1YS00ZTk1LTk2YjktYzI4Yzc1OTdmYjIxXzAxMg==","100% Remote Opportunity - React/Node/TS/JS","Samuel McMillan","https://www.linkedin.com/in/samuel-mcmillan-a5028a15a","Robert Schäfer","https://www.linkedin.com/in/roschaefer","2023-08-31 10:30:38 UTC","100% Remote Opportunity - React/Node/TS/JS","Dear Robert,

How are things going at your current role?

I ask as I am working on a Full Stack Software Engineer role that I believe would be ideal for you given the experience you have gained over your career so far, especially your current role where you work with JavaScript & Typescript, React & Node, as well as a mixture of DevOps tools! It would be great to learn more about you and your skills.

The client I'm working with focuses on the circular economy and sustainability. You’d be joining a company that offer creative and innovative solutions globally to various industries, making the path to resource-saving cycles efficient and easy.

They are seeking a Full Stack Engineer that has experience with Typescript, JavaScript, Node.js and React.js. If you are looking to bring your creativity and innovation to a dynamic development team, and you have an ambitious mindset, then this role where you will have the opportunity to further your career is for you!

To discuss further, let me know when would work sometime tomorrow for a 5-10-minute chat and I’ll provide more context? Please send through the best contact number to reach you on.

Looking forward to speaking with you soon,

Sam McMillan
Senior Technical Recruitment Consultant - Charlton Morris","INBOX","","No"
"2-ZWYyY2Y4OWQtNGY0Yy00Y2FkLWEyZDAtNmUxYTA0YzdjNTRiXzAxMg==","","Daniella Reyes","https://www.linkedin.com/in/daniella-reyes-578778231","Robert Schäfer","https://www.linkedin.com/in/roschaefer","2023-08-31 08:01:24 UTC","","Hi Robert! This position does offer 100% remote, however, it is a permanent position and not a freelance role.","INBOX","","No"
"2-ZWYyY2Y4OWQtNGY0Yy00Y2FkLWEyZDAtNmUxYTA0YzdjNTRiXzAxMg==","","Robert Schäfer","https://www.linkedin.com/in/roschaefer","Daniella Reyes","https://www.linkedin.com/in/daniella-reyes-578778231","2023-08-30 14:45:22 UTC","","Hey Daniella, do they offer 100% remote and freelancing?","INBOX","","No"
"2-ZWYyY2Y4OWQtNGY0Yy00Y2FkLWEyZDAtNmUxYTA0YzdjNTRiXzAxMg==","","Daniella Reyes","https://www.linkedin.com/in/daniella-reyes-578778231","Robert Schäfer","https://www.linkedin.com/in/roschaefer","2023-08-30 14:45:21 UTC","","Hi Robert, I'm working with the digital arm of a Global Manufacturing company based in Bottrop who are seeking a Backend Developer. You'll develop tech in the area of IoT-related data (pre)processing and algorithm handling for ML/AI. Java, BigData, Timeseries desirable. Can we discuss?
","INBOX","","No"
"2-YTUyODZjOGUtZGUzMS00YWRmLWI1MzktMGIwMjdkODZjMWQ4XzAxMg==","","Robert Schäfer","https://www.linkedin.com/in/roschaefer","N Naveen","https://www.linkedin.com/in/n-naveen-184379245","2023-08-30 15:00:56 UTC","","That's a shame :)","INBOX","","No"
"2-YTUyODZjOGUtZGUzMS00YWRmLWI1MzktMGIwMjdkODZjMWQ4XzAxMg==","","N Naveen","https://www.linkedin.com/in/n-naveen-184379245","Robert Schäfer","https://www.linkedin.com/in/roschaefer","2023-08-30 14:59:42 UTC","","at least one day to Essen / week","INBOX","","No"
"2-YTUyODZjOGUtZGUzMS00YWRmLWI1MzktMGIwMjdkODZjMWQ4XzAxMg==","","N Naveen","https://www.linkedin.com/in/n-naveen-184379245","Robert Schäfer","https://www.linkedin.com/in/roschaefer","2023-08-30 14:59:15 UTC","","No","INBOX","","No"
"2-YTUyODZjOGUtZGUzMS00YWRmLWI1MzktMGIwMjdkODZjMWQ4XzAxMg==","","Robert Schäfer","https://www.linkedin.com/in/roschaefer","N Naveen","https://www.linkedin.com/in/n-naveen-184379245","2023-08-30 14:58:54 UTC","","Hi Naveen, is 100% remote possible?","INBOX","","No"
"2-YTUyODZjOGUtZGUzMS00YWRmLWI1MzktMGIwMjdkODZjMWQ4XzAxMg==","","N Naveen","https://www.linkedin.com/in/n-naveen-184379245","Robert Schäfer","https://www.linkedin.com/in/roschaefer","2023-08-30 14:58:54 UTC","","Hi
    One of our clients is looking for ""FULLSTACK Engineer- UI"". If you are interested, Pls share your resume to naveen.nelluri@avanceservices.uk
     
    Location : Essen,North Rhine-Westphalia,Germany (Hybrid)

    Duration : Contract ","INBOX","","No"
"2-OThmZTcxNGMtOGI2Yi00ODJhLTg2NTUtYTcwYmNkYzAzMjFiXzAxMg==","","Robert Schäfer","https://www.linkedin.com/in/roschaefer","Jon Foan","https://www.linkedin.com/in/jon-foan-27a419125","2023-08-30 15:00:01 UTC","","I guess they don't..","INBOX","","No"
"2-OThmZTcxNGMtOGI2Yi00ODJhLTg2NTUtYTcwYmNkYzAzMjFiXzAxMg==","","Robert Schäfer","https://www.linkedin.com/in/roschaefer","Jon Foan","https://www.linkedin.com/in/jon-foan-27a419125","2023-07-27 12:11:58 UTC","","Hi Jon, do they look for freelancers, too?","INBOX","","No"
"2-OThmZTcxNGMtOGI2Yi00ODJhLTg2NTUtYTcwYmNkYzAzMjFiXzAxMg==","","Jon Foan","https://www.linkedin.com/in/jon-foan-27a419125","Robert Schäfer","https://www.linkedin.com/in/roschaefer","2023-07-27 12:11:58 UTC","","Hi Robert
Remote work OK  -Greenfield Green Energy Product Company in Munich are searching for developers to work on a innovating product in the field of Green Energy that is transforming the world. React JS, GraphQL, Microservice Node JS, AWS 100K","INBOX","","No"
"2-YWNiMjBhOTktNzZiNi00ZTNmLWJlZWYtNTY3ODdmYTZmMzZkXzAxMg==","","Robert Schäfer","https://www.linkedin.com/in/roschaefer","Maria Graf","https://www.linkedin.com/in/graf-consulting-recruitment","2023-08-30 14:57:55 UTC","","Hallo Maria, wichtig bei mir ist 100% remote, ich bin nämlich einer von diesen Digitalnomaden. Gerade bin ich auch 100% selbständig, deswegen bevorzuge ich Freelancing, aber wenn mir das Projekt wirklich gut gefällt dann würde ich vielleicht wechseln.

Wenn das für euch OK ist, dann können wir mal miteinander sprechen.","INBOX","","No"
"2-YWNiMjBhOTktNzZiNi00ZTNmLWJlZWYtNTY3ODdmYTZmMzZkXzAxMg==","","Maria Graf","https://www.linkedin.com/in/graf-consulting-recruitment","Robert Schäfer","https://www.linkedin.com/in/roschaefer","2023-08-30 14:57:55 UTC","","Hi Robert, ich suche aktuell für PINCAMP (100% ADAC) einen Senior Fullstack Dev. Dein Profil finde ich aufgrund deiner Expertise in FE und BE sehr spannend. Remote und Agile Work sind bei Pincamp selbstverständlich. Bist offen für eine Festanstellung? 
VG, Maria Graf 
Freelance Recruiter ","INBOX","","No"
"2-ZjljYzg2NDEtOTk2OS00OWEwLTk5YzAtZGM5MDFjMGM2NTU1XzAxMA==","Node.js Rockstar gesucht! Startgehalt bis zu 97K € + Flexible Arbeitsweise!","Robert Schäfer","https://www.linkedin.com/in/roschaefer","Uranja Panajoti","https://www.linkedin.com/in/uranja-panajoti-4581921b0","2023-08-30 14:44:28 UTC","Node.js Rockstar gesucht! Startgehalt bis zu 97K € + Flexible Arbeitsweise!","Hallo Uranja, ich arbeite 100% remote und bevorzuge Freelancing statt Festanstellung. Wenn das für euch OK klingt, können wir gerne mal sprechen","INBOX","","No"
"2-ZjljYzg2NDEtOTk2OS00OWEwLTk5YzAtZGM5MDFjMGM2NTU1XzAxMA==","Node.js Rockstar gesucht! Startgehalt bis zu 97K € + Flexible Arbeitsweise!","Uranja Panajoti","https://www.linkedin.com/in/uranja-panajoti-4581921b0","Robert Schäfer","https://www.linkedin.com/in/roschaefer","2023-08-28 14:55:42 UTC","Node.js Rockstar gesucht! Startgehalt bis zu 97K € + Flexible Arbeitsweise!","Hallo Robert,

du bist ein wahres Node.js-Talent und brennst darauf, deine Skills zu entfalten? Dann habe ich großartige Neuigkeiten für dich!
Ich arbeite als externe Recruiterin mit mehreren erstklassigen Unternehmen zusammen, die nach jemandem wie dir suchen, um ihr Team zu bereichern!

Option 1: Umwelttechnologiebranche vorantreiben
Ein visionäres Team sucht nach kreativen Köpfen, die Lust haben, die Grenzen der Naturwissenschaften zu sprengen! Junioren sind auch willkommen! Arbeite an bahnbrechenden Projekten und sichere dir ein attraktives Gehalt von bis zu 90.000 € (start). Ob remote oder hybrid – du hast die Wahl!

Option 2: KI-Pionier
Bist du fasziniert von KI-Lösungen? Hier wartet eine aufstrebende Firma darauf, dass du deine Node.js-Magie einsetzt, um die Zukunft zu gestalten. Flexibles Arbeiten, um deine Work-Life-Balance zu optimieren – ein weiterer Pluspunkt!

Option 3: Finanzinnovationen gestalten
Tauche ein in die Welt der Finanzen und werde Teil eines visionären Teams, das zukunftsweisende Inhouse-Produkte entwickelt! Mit deiner Node.js-Expertise kannst du innovative Lösungen kreieren, die die Finanzbranche revolutionieren. Dein Gehalt kann bis zu 97.000 € betragen, und du hast die Flexibilität, entweder remote oder hybrid zu arbeiten!

Dein Code-Fu ist gefragt! Wir haben die Chancen und die Vergütung, die du verdienst! Bereit, den nächsten Schritt zu gehen? Lass uns gemeinsam dein nächstes Abenteuer starten!

Schreib mir einfach eine kurze Nachricht, und wir besprechen alle Details.

In Vorfreude auf deine Nachricht,

Uranja Panajoti
Senior IT Recruitment Consultant / Career Match-Maker
Mobil: +49 15151527369
E-Mail: u.panajoti@elevationpartners.de","INBOX","","No"
"2-ZjA0ZjI2NGQtYTc4MC00YzA1LWEzZWEtNDk5ZTgxMzZhYjRjXzAxMg==","","Robert Schäfer","https://www.linkedin.com/in/roschaefer","Hannes Würfel","https://www.linkedin.com/in/hanneswuerfel","2023-08-24 04:37:35 UTC","","Ah, kein Link, LinkedIn glaubt, es sind Telefonnummern","INBOX","","No"
"2-ZjA0ZjI2NGQtYTc4MC00YzA1LWEzZWEtNDk5ZTgxMzZhYjRjXzAxMg==","","Robert Schäfer","https://www.linkedin.com/in/roschaefer","Hannes Würfel","https://www.linkedin.com/in/hanneswuerfel","2023-08-24 04:36:50 UTC","","Oh das ist aber lieb 😄 in Leipzig bin ich immer bei einem ehemaligen Arbeitskollegen, gut zu wissen, dass du da auch wohnst. Dann kann man sich beim nächsten Mal treffen. Ich schau mir die Links gleich gleich mal an","INBOX","","No"
"2-ZjA0ZjI2NGQtYTc4MC00YzA1LWEzZWEtNDk5ZTgxMzZhYjRjXzAxMg==","","Hannes Würfel","https://www.linkedin.com/in/hanneswuerfel","Robert Schäfer","https://www.linkedin.com/in/roschaefer","2023-08-23 19:41:49 UTC","","Wenn du mal ein Zimmer für ein paar Tage brauchst, in Leipzig steht dir ein Zimmer offen.
Ich bin Rendering Engineer bei EA Sports Fifa, jetzt FC24, kommt am 29.09. raus.","INBOX","","No"
"2-ZjA0ZjI2NGQtYTc4MC00YzA1LWEzZWEtNDk5ZTgxMzZhYjRjXzAxMg==","","Robert Schäfer","https://www.linkedin.com/in/roschaefer","Hannes Würfel","https://www.linkedin.com/in/hanneswuerfel","2023-08-23 16:51:36 UTC","","Cool, was treibst du denn so bei EA? Navi Spiel? 🤔 erzähl doch mal, das würde mich interessieren ","INBOX","","No"
"2-ZjA0ZjI2NGQtYTc4MC00YzA1LWEzZWEtNDk5ZTgxMzZhYjRjXzAxMg==","","Robert Schäfer","https://www.linkedin.com/in/roschaefer","Hannes Würfel","https://www.linkedin.com/in/hanneswuerfel","2023-08-23 16:50:17 UTC","","Ich hab keine Wohnung mehr in Deutschland und schnorre mich so bei Freunden und Familie durch. Bis heute bin ich bei einer Freundin in Berlin untergekommen, morgen geht's zu meinem Bruder nach Siegburg.","INBOX","","No"
"2-ZjA0ZjI2NGQtYTc4MC00YzA1LWEzZWEtNDk5ZTgxMzZhYjRjXzAxMg==","","Hannes Würfel","https://www.linkedin.com/in/hanneswuerfel","Robert Schäfer","https://www.linkedin.com/in/roschaefer","2023-08-23 08:54:03 UTC","","Ah verstehe. Hast du deine Zelte komplett abgebrochen in Deutschland, oder hast du noch eine Bleibe? Ich bin diese Woche in Koblenz und danach den September im Urlaub. Nach Israel schaff ich es erstmal nicht, aber wenn du mal wieder im Raum Berlin bist, meld dich gerne. Projekte kann ich dir wohl nicht vermitteln, dafür bin ich doch nach wie vor zu fest angestellt. Aber das Produkt hat sich verändert, vom Navi zum Konsolenspiel.

Mir geht's gut. Gestern war ein schöner Tag und heute bisher auch. Eine große Fahrradreise und Wanderung folgt. Weiter denk ich noch nicht.","INBOX","","No"
"2-ZjA0ZjI2NGQtYTc4MC00YzA1LWEzZWEtNDk5ZTgxMzZhYjRjXzAxMg==","","Robert Schäfer","https://www.linkedin.com/in/roschaefer","Hannes Würfel","https://www.linkedin.com/in/hanneswuerfel","2023-08-21 05:42:02 UTC","","Ja, das Sommerfest habe ich mal schön verpeilt. Es hat aber auch ungünstig stattgefunden, wie ich gerade gesehen habe.
 
 Ich bin die letzten zwei Jahre digitalnomadig durch die Gegend gereist und hab währenddessen gefreelancert. Im Moment bin ich auch auf der Suche nach Projekten, und treibe mich bis Mittwoch noch in Berlin rum. Im September geht's dann nach Israel. Also falls du zufällig 1 Projekt kennst oder wir uns mal treffen sollen? Wie geht's dir denn?","INBOX","","No"
"2-ZjA0ZjI2NGQtYTc4MC00YzA1LWEzZWEtNDk5ZTgxMzZhYjRjXzAxMg==","","Hannes Würfel","https://www.linkedin.com/in/hanneswuerfel","Robert Schäfer","https://www.linkedin.com/in/roschaefer","2023-08-19 07:37:45 UTC","","Hi Robert. Das stimmt. Ich hab dich dieses Jahr nicht auf dem HPI Sommerfest gesehen.
Dachte eigentlich, dass wir schon vernetzt sind, aber LinkedIn widersprach mir.

Wie geht's dir? Wo treibst du dich so rum? Hast ja auch einiges an Jobs ausprobiert, seit wir uns das letzte Mal gesprochen haben, spannend.","INBOX","","No"
"2-ZjA0ZjI2NGQtYTc4MC00YzA1LWEzZWEtNDk5ZTgxMzZhYjRjXzAxMg==","","Robert Schäfer","https://www.linkedin.com/in/roschaefer","Hannes Würfel","https://www.linkedin.com/in/hanneswuerfel","2023-08-18 13:04:42 UTC","","Na? Long time no see","INBOX","","No"
"2-NThlYzkxYjQtMDg4Yi00ZGIzLWI1NzUtODMxZjFmOTU5MDA4XzAxMg==","Remote OK - Greenfield Green Energy Product Company - Munich - 100,000 React/Node JS","Jon Foan","https://www.linkedin.com/in/jon-foan-27a419125","Robert Schäfer","https://www.linkedin.com/in/roschaefer","2023-08-22 19:56:55 UTC","Remote OK - Greenfield Green Energy Product Company - Munich - 100,000 React/Node JS","I hope are well 	

One company I would like to present to you is a Munich based technology driven product organisation that are developing a Greenfield Product in the field of Green Energy.

Founded over 5 years ago my client has become Germany’s market leader with plans to conquer Europe and the US in the next 1-2 years. 

My client is searching for both a frontend and backend developer to grow their inhouse software development team. Remote is ok!


In last 6 months my client has seen a real increase in demand from new and existing customers since their product is extremely relevant in today’s growth of renewable energy and making the world a better place! 

Some points of interest

Company size over 450 people and growing!
30 Days Holiday
Salary up to €100,000
Home office
Virtual stocks 

Technology stack – React JS, Redux, Node JS, Typescript, Python, AWS, Kubernetes, Docker and Microservices 

Please can you confirm your best contact number and time to speak with you today

Jon Foan
Partner and Senior Java/JavaScript consultant @ Jonathan Rhys Recruitment at Jonathan Rhys Recruitment","INBOX","","No"
"2-YWQ0OGNmZjYtODQ3Ni00MTQzLWIzYmMtMTU1MmJiNWYxYjBlXzAxMA==","Job Opportunity!","Robert Schäfer","https://www.linkedin.com/in/roschaefer","Haseeb Javed","https://www.linkedin.com/in/haseeb-javed-592142200","2023-08-22 18:27:11 UTC","Job Opportunity!","Hey 👋 I'm only interested in freelance and remote jobs","INBOX","","No"
"2-YWQ0OGNmZjYtODQ3Ni00MTQzLWIzYmMtMTU1MmJiNWYxYjBlXzAxMA==","Job Opportunity!","Haseeb Javed","https://www.linkedin.com/in/haseeb-javed-592142200","Robert Schäfer","https://www.linkedin.com/in/roschaefer","2023-08-22 14:18:52 UTC","Job Opportunity!","Hi Robert!

Hope you're well!

I am looking for a Software Engineer based in North Rhine-Westphalia with specific tech stacks - having experience in JavaScript, GCP/AWS, Docker/Kubernetes. 

I have come across your profile and like what I see!

I'm a tech recruiter from techruiter, we have multiple roles for engineers like yourself. Could you send me your CV? 

I would be able to present you with a job opportunity that we have and help you find your next role!

Thanks

Thanks,
Haseeb Javed
Technical Recruiter at Techruiter","INBOX","","No"
"2-NTdhMDZiODgtNzJiMC00MTExLTk5NzktMjVkNmEyZTljNTIzXzAxMg==","Full Stack Developer - €80,000 - €85,000 per annum - Remote (Germany only)","Paul Dragoonis","https://www.linkedin.com/in/pauldragoonis","Robert Schäfer","https://www.linkedin.com/in/roschaefer","2023-08-21 11:51:38 UTC","Full Stack Developer - €80,000 - €85,000 per annum - Remote (Germany only)","Hey Robert,

I'm a software engineer/architect by trade (please check out my bio) and I hire talented engineers like yourself, for reputable companies.

Our client is currently looking for a Full-Stack Developer, and I think you would be a good match for it.

Check out the attached PDF and let me know if you're interested? If you're not I would be grateful if you could still reply back.

Many thanks,

Paul Dragoonis
Principal Architect & Engineer. Open Source Leader. Public Speaker ","INBOX","https://www.linkedin.com/dms/prv/vid/v2/D4E06AQGIYUo3d3lGnw/messaging-attachmentFile/messaging-attachmentFile/0/1692618687100?m=AQKogNoAYFy8YgAAAaA2Betlhzx7bMVP-lqsM2wqOLcy29RPqaw58EGhug&ne=1&v=beta&t=1lSKMqBtDmkixT9ShAjvweuAuaf_ZP6mgMCrlAGrPxI","No"
"2-NWM3Nzk4ZjEtMzI1NS00ODJjLTliMjEtMGJlYjRjYThhMGI4XzAxMA==","🇩🇪 Senior Backend Engineer - Remote in Germany","Robert Schäfer","https://www.linkedin.com/in/roschaefer","Matt Cameron","https://www.linkedin.com/in/mattcameron-techne","2023-08-15 15:20:21 UTC","🇩🇪 Senior Backend Engineer - Remote in Germany","Hi Matt, do they hire freelancers as well?","INBOX","","No"
"2-NWM3Nzk4ZjEtMzI1NS00ODJjLTliMjEtMGJlYjRjYThhMGI4XzAxMA==","🇩🇪 Senior Backend Engineer - Remote in Germany","Matt Cameron","https://www.linkedin.com/in/mattcameron-techne","Robert Schäfer","https://www.linkedin.com/in/roschaefer","2023-08-15 10:17:18 UTC","🇩🇪 Senior Backend Engineer - Remote in Germany","Hi Robert

I have taken a look at your profile and you look a great fit for a role I am currently recruiting for. 

My client is a market leader in international payroll and compliance and have secured over $300M USD in Series D funding. They are a global team passionate about problem solving, especially when it comes to remote working. Made up of self-driven people spanning 50+ countries, they are looking for Backend Development and Team Leaders to join their fast-growing team. You'll be working in a multi-functional, remote team, owning their products from top to bottom.

Job Titles

- 1 x Senior Backend Engineer [NodeJS]
- 1 x Backend Team Lead [NodeJS]

Package

- up to €105k + benefits

Location

Fully Remote in Germany

Essential requirements:

- Node.JS
- RESTful APIs.
- Express.JS
- Automated units, Functional and integration tests

Desired

- Event Driven Architecture
- Serverless
- AWS, S3, Lambda
- Sequelize, Postgres, MongoDB
- Docker

Benefits

- Generous stock options.
- Budget directed to learning and development.
- Remote-working culture.
- Flexible Paid Time Off

I am working on multiple roles across Germany. It would be great to have a call to learn more and see where would be a good fit.

Matt Cameron
Recruitment Consultant
matthew.c@coretechrecruitment.com","INBOX","","No"
"2-ZWRlZDAzMmYtNjBlZC00ZDU2LWEyY2YtMjQ3YWI3NjVjOGVhXzAxMg==","Are You Free For Freelancing?","Robert Schäfer","https://www.linkedin.com/in/roschaefer","Frankie Baron","https://www.linkedin.com/in/frankie-baron-amicus","2023-08-10 10:17:59 UTC","Are You Free For Freelancing?","","INBOX","https://www.linkedin.com/dms/prv/vid/v2/D4E06AQFf76l1n2sWRw/messaging-attachmentFile/messaging-attachmentFile/0/1691662621533?m=AQKE370nQPAwwQAAAaA2BetmlNQcOsXxBN4yxeQZk0YNfqUOm1f50l_wJA&ne=1&v=beta&t=Ev8S2okQNLqZnpv1DeEgJLb7eGGj6GZO9j-9DvbFy84","No"
"2-ZWRlZDAzMmYtNjBlZC00ZDU2LWEyY2YtMjQ3YWI3NjVjOGVhXzAxMg==","Are You Free For Freelancing?","Frankie Baron","https://www.linkedin.com/in/frankie-baron-amicus","Robert Schäfer","https://www.linkedin.com/in/roschaefer","2023-08-10 09:28:40 UTC","Are You Free For Freelancing?","Let's use this link!","INBOX","","No"
"2-ZWRlZDAzMmYtNjBlZC00ZDU2LWEyY2YtMjQ3YWI3NjVjOGVhXzAxMg==","Are You Free For Freelancing?","Frankie Baron","https://www.linkedin.com/in/frankie-baron-amicus","Robert Schäfer","https://www.linkedin.com/in/roschaefer","2023-08-10 09:28:08 UTC","Are You Free For Freelancing?","https://www.streamline-tech.co.uk/amicus/frankiebaron","INBOX","","No"
"2-ZWRlZDAzMmYtNjBlZC00ZDU2LWEyY2YtMjQ3YWI3NjVjOGVhXzAxMg==","Are You Free For Freelancing?","Robert Schäfer","https://www.linkedin.com/in/roschaefer","Frankie Baron","https://www.linkedin.com/in/frankie-baron-amicus","2023-08-10 09:27:15 UTC","Are You Free For Freelancing?","Virtual meeting room e.g. Google Meet is fine for me","INBOX","","No"
"2-ZWRlZDAzMmYtNjBlZC00ZDU2LWEyY2YtMjQ3YWI3NjVjOGVhXzAxMg==","Are You Free For Freelancing?","Frankie Baron","https://www.linkedin.com/in/frankie-baron-amicus","Robert Schäfer","https://www.linkedin.com/in/roschaefer","2023-08-10 08:59:13 UTC","Are You Free For Freelancing?","Hi Robert, excited to meet at 11:30 CEST! Would you prefer a phone call or a virtual meeting room?","INBOX","","No"
"2-ZWRlZDAzMmYtNjBlZC00ZDU2LWEyY2YtMjQ3YWI3NjVjOGVhXzAxMg==","Are You Free For Freelancing?","Frankie Baron","https://www.linkedin.com/in/frankie-baron-amicus","Robert Schäfer","https://www.linkedin.com/in/roschaefer","2023-08-02 10:11:56 UTC","Are You Free For Freelancing?","Amazing, please book in a slot that works for you! - https://calendly.com/frankie-baron/30min","INBOX","","No"
"2-ZWRlZDAzMmYtNjBlZC00ZDU2LWEyY2YtMjQ3YWI3NjVjOGVhXzAxMg==","Are You Free For Freelancing?","Robert Schäfer","https://www.linkedin.com/in/roschaefer","Frankie Baron","https://www.linkedin.com/in/frankie-baron-amicus","2023-08-01 18:04:13 UTC","Are You Free For Freelancing?","Yes, I'm looking for freelance+remote jobs. We can have a chat if you want.","INBOX","","No"
"2-ZWRlZDAzMmYtNjBlZC00ZDU2LWEyY2YtMjQ3YWI3NjVjOGVhXzAxMg==","Are You Free For Freelancing?","Frankie Baron","https://www.linkedin.com/in/frankie-baron-amicus","Robert Schäfer","https://www.linkedin.com/in/roschaefer","2023-08-01 10:44:59 UTC","Are You Free For Freelancing?","Hi Robert, 

As someone who solely recruits the best freelancers in Germany, I was really intrigued by your profile, and I thought you could be a great fit for some of the roles I have in the pipeline.

Would you be free for a chat to discuss your background and your requirements from your next role?

Hope to hear from you soon!

Frankie Baron
Connecting Businesses With Exceptional Contracting Talent","INBOX","","No"
"2-ZGVhMTVjNjItMTYzMi00ODNhLTg2ZDYtMjIwZDUzNzA3NTU4XzAxMw==","Senior Lead Developer I Berlin I","Robert Schäfer","https://www.linkedin.com/in/roschaefer","Marko Dominović","https://www.linkedin.com/in/marko-dominovic","2023-08-09 09:57:10 UTC","Senior Lead Developer I Berlin I","No, I don't unfortunately. Best of luck!","INBOX","","No"
"2-ZGVhMTVjNjItMTYzMi00ODNhLTg2ZDYtMjIwZDUzNzA3NTU4XzAxMw==","Senior Lead Developer I Berlin I","Marko Dominović","https://www.linkedin.com/in/marko-dominovic","Robert Schäfer","https://www.linkedin.com/in/roschaefer","2023-08-09 09:32:08 UTC","Senior Lead Developer I Berlin I","I fully understand- do you know anyone who would be open for a full time remote role?","INBOX","","No"
"2-ZGVhMTVjNjItMTYzMi00ODNhLTg2ZDYtMjIwZDUzNzA3NTU4XzAxMw==","Senior Lead Developer I Berlin I","Robert Schäfer","https://www.linkedin.com/in/roschaefer","Marko Dominović","https://www.linkedin.com/in/marko-dominovic","2023-08-09 09:05:17 UTC","Senior Lead Developer I Berlin I","I'm working 100% remote+freelance, so probably not a great fit I'm afraid.","INBOX","","No"
"2-ZGVhMTVjNjItMTYzMi00ODNhLTg2ZDYtMjIwZDUzNzA3NTU4XzAxMw==","Senior Lead Developer I Berlin I","Marko Dominović","https://www.linkedin.com/in/marko-dominovic","Robert Schäfer","https://www.linkedin.com/in/roschaefer","2023-08-09 06:01:41 UTC","Senior Lead Developer I Berlin I","Hi Robert,

They are looking to hire someone on the full time basis with a permanent contract.","INBOX","","No"
"2-ZGVhMTVjNjItMTYzMi00ODNhLTg2ZDYtMjIwZDUzNzA3NTU4XzAxMw==","Senior Lead Developer I Berlin I","Robert Schäfer","https://www.linkedin.com/in/roschaefer","Marko Dominović","https://www.linkedin.com/in/marko-dominovic","2023-08-08 17:25:21 UTC","Senior Lead Developer I Berlin I","Hey Marko, do they hire freelancers?","INBOX","","No"
"2-ZGVhMTVjNjItMTYzMi00ODNhLTg2ZDYtMjIwZDUzNzA3NTU4XzAxMw==","Senior Lead Developer I Berlin I","Marko Dominović","https://www.linkedin.com/in/marko-dominovic","Robert Schäfer","https://www.linkedin.com/in/roschaefer","2023-08-08 14:42:36 UTC","Senior Lead Developer I Berlin I","Hi Robert,

How are you?

I represent Storm3, the biggest HealthTech talent connector in Europe.

Your profile stood out to me for a highly exciting, confidential role that I am working on with a Healthtech scale-up that is in need of skills like yours! 

They are located in Berlin and offer the possibility of fully remote work.

When do you have a quick 10 minutes for me to tell you more about this?

Best,

Marko

Marko Dominović
Associate Consultant at Storm3| Connecting HealthTech Talent across Europe, Asia & North America

t:

	+31 20 809 6679","INBOX","","No"
"2-MDk3M2QzMWYtNzY3Zi00MjU0LWJiMzUtOGY4NzQ2ODQyNmNjXzAxMg==","Ruby On Rails Part-time/Freelance Role","Robert Schäfer","https://www.linkedin.com/in/roschaefer","Richard G.","https://www.linkedin.com/in/richard-g-517618189","2023-07-28 10:30:59 UTC","Ruby On Rails Part-time/Freelance Role","Hey Rich, yes, I would be interested.","INBOX","","No"
"2-MDk3M2QzMWYtNzY3Zi00MjU0LWJiMzUtOGY4NzQ2ODQyNmNjXzAxMg==","Ruby On Rails Part-time/Freelance Role","Richard G.","https://www.linkedin.com/in/richard-g-517618189","Robert Schäfer","https://www.linkedin.com/in/roschaefer","2023-07-27 15:33:26 UTC","Ruby On Rails Part-time/Freelance Role","Hey Robert, 

Hope your week is going well! I was wondering if you could help me, my client are looking for support in building their new platform, they are on the lookout for a Freelance/Part-time Ruby on Rails Developer to come in on a contract basis. There is scope for it to go full time eventually. 

Key Skills/Requirements:
-Ruby on Rails Development 
-Alpine, Stimulus and Tailwind CSS
-Problem Solver

Contract will be running until the end of the year with likely extensions, paying flexible rates Outside IR35 and will be fully remote. Would you or anyone you know be interested? :)

Rich

Richard Gregory
Team Lead (Contract) at Revolution Technology 
richard.gregory@revolutiontechnology.co.uk
02038001288","INBOX","","No"
"2-OGQ0NWU2NjMtODk1MS00NGYyLTllNmMtMTk0NTc1ZDI1NGI5XzAxMw==","Senior Developer Frontend mit React Native Fokus (m/w/d) gesucht!","Robert Schäfer","https://www.linkedin.com/in/roschaefer","Valeria Vaysman","https://www.linkedin.com/in/valeria-vaysman-9a653825b","2023-07-27 12:46:24 UTC","Senior Developer Frontend mit React Native Fokus (m/w/d) gesucht!","schade  🙂","INBOX","","No"
"2-OGQ0NWU2NjMtODk1MS00NGYyLTllNmMtMTk0NTc1ZDI1NGI5XzAxMw==","Senior Developer Frontend mit React Native Fokus (m/w/d) gesucht!","Valeria Vaysman","https://www.linkedin.com/in/valeria-vaysman-9a653825b","Robert Schäfer","https://www.linkedin.com/in/roschaefer","2023-07-27 12:31:52 UTC","Senior Developer Frontend mit React Native Fokus (m/w/d) gesucht!","momentan nur in Festanstellung","INBOX","","No"
"2-OGQ0NWU2NjMtODk1MS00NGYyLTllNmMtMTk0NTc1ZDI1NGI5XzAxMw==","Senior Developer Frontend mit React Native Fokus (m/w/d) gesucht!","Robert Schäfer","https://www.linkedin.com/in/roschaefer","Valeria Vaysman","https://www.linkedin.com/in/valeria-vaysman-9a653825b","2023-07-27 12:20:53 UTC","Senior Developer Frontend mit React Native Fokus (m/w/d) gesucht!","Hi Valeria, sucht ihr auch Freelancer?","INBOX","","No"
"2-OGQ0NWU2NjMtODk1MS00NGYyLTllNmMtMTk0NTc1ZDI1NGI5XzAxMw==","Senior Developer Frontend mit React Native Fokus (m/w/d) gesucht!","Valeria Vaysman","https://www.linkedin.com/in/valeria-vaysman-9a653825b","Robert Schäfer","https://www.linkedin.com/in/roschaefer","2023-07-27 07:19:12 UTC","Senior Developer Frontend mit React Native Fokus (m/w/d) gesucht!","Bist du ein leidenschaftlicher Frontend-Entwickler mit Expertise in React Native? Möchtest du an der Gestaltung einer Streaming-Plattform mit zweistelligen Millionenabrufen im Monat mitwirken? Dann bieten wir bei diesem Unternehmen eine spannende Gelegenheit!
In einem agilen Umfeld arbeitest du mit crossfunktionalen Teams bestehend aus Backend-Entwicklern, Product-Ownern und Scrum-Mastern zusammen. Deine Hauptaufgabe besteht darin, hochbelastbare User-Interfaces mit einem klaren Fokus auf React Native zu entwickeln. Du nutzt dabei deine Kenntnisse in JavaScript/TypeScript, React, Vue.js oder Angular aus, um von der Analyse bis zum Rollout maßgeblich zum Erfolg beizutragen.
Du verfügst idealerweise über 3 bis 5 Jahre Berufserfahrung als Frontend-Entwickler (m/w/d) und bringst Know-how in Mobile und Desktop Web-Applikationen mit. Moderne Web-Technologien und der Umgang mit Build-Tools sind für dich keine Herausforderung.
Als Team-Player mit Freude an agilen Entwicklungsmethoden wie Scrum bist du bereit, gemeinsam Großartiges zu erreichen. Außerdem erwarten dich außerdem einige von folgende Benefits:
•	100% Remote-Arbeit: Du hast die Möglichkeit, vollständig von einem Ort deiner Wahl aus zu arbeiten und deine Arbeitsumgebung individuell zu gestalten.
•	Flexible Arbeitszeiten: Wir wissen, dass jeder Mensch seinen eigenen Rhythmus hat. Daher bieten wir flexible Arbeitszeiten an, um deine Work-Life-Balance zu unterstützen.
Wenn du begeistert bist, neue Maßstäbe in der User-Experience zu setzen und von den Vorteilen der Benefits profitieren möchtest, dann freue ich mich auf deine Bewerbung!
Sende mir deine Bewerbungsunterlagen inkl. Lebenslauf sowie relevante Zeugnisse an:

Valeria Vaysman
+49 21130049329
v.vaysman(at)computerfutures.de","INBOX","","No"
"2-ZDVmOTMzZDgtNzIzZC00MDQwLWJmYWUtYjExNGUxYzdlYTQ2XzAxMA==","Fullstack? Get a career you love @Honeypot <3","Mareen Ruehle","https://www.linkedin.com/in/mareen-ruehle-2b0461132","Robert Schäfer","https://www.linkedin.com/in/roschaefer","2023-07-26 13:34:17 UTC","Fullstack? Get a career you love @Honeypot <3","Hi Robert, 
nice to read from you. All the jobs our clients offer are permanent ones, we do not offer contract work. 
If this is soon interesting again for you, please reach out any time. 
For now, I wish you all the best, 
Mareen","INBOX","","No"
"2-ZDVmOTMzZDgtNzIzZC00MDQwLWJmYWUtYjExNGUxYzdlYTQ2XzAxMA==","Fullstack? Get a career you love @Honeypot <3","Robert Schäfer","https://www.linkedin.com/in/roschaefer","Mareen Ruehle","https://www.linkedin.com/in/mareen-ruehle-2b0461132","2023-07-26 12:00:19 UTC","Fullstack? Get a career you love @Honeypot <3","Hi, does the platform have job listings for freelance+remote?","INBOX","","No"
"2-ZDVmOTMzZDgtNzIzZC00MDQwLWJmYWUtYjExNGUxYzdlYTQ2XzAxMA==","Fullstack? Get a career you love @Honeypot <3","Mareen Ruehle","https://www.linkedin.com/in/mareen-ruehle-2b0461132","Robert Schäfer","https://www.linkedin.com/in/roschaefer","2023-07-26 09:51:40 UTC","Fullstack? Get a career you love @Honeypot <3","Hi Robert,

I saw you are open to a job change and wanted to ask if you wanna try out our platform Honeypot. Here tech enthusiasts like you can find a job they love :)

I am impressed by your career in software and web development with React and Node.js. With your tech skills, I´m sure plenty of our partners will be interested in talking to you.

On Honeypot companies apply directly to you based on the requirements (location, salary, etc.) you set! You can easily decline invites and just wait for the right one. Your best-case scenario: a new job that you love! 

Sounds good? If you send me your email address, I can onboard you quickly 🤗
Feel also free to text me if you prefer another tech stack, or book a call directly here: https://go.honeypot.io/Jyothika

Have a lovely day and week and thank you for a quick feedback,

Mareen

PS: Check our “Netflix for Developers” on YouTube [youtube.com/c/Honeypotio] ;)

Mareen Ruehle
Team Lead Tech Sourcing @Honeypot GmbH","INBOX","","No"
"2-MmZjNmZkNzAtNzU2Zi00MTgzLWI1YTUtMmU4ZGRmZmJkMzNlXzAxMg==","","Robert Schäfer","https://www.linkedin.com/in/roschaefer","Adam Pighini","https://www.linkedin.com/in/adam-pighini-40b21527","2023-07-26 13:27:17 UTC","","👍","INBOX","","No"
"2-MmZjNmZkNzAtNzU2Zi00MTgzLWI1YTUtMmU4ZGRmZmJkMzNlXzAxMg==","","Adam Pighini","https://www.linkedin.com/in/adam-pighini-40b21527","Robert Schäfer","https://www.linkedin.com/in/roschaefer","2023-07-26 13:26:41 UTC","","Hi Robert, 

Unfortunately not. I'll let you know if there are any Freelance opps come up ? 

BR
Adam","INBOX","","No"
"2-MmZjNmZkNzAtNzU2Zi00MTgzLWI1YTUtMmU4ZGRmZmJkMzNlXzAxMg==","","Robert Schäfer","https://www.linkedin.com/in/roschaefer","Adam Pighini","https://www.linkedin.com/in/adam-pighini-40b21527","2023-07-26 12:08:49 UTC","","Hi, do they look for freelancers, too?","INBOX","","No"
"2-MmZjNmZkNzAtNzU2Zi00MTgzLWI1YTUtMmU4ZGRmZmJkMzNlXzAxMg==","","Adam Pighini","https://www.linkedin.com/in/adam-pighini-40b21527","Robert Schäfer","https://www.linkedin.com/in/roschaefer","2023-07-26 12:08:49 UTC","","Hi Robert, 

A client of mine is looking for skilled professionals like yourself.

Senior engineer - Java, Kotlin & AWS.

Creating cutting edge business applications for the worlds #1 F1 team.

Koln (100% remote possible)

Up to €85K

Could we take a short call to discuss this position?

/Adam","INBOX","","No"
"2-MzViMzI4YjYtNDJkMi00ODc1LWFmYWQtMDAwZWZkOTlhMzIwXzAxMg==","","Karolis Kundrotas","https://www.linkedin.com/in/kkundrotas","Robert Schäfer","https://www.linkedin.com/in/roschaefer","2023-07-26 12:51:17 UTC","","What woud interest you.","INBOX","","No"
"2-MzViMzI4YjYtNDJkMi00ODc1LWFmYWQtMDAwZWZkOTlhMzIwXzAxMg==","","Robert Schäfer","https://www.linkedin.com/in/roschaefer","Karolis Kundrotas","https://www.linkedin.com/in/kkundrotas","2023-07-26 12:09:44 UTC","","Hm, defence and AI doesn't sound like a field that I'm interested in.","INBOX","","No"
"2-MzViMzI4YjYtNDJkMi00ODc1LWFmYWQtMDAwZWZkOTlhMzIwXzAxMg==","","Karolis Kundrotas","https://www.linkedin.com/in/kkundrotas","Robert Schäfer","https://www.linkedin.com/in/roschaefer","2023-07-26 12:09:44 UTC","","Hi Robert, have a Rust Dev role (paying up to €200k base) with a new type of defence and artificial intelligence company. They believe that software-and especially artificial intelligence-will shape the worlds democracies’ future. Would be good to connect! Best, Karolis","INBOX","","No"
"2-NmNmMzViYjctNGQ4Ny00YTE0LWFlYTktYWQxNDEzODQwZjBhXzAxMg==","Lead Frontend Developer - Nuxt.JS - Cologne","Alex Holdsworth","https://www.linkedin.com/in/alex-holdsworth-760376105","Robert Schäfer","https://www.linkedin.com/in/roschaefer","2023-03-13 15:04:11 UTC","Lead Frontend Developer - Nuxt.JS - Cologne","Hi Robert,

I hope you are well.

We are currently seeking a Lead Frontend Developer with experience working with Nuxt.JS for a unique opportunity with an international young team, flat hierarchies and an easy-going working environment in the centre of the most beautiful city in Germany: Köln.buh.

Our client, MIR Media, specialise in design, user experience and development of CMS-based websites, online shops and mobile apps. 

MIR Media supports international brands in social media and have recently been awarded three Red Dot Awards, four German Design Awards and the iF Design Award. Their customer base includes Elbphilharmonie, Lucerne Festival, Guinness, Nikon, Kölner Philharmonie, Konzerthaus Berlin, the opera houses Cologne and Leipzig, and many more.

Here is a link to the Job Description below, please let me know what you think, I would be keen to get your feedback!

https://www.mir.de/en/career/frontend-developer-fmd

I look forward to hearing back from you soon.

Many thanks,

Alex Holdsworth
Founder / Principal Consultant

👨‍💻","INBOX","","No"
"2-OGNjYTIzMjAtMmQ3ZC00MDZiLWI3MDItNmMyYTJhOWZjNTRiXzAxMA==","Senior Cross Platform  Developer-Hybrid","Gina Butura","https://www.linkedin.com/in/gina-butura-4a208823a","Robert Schäfer","https://www.linkedin.com/in/roschaefer","2023-02-28 17:33:38 UTC","Senior Cross Platform  Developer-Hybrid","Hi Robert

Hope you're well.

I have an exciting new Senior Cross Platform Developer opportunity hiring in Bonn which you look a great fit for.

Role-  Senior Flutter Developer

Location-Bonn ,Germany

Salary-€60-90k 

My client offers machine-learning based Software Development Kits (SDKs) for enterprise customers around the globe to allow them to to integrate resilient Barcode Scanning, Document Scanning, or Data Extraction features inside of their mobile apps or websites.

They are looking for a Senior Cross Platform  Developer to  to develop and integrate innovative core features for the over 20 million monthly active users .

Requirements:
- experience with at least 2 cross platforms  such as: Flutter ,Cordova ,React Native ,Xamarin etc
-Experience in developing iOS or Android applications
-good programming skills: Kotlin/Java or Swift/Objective-C

Benefits:
- 3 weeks working from abroad
-fully furnished flat if you're relocating to Bonn
- flexible working hours
- sponsorship

Please do not hesitate to contact me if you think is something you would like to hear more about Robert

Gina Butura
Frontend Recruitment Consultant at Core Tech Recruitment","INBOX","","No"
"2-OTM2YzZiZTUtN2UyMy00MWY5LWEyZGItOGZiM2M5MTdiYjEyXzAxMg==","Bereit für eine neue Challenge ? :)","Emirhan Demirdag","https://www.linkedin.com/in/emirhan-demirdag","Robert Schäfer","https://www.linkedin.com/in/roschaefer","2022-11-16 15:21:03 UTC","Bereit für eine neue Challenge ? :)","Hallo Robert,

Hoffe, dass alles gut läuft :D Hättest du Interesse, als Backend Engineer bei uns einzusteigen? 

Ich biete dir ein gutes Einstiegsgehalt, Vollzeit-REMOTE und eine coole Unternehmenskultur bei der zukünftig relevantesten App (Luca) in Deutschland, die gerade die Gastronomie digitalisiert. 

Do you have 5min? Am Telefon ist es sicher etwas besser :)

Emirhan Demirdag
Recruiter bei Luca
demirdag@hero-cc.com.
+49 162 2847907

Emirhan Demirdag
Recruiter bei Hero Consulting GmbH","INBOX","","No"
"2-MzE5MmMzNzktYTJkOS00YmQwLTk5MmEtNWJmMGIzMzI3OWIzXzAxMg==","SENIOR FULLSTACK ENGINEER - React / Node.js – Hybrid/Open to Relocate","Benjamin Darbyshire","https://www.linkedin.com/in/benjamin-darbyshire-9499a7163","Robert Schäfer","https://www.linkedin.com/in/roschaefer","2022-10-27 16:04:51 UTC","SENIOR FULLSTACK ENGINEER - React / Node.js – Hybrid/Open to Relocate","Hi Robert

Our client is a fast-growing real estate Tech company based in Germany. Their mission is to bring the digitalization of company to the next level.  
You will support the development of new features and develop an understanding of the system's capabilities at a technical level. Also bring in your own ideas to the team, to plan, design and develop software solutions.
The opportunity for you here is to be in the early stages of a digital transformation and thus giving you the opportunity to work on different new use cases and define them, new projects, and the impact you will have will be immense. The client’s main tech stack is React in the frontend and Node.js in the backend - both based on TypeScript.
This role is Hybrid with remote working guidelines and offices in a new modern HQ in Hamburg. 


Benefits
•	Agile working culture
•	Hybrid work model 
•	Comprehensive benefits package 
•	Flexible working and 30 days’ vacation
•	Technology driven environment
•	Salary: up to 85k+ – negotiable depending on skill level (not years of exp.)

We send out the profiles directly to the CTO, so we can save you some steps and time 😊

When would be a good time for us to speak? You can also book a slot on my link: https://calendly.com/b-darbyshire/30min

Best Regards 
Ben

Benjamin Darbyshire
Recruitment Consultant within the Software space / specialized on the German market / Helping you find the right talent for your needs - Software Recruitment Consultant","INBOX","","No"
"2-NjM1NmEzMTItZDg1Mi00YzQxLWFmOGYtODRjYjE1ZTdkNTQ0XzAxMw==","REMOTE Senior NodeJS / VueJS / TailwindCSS @Leapsome (Berlin) -->Global Employee Engagement platform","Stefan Ganserer","https://www.linkedin.com/in/stefan-ganserer-12baa243","Robert Schäfer","https://www.linkedin.com/in/roschaefer","2022-07-27 09:41:25 UTC","REMOTE Senior NodeJS / VueJS / TailwindCSS @Leapsome (Berlin) -->Global Employee Engagement platform","Hi Robert,

Fakten, kein stupides Recruiting Bla-bla.
Leapsome ist die globale All-in-One-Plattform für Unternehmenskultur, Mitarbeiterentwicklung, Feedback und Motivation und wird von (Tech-)Unternehmen wie Spotify, Trivago und +1000 weiteren genutzt
HERAUSFORDERUNG: Neue Features + Skalierung der SaaS-Solution in 1 Jahr auf +3000 Kunden mit Millionen von Interaktionen täglich (Verdreifachung im 3. Jahr in Folge)? 

TEAM: 6 Senior Engineers + PO, end2end Fullstack Produktverantwortung, schnelle Entscheidungsfindung + direkte Umsetzung der Ideen in das Live-Produkt 
Leapsome (HQ Berlin): est. 2016, 80 Mitarbeiter, Werte: Authentizität – People First - Impact-driven, Ownership + Excellence

TECH .
JavaScript/TypeScript, Node.js loud-native, servicebasierte Anwendungsarchitektur mit hoher Skalierbarkeit
Vue.js (TailwindCSS), Full-AWS managed Infra mit EKS, automatisierte Deployments, Atlas MongoDB
Cypress, Jest, Mocha für Testautomatisierung, Travis CI/CD, Git + Github, DevSecOps, Agile (Kanban)


FACTS
Gehalt: Basis bis zu 100.000 EUR / Jahr + Bonus + ESOP (Unternehmensaktien)
100% Remote oder Office Berlin, 40h/Woche, Deine Wahl: Hardware + Benefits, 2000€ individuelles Weiterbildungsbudget, 2 Monate Remote-Arbeit von überall auf der Welt!

100% Transparenz - Ich beantworte gerne alle deine Fragen und gebe gebe dir persönliche Insights

Schöne Grüße
Stefan

01742010805
stefan.ganserer@avantgarde-experts.de

Stefan Ganserer
Director IT / SW Engineering @ AVANTGARDE Experts","INBOX","","No"
"2-MGFlNDI0NWQtYjViMS00NGZiLThmOTUtZmJlZTYwN2Q4ZmYzXzAxMw==","Robert, OpenSource products + remote work = perfect job, don't you think? <3","Danielle C.","https://www.linkedin.com/in/danifeped","Robert Schäfer","https://www.linkedin.com/in/roschaefer","2022-05-26 12:25:22 UTC","Robert, OpenSource products + remote work = perfect job, don't you think? <3","Hi Robert,

Are OpenSource products something that you are interested in? 

I've been doing some sourcing across LinkedIn when I bumped your profile, and I feel like you can be a great match for a Senior Backend position that I'm recruiting currently: https://bit.ly/3oY1Zqa

We are this amazing OpenSouce company (seriously, we are!), and this year we are about to release two new products: a Cloud and a Marketplace (released earlier this year), while our main product remains a Headless CMS, there are a lot of challenges that are about to pop up and if you'd like to see the growth of our product being built by your hands, you should definitely consider Strapi. 

If you have some availability next week, I would love to introduce you to the position, the company, and our values, and of course, I would be more than interested in getting to know you and your career ambitions!

Let me know your thoughts, I'm looking forward to hearing from you!

Danielle Celestino
Talent Acquisition Manager @ Strapi -  We're hiriiiing!~","INBOX","","No"
"2-YTAzOTQ1ZjUtMTAyOC00OGM5LWE4YzQtY2M4ZGZhOGQ3MGU0XzAxMg==","Hello from vivenu! 🎟","Miguel Follana Ugarte","https://www.linkedin.com/in/miguelfollanaugarte","Robert Schäfer","https://www.linkedin.com/in/roschaefer","2022-05-06 08:36:47 UTC","Hello from vivenu! 🎟","Hi Robert,

I hope my message cuts through the bulk of them that you probably receive on a daily basis.

I want to introduce you to vivenu: an API-first B2B SaaS ticketing platform that is (honestly) changing the ticketing domain (https://vivenu.com/).

On the back of $65m we have in (un-touched) funding, we are building our engineering team in Dusseldorf, Darmstadt and remotely. Since there's 6 people in the team (including the CTO), we are looking for T-shaped engineers who enjoy solving complex problems around scalability and performance while building new features from scratch.

Could this be an interesting one for you?

Miguel Follana Ugarte
Senior Tech Talent Acquisition Manager at vivenu","INBOX","","No"
"2-ZGE3MjU5MDMtNWYyNC00MDM4LThkZGItMmI1MjM4NTVmNmZkXzAxMw==","Join us at Gnosis! Senior Backend Engineer (Python or Rust) - Hybrid (WFH and Onsite, only one day a week in the office) Berlin","Andrew Zdunek","https://www.linkedin.com/in/ajzdunek","Robert Schäfer","https://www.linkedin.com/in/roschaefer","2022-04-13 15:18:26 UTC","Join us at Gnosis! Senior Backend Engineer (Python or Rust) - Hybrid (WFH and Onsite, only one day a week in the office) Berlin","Hey Robert, 

I hope you are doing well! Not sure how things are going at work right now, but if you're open to the job market, let me know.

We are looking to add an experienced senior backend engineer who understands Python or Rust. You will be a part of our Infrastructure team and ensure that the backend is running smoothly, as well as working closely with other team members on feature and service development. 

We are a Blockchain company that builds new market mechanisms for decentralized finance where you can securely create, trade, and hold digital assets on Ethereum. I'd be happy to give you more details about who we are and the team structure. I will include my availability, the job description, and also feel free to check out our GitHub. 

Would you be free for a 20-30min chat? 

My availability: https://calendly.com/andrew-zdunek/30min-1

JD: https://boards.greenhouse.io/gnosis/jobs/6003280002

Gnosis GitHub: https://github.com/gnosis

Looking forward to hearing back.

BR,

Andrew (Andrzej) Zdunek

Tech Savvy Technical Recruiter at Gnosis - andrew.zdunek@gnosis.pm - gnosis.io | Hiring 🚀","INBOX","","No"
"2-MWZiYmU3Y2EtY2IxOS00ZWZlLWIzMTktMmZiYzYwNjQ4MGJiXzAxMg==","Kafka Streams/Senior Software Engineer /Fully remote @Confluent","Maddie Cybulska","https://www.linkedin.com/in/maddie-cybulska","Robert Schäfer","https://www.linkedin.com/in/roschaefer","2022-04-13 08:18:50 UTC","Kafka Streams/Senior Software Engineer /Fully remote @Confluent","Hi Robert

I wanted to take this opportunity to follow up on my previous message. 

We are currently on the lookout for the Full Stack Engineer (not limited, also cloud and pure backend roles are available).
I think your experience could be well aligned for this technically challenging, high-growth role. 

Here is a little insight into Confluent:
 
We've raised a $250M Series E round led by Coatue Ventures and Altimeter Capital with participation from Sequoia Capital & Index Ventures. 
Confluent’s valuation is now $5B.
80% of the Fortune 100 currently use Apache Kafka, and 60% of those users are Confluent customers.

I'd love to chat with you and see if there's some interest. 
 
Looking forward to hearing back!

Magdalena Cybulska
EMEA Talent Sourcer at Confluent","INBOX","","No"
"2-OTIyOTg2NjEtODYwZi00OWNjLThhODMtNTIwNDZhMWIzNjAxXzAxMg==","(Senior) Backend Entwickler (Java, Kotlin, Go & Co.), Principal Engineers & Engineering Manager gesucht// deutschlandweit & Remote// bis 120k","Duygu Akdere","https://www.linkedin.com/in/duygu-akdere-57063915b","Robert Schäfer","https://www.linkedin.com/in/roschaefer","2022-03-07 10:55:05 UTC","(Senior) Backend Entwickler (Java, Kotlin, Go & Co.), Principal Engineers & Engineering Manager gesucht// deutschlandweit & Remote// bis 120k","Hallo Robert,

Mehrere unserer renommierten Kunden (Zalando, Check24, TUI Group & Co.) haben uns damit beauftragt versierte (Senior) Backend Entwickler, Principal Engineers sowie Engineering Manager mit Fokus auf Java, Kotlin, Go und Machine Learning für sie zu rekrutieren.

Ein paar Informationen dazu:

Alle dieser renommierten und international aufgestellten Unternehmen haben sich auf die Fahne geschrieben in den nächsten Jahren europaweit und weltweit zu expandieren. In den letzten zwei Jahren haben sie sich zum Teil verzehnfacht und betreuen diverse spannende Projekte in den unterschiedlichen Kontinenten. Dynamik und Innovation ist deren Erfolgsrezept, wofür sie Unterstützung brauchen.

Aufgaben:

Je nachdem welche Rolle und welches Unternehmen dich interessiert, würde ich dir die jeweilige Aufgabenbeschreibung separat zukommen lassen.

Tech-Stack:

Java, Kotlin, Go
AI/ Machine Learning/ Data Science
AWS
Spring Boot als Framework (Hibernate als Data Access Layer)
JUnit als Testframework
MySQL und MariaDB bzw. AuroraDB in der Amazon AWS Cloud
Atlassian-Development Tools (Bitbucket, Confluence, Bamboo, Jira)

Weitere Facts & Benefits:

Bezahlung bis zu 120k (je nach Rolle und Erfahrung)
Zukunftssichere Branche
Flache Hierarchien
Internes Weiterbildungsangebot

Wenn das interessant für dich ist, meld dich doch gern bei mir!

Viele Grüße,

Duygu Akdere
+49 151 14197560
d.akdere@wematch.de
www.wematch.de

Duygu Akdere
Senior Recruitment Consultant bei WeMatch Consulting GmbH","INBOX","","No"
"2-Y2Y1ZmNhYjAtZGZjYi00YzRkLTgyYzktN2UzYzU4M2ZmNjFlXzAxMA==","Data in motion/ Full Stack Software Engineer @Confluent /Remote","Maddie Cybulska","https://www.linkedin.com/in/maddie-cybulska","Robert Schäfer","https://www.linkedin.com/in/roschaefer","2022-02-11 16:58:06 UTC","Data in motion/ Full Stack Software Engineer @Confluent /Remote","Good Afternoon Robert

My name is Magdalena and I recruit Software Engineers in EMEA @Confluent.
 
Your background looks as a strong fit for our Engineering Team!

Quick Points:
- We've IPOd (CFLT) last summer
- The founders of Confluent are also the founders of Apache Kafka!
- Our product is used by thousands of companies and growing faster than any other open-source based data system!
- For the 5th year running, Confluent has been named to the Forbes top Cloud100 ranked in the top 10 leading the way in modern infrastructure
 
Have a nice weekend and let me know best availability + email address for a short Zoom chat in the next week. 

I am happy to share JD for the role I had in mind, if you like?

Magdalena Cybulska
EMEA Talent Sourcer at Confluent","INBOX","","No"
"2-YTExYTlhYjktODkwOS00YjI4LTk2MTUtYWQ5MDEyOGEzY2NkXzAxMg==","Hi from Bearer!","Gabriela Cardoso","https://www.linkedin.com/in/gabrielaccardoso","Robert Schäfer","https://www.linkedin.com/in/roschaefer","2022-02-07 11:13:21 UTC","Hi from Bearer!","Hi Robert,

I'm having a look on LinkedIn for Software Engineers that have experience with Tailwind CSS and came across your profile. I hope it's ok to reach out! :-)

I'm a recruiter in training at https://bearer.com, and your experience seems relevant to what we're looking for now, particularly at Tactile.news, where you list Stimulus and Rails as technologies you've used. We have an opening for a Frontend Developer, with a salary ranging from 50k - 60k€/year + Equity Package (or 300€-400€/Day + Equity Package, if there's a preference for being a contractor), and I was wondering if you'd be interested in a chat to hear more about it?

We're a remote startup, with team members located in multiple countries. If this piques your curiosity, you can read more about the role here: https://boards.greenhouse.io/bearer/jobs/4848267003

I'd love to hear back from you!

Kind regards,

Gabriela Cardoso
People & Culture Partner at Bearer","INBOX","","No"
"2-MzBmZjU4YWEtZWE3OC00OTg0LTg2MjktMDNmYzAyNTNlZjIyXzAxMw==","Use Rust and Golang in production?","Karolis Kundrotas","https://www.linkedin.com/in/kkundrotas","Robert Schäfer","https://www.linkedin.com/in/roschaefer","2022-01-20 15:11:28 UTC","Use Rust and Golang in production?","Hello Robert,

Has anyone approached you with an opportunity to use Rust 1.58 in production? Looking at your background, you have the necessary skills to add value to a select number of our crypto clients.

One client, in particular, is a cryptocurrency start-up in the DeFi space. They have raised $8M in $RIN token and is aggressively searching for talented people such as yourself to create powerful tools to help all levels of traders succeed. 

Primarily operating via DEX build on the Solana network, they trade through liquidity pools. They are in a very greenfield stage of development, as they are building new products that will cover trading / staking rewards / farming / new wallet / stablecoin etc...

Offering a fully remote role where existing team members are typically interested in using Rust to tackle the frustratingly poor user experience and fragmentation that both crypto natives and newcomers are forced to face every single day in order to optimize their trading strategies. 

To discuss this role or other niche opportunities tailored to your skillset, I can make myself available between 10 am - 4 pm (London Time) daily for a confidential conversation. Otherwise, do not hesitate to drop me a message. 

Looking forward to speaking with you.

Best,
Karolis

Karolis Kundrotas
Digital Assets @ Durlston Partners","INBOX","","No"
"2-NWNiNGNhMDMtMzcxMy00YTY3LTlkZGItNjcyZjRiNWNhOTQ2XzAxMg==","shopware AG - Open source at its best","Jessica Heßling-Büst","https://www.linkedin.com/in/jessica-hessling-buest-digital-recruiting-ernstings-family","Robert Schäfer","https://www.linkedin.com/in/roschaefer","2021-12-20 10:16:34 UTC","shopware AG - Open source at its best","Hi Robert,
erst einmal kurz & knapp, warum bin ich auf Dein Profil aufmerksam geworden? Du hast einen Faible für Open Source, hast über 10 Jahre Erfahrung als Fullstack & bringst einen sehr interessanten Technologie Stack aus Sicht von Shopware mit (Git, Vue, Nuxt, Node). Daher würde ich mich gerne mal mit Dir zu den Optionen bei Shopware austauschen. Eventuell kannst Du Dir ja vorstellen bei dem erfolgreichsten E-Commerce Unternehmen im deutschsprachigen Raum wieder in eine Festanstellung zu gehen?

Unsere über 100 Developer arbeiten agil & europaweit, um Shopware auch international erfolgreicher zu machen. Schaue Dir gerne mal unsere aktuelle Ausschreibungen an: https://www.shopware.com/de/jobs/


Klingt spannend für Dich? Dann freue ich mich über einen ersten gemeinsamen Austausch, gerne auch direkt mit meinen Kollegen aus dem Product Bereich. In jedem Fall freue ich mich über Deine Rückmeldung über den LinkedIn Messenger.

Beste Grüße
Jessica Heßling-Büst
shopware AG

Jessica Heßling-Büst
Talent Scout @ shopware AG 💙: We're looking for innovative minds that want to revolutionise ecommerce with us","INBOX","","No"
"2-ZmJlOGUyM2MtOWRhMC00OGE5LTg0MGUtNDIyNWM1ODhiNDJhXzAxMw==","Backend Node.js Developer - Remote","Luke Alexander","https://www.linkedin.com/in/lukealexander17","Robert Schäfer","https://www.linkedin.com/in/roschaefer","2021-12-02 14:16:26 UTC","Backend Node.js Developer - Remote","Hi Robert, 

Sorry for the direct approach,

One of my clients is currently looking for experienced Backend Developer with a strong Node.js background to join their team on a remote basis.

Would that potentially be of interest Robert?

If so, do let me know and we can discuss this opportunity in more detail. 

BR
Luke

Luke Alexander
Associate Consultant at European Recruitment","INBOX","","No"
"2-YTRlNmEwMzAtY2QxNS00ZDM2LThiNjktZmZmZDZlNjc0YzdiXzAxMw==","Engineering @Weflow (early-stage, product-led SaaS, VC-backed)","Janis Zech","https://www.linkedin.com/in/janiszech","Robert Schäfer","https://www.linkedin.com/in/roschaefer","2021-11-15 16:35:30 UTC","Engineering @Weflow (early-stage, product-led SaaS, VC-backed)","Hi Robert, 

I'm reaching out as I very much like your profile. Hope you're doing well.

As we haven't met - I'm Janis, a product-driven entrepreneur. I spent 8y building Fyber and after selling it, founded two companies with my product studio NewCo Labs, and invested with Point Nine Capital/ as an angel. 

My co-founder Henrik & I started Weflow end of 2020 and are looking for one more experienced engineer (React, Node.js) with a profile like yours to join our team. More details about us below. 

Would love to chat if this sounds interesting. 

Cheers,
Janis

Co-founder @Weflow

--
About Weflow
Weflow is a productivity app for revenue teams. More here: getweflow.com

Our team
Bruno (Engineer) - https://www.linkedin.com/in/brunokeymolen/
Guillaume (Engineer) - https://www.linkedin.com/in/guillaume-ialiprete-58101498/
Henrik (Founder) - https://www.linkedin.com/in/henrikbasten/
Janis (Founder) - https://www.linkedin.com/in/janiszech/
Jozef (Product Design) - https://www.linkedin.com/in/jozef-matas-829067186/
Madhav (Growth) - https://www.linkedin.com/in/madhavbhandari/
Philipp (Product) - https://www.linkedin.com/in/philippstelzer/
Roland (Engineer) - https://www.linkedin.com/in/rolandjee/
Stefano (Engineer) - https://www.linkedin.com/in/stefanotron/

Our culture
https://www.linkedin.com/posts/getweflow_weflow-culture-memo-activity-6833714075654987777-LhNH

Our investors
https://techcrunch.com/2021/11/12/weflow-pours-pre-seed-funding-into-tool-that-makes-updating-salesforce-faster/

 .","INBOX","","No"
"2-NDc5NTVlOWYtYmY3Yi00YzAxLWIwYzYtYjE2ZmI4YWUwMjMwXzAxMg==","Great Tech Lead opportunity in a well known Fin-Tech","Paula Sestakovska","https://www.linkedin.com/in/paula-sestakovska-90947821a","Robert Schäfer","https://www.linkedin.com/in/roschaefer","2021-10-29 13:27:43 UTC","Great Tech Lead opportunity in a well known Fin-Tech","Hi Robert,

I hope you are doing great! 
As a way of introduction, my name's Paula and I am a recruiter for senior IT professionals. 

I came across your profile and it looks like a great fit for a role I am currently working on. The position is a Technical Lead role within a unique and one of leading Fin-Tech companies working on cutting edge financial solutions. 

They are rapidly expanding and could offer great career growth, interesting projects & fun, results oriented environment. 

Their office is based in Cologne. Could you be interested to connect and discuss this further? I could potentially have other roles that could be of interest as well. 

Looking forward to hearing from You,

Paula S
Analyst at Peter Williams
hello@peterwilliams.tech
www.peterwilliams.tech","INBOX","","No"
"2-MGIzMDRjMDAtM2FmMC00MDhiLTg2YWItMzllNTA1NmVjMmI5XzAxMg==","","Anna Morgiel","https://www.linkedin.com/in/anna-morgiel","Robert Schäfer","https://www.linkedin.com/in/roschaefer","2021-10-19 12:31:02 UTC","","Nicht nur eine Hilfe sonder auch eine prima Unterstützung! Danke, ich bin sehr zufrieden vor allem was mein Team und Lernperspektiven angeht. Wir arbeiten mit neuesten Technologien und haben viel Einfluss auf das Endprodukt. Meine Kollegen aus dem Team sind voll nett und sehr engagiert, eine Traumstelle. 
Es freut mich sehr zu hören, dass es bei dir auch alles super läuft. Weiter so und einen schönen Rest der Woche!","INBOX","","No"
"2-MGIzMDRjMDAtM2FmMC00MDhiLTg2YWItMzllNTA1NmVjMmI5XzAxMg==","","Robert Schäfer","https://www.linkedin.com/in/roschaefer","Anna Morgiel","https://www.linkedin.com/in/anna-morgiel","2021-10-09 20:20:17 UTC","","Hey Anna, das ist ja schön von dir zu hören! Freue mich total, dass ich für dein Studium in Potsdam eine Hilfe sein konnte :) Ich bekomme sehr viele Anfragen auf LinkedIn rein, von daher vielen Dank aber ich brauche gerade keine Empfehlung :D Du arbeitest inzwischen als Android-Entwicklerin bei Immoscout? Wie gefällt es dir da?","INBOX","","No"
"2-MGIzMDRjMDAtM2FmMC00MDhiLTg2YWItMzllNTA1NmVjMmI5XzAxMg==","","Anna Morgiel","https://www.linkedin.com/in/anna-morgiel","Robert Schäfer","https://www.linkedin.com/in/roschaefer","2021-10-09 20:10:39 UTC","","Hallo Robert, ich würde mich freuen, mich mit dir auf Linkedin vernetzen zu können.Ich arbeite als Software Entwicklerin seit ein paar Jahren und deine Unterstützung während meines Studiums in Potsdam war für mich von großer Bedeutung! Ich kann dir auch gerne eine Empfehlung auf dem Profil lassen,LG","INBOX","","No"
"2-NjlhMzdkZTEtNTQ5ZS00YjdlLTg1MGQtZGRhZGVjZWNkNjNiXzAxMA==","Ihr nächster Karriereschritt ein einem wachsenden und dynamischen Umfeld!","Robert Schäfer","https://www.linkedin.com/in/roschaefer","Ricardo D'Ovidio","https://www.linkedin.com/in/ricardo-dovidio","2021-10-09 20:06:04 UTC","Ihr nächster Karriereschritt ein einem wachsenden und dynamischen Umfeld!","Hi Ricardo, ich bin momentan 100% ausgelastet aber wünsche viel Glück bei der Suchee!","INBOX","","No"
"2-NjlhMzdkZTEtNTQ5ZS00YjdlLTg1MGQtZGRhZGVjZWNkNjNiXzAxMA==","Ihr nächster Karriereschritt ein einem wachsenden und dynamischen Umfeld!","Ricardo D'Ovidio","https://www.linkedin.com/in/ricardo-dovidio","Robert Schäfer","https://www.linkedin.com/in/roschaefer","2021-09-30 07:44:20 UTC","Ihr nächster Karriereschritt ein einem wachsenden und dynamischen Umfeld!","Sehr geehrter Herr Schäfer,

durch eine interne Recherche bin ich auf Ihr Profil gestoßen, da ich derzeit eine sehr abwechslungsreiche und zukunftsorientierte Position als Frontend Entwickler Vue.JS bei einem stark wachsenden und innovativen IT-Unternehmen zu besetzen habe. 

Gerne würde ich mich diesbezüglich telefonisch mit Ihnen austauschen!

Wie sind Sie hierfür am besten zu erreichen?

Mit freundlichen Grüßen

Ricardo D'Ovidio
Managing Consultant
Bludau|Partners Executive Consultants GmbH
M: +49 152 57159 230
ricardo.dovidio@bludaupartners.com","INBOX","","No"
"2-MjRkN2Q5YTUtMGMzOC00ZGQ0LThmZjAtNzc0YmU3MGU4MTI1XzAxMA==","New opportunities","Robert Schäfer","https://www.linkedin.com/in/roschaefer","Peter May","https://www.linkedin.com/in/petermay3","2021-10-09 20:05:18 UTC","New opportunities","Hey Peter, I'm not available right now. Good luck!","INBOX","","No"
"2-MjRkN2Q5YTUtMGMzOC00ZGQ0LThmZjAtNzc0YmU3MGU4MTI1XzAxMA==","New opportunities","Peter May","https://www.linkedin.com/in/petermay3","Robert Schäfer","https://www.linkedin.com/in/roschaefer","2021-10-05 09:20:37 UTC","New opportunities","Hi Robert,

How are you?

Are you open to new freelance opportunities? Fully remote and paying well!

Thanks
Pete

Peter May
Payments | Fintech | Technology ","INBOX","","No"
"2-MWQ1NmU4OTMtNzNhNy00NDZiLWE2ZTAtODg5ZjBlNDRhZTQzXzAxMA==","Job Oportunity: Senior Fullstack/ BackEnd Developer (Nodejs + React, Berlin)","Robert Schäfer","https://www.linkedin.com/in/roschaefer","Claudia Vera","https://www.linkedin.com/in/claudia-vera-22973542","2021-10-09 20:04:36 UTC","Job Oportunity: Senior Fullstack/ BackEnd Developer (Nodejs + React, Berlin)","Hey Claudia, I'm already working on another project, doing freelance+remote and I'm interested but not experienced with React. Good luck!","INBOX","","No"
"2-MWQ1NmU4OTMtNzNhNy00NDZiLWE2ZTAtODg5ZjBlNDRhZTQzXzAxMA==","Job Oportunity: Senior Fullstack/ BackEnd Developer (Nodejs + React, Berlin)","Claudia Vera","https://www.linkedin.com/in/claudia-vera-22973542","Robert Schäfer","https://www.linkedin.com/in/roschaefer","2021-10-08 13:54:10 UTC","Job Oportunity: Senior Fullstack/ BackEnd Developer (Nodejs + React, Berlin)","Hi Robert

I hope you’re having a great day.

My name is Claudia Vera and I work for the Global HR Department of UST Global, a northamerican based multi-national specialised in offering Digital Transformation and IT consultancy solutions to some of the most prestigious companies in the planet. 

I’m currently working on an important project for a global brand and after reviewing your LinkedIn profile, I’m convinced they would be extremely interested in meeting you for an interview. Please note that this is great opportunity for a smart professional like yourself, that is ready to step up to the to the next level, so please take a look at the headline below and let me know if you would like to progress to the interview stage.

https://www.linkedin.com/jobs/view/2664470071/?alternateChannel=search&refId=ysSsfg9H2a5TE8D9Wx1OTQ%3D%3D&trackingId=hIYG4%2F88TFgCB9U6zkr%2FlQ%3D%3D

We’re interested in recruiting a “Senior Fullstack/BackEnd Developer ” specialised in Nodejs (Back) and React (Front) technologies, who lives or is willing to live in Berlin, Germany.

If you feel this could be an opportunity for you, please contact me directly or send your CV over (confirming you are eligible to work in Berlin) and I’ll fill you in on the details.

Looking forward to hearing from you.

Regards

Claudia Vera
International HR & IT Talent Acquisition ","INBOX","","No"
"2-MmE1NmQ5ZDUtZmRhNy00YTJkLTg0ZjMtYjQ2YjNhZTIwOWU0XzAxMg==","🦀 Aiven | Developer Advocate | 100% remote | #databases #cloud #opensource","Sara Hawartheh","https://www.linkedin.com/in/sarahawartheh","Robert Schäfer","https://www.linkedin.com/in/roschaefer","2021-09-27 15:07:52 UTC","🦀 Aiven | Developer Advocate | 100% remote | #databases #cloud #opensource","Hi Robert,

Happy Monday! 

As mentioned in my previous message, I am contacting you from Aiven about our (100% remote) Developer Advocate position.

Job description: https://apply.workable.com/aiven/j/D25A7AC3DE/

The Aiven platform is used by over 1000 companies globally, from two-person software shops up to enterprise-level companies, allowing developers to access production-ready open source databases, messaging systems and streaming services, in as few as three clicks.

Here are a few additional points about Aiven:
Open Source: At Aiven, the engineering staff are 100% committed to open source and giving back to the open source community.

Multi-cloud Deployments: Aiven is the best at multi-cloud deployments. No other companies do the breadth of what we do and with the level of expertise that our engineers have.

Self-healing: Aiven’s focus is maximum performance and up-time - our platform is self-healing and we automate everything!

At Scale: Aiven has over 40,000 active servers across 90 regions globally and we have deployed over 1,000,000 servers in just 4 years!

Covid-19: With Covid, companies are going digital and remote, which has accelerated Aiven’s growth. We are busier than ever, with no signs of slowing down.

In the coming year, we will be tackling a lot of new development work as we add additional open source systems to our platform.

I would love to schedule a call with you to learn about what interests you in a new career opportunity and to answer any questions you might have about Aiven.

Have a lovely day,

Sara Hawartheh
Tech Recruiter | Culture Specialist | Aiven - We`re hiring! 🚀","INBOX","","No"
"2-ZDM1YWNhYWMtNTk2YS00NGUyLTk4NzUtOTlkMTg4NTI1OTJlXzAxMg==","🦀 Aiven | Developer Advocate | 100% remote | #databases #cloud #opensource","Sara Hawartheh","https://www.linkedin.com/in/sarahawartheh","Robert Schäfer","https://www.linkedin.com/in/roschaefer","2021-09-23 10:27:25 UTC","🦀 Aiven | Developer Advocate | 100% remote | #databases #cloud #opensource","👋 Hi Robert,

I hope you`re having a lovely Thursday afternoon!

I checked your profile and I see you have quite some experience and interest in Developer Relations and I thought you might be interested in joining our DevRel team of 6 and be the magical 7. :)

I am contacting you from Aiven, a rapid growth software company where we have more than doubled our headcount and tripled our revenues in the past two years.

Aiven's platform provides access to nine different production-ready, open-source systems, across any one of five different cloud platforms, in as few as three clicks. We have recently raised $100M in Series-C funding.

This role is all about empowering and enabling developers everywhere to take advantage of the best open source database technologies, especially on the Aiven platform. You will be creating documentation, blog content and video content to make sure that customers and colleagues alike have the information they need to succeed. You will create examples and demos so that other engineers can quickly pick up the skills too.

We offer excellent benefits from day one, equity (planning to go public in three years), flexible working hours, hourly payment for open source contributions, and more!

You can check out the position here:
https://apply.workable.com/aiven/j/D25A7AC3DE/

If you are interested in learning more, let`s discuss a time when I could give you a call.

I look forward to hearing from you!
Have a great rest of your day,

Sara Hawartheh
Tech Recruiter | Culture Specialist | Aiven - We`re hiring! 🚀","INBOX","","No"
"2-YjEyNTUzYzctZjQ0NC00Yzc5LTkzNDgtNDUzZGQ3MWM4ZTRmXzAxMg==","Hi again! :)","Robert Schäfer","https://www.linkedin.com/in/roschaefer","Janina Maldonado Menéndez","https://www.linkedin.com/in/janina-maldonado-menendez","2021-09-13 09:00:17 UTC","Hi again! :)","OK, also ich habe inzwischen meinen Prozess auch verändert und bin ietzt Freelancer und damit sehr zufrieden. Werde also auch kommendes Jahr ausschließlich freelancern. Falls ich dann überhaupt noch relevant für Movinx bin, können wir uns unterhalten, wenn's soweit ist :) - meine Kündigungsfrist ist eh nur ein Monat. Viele Grüße","INBOX","","No"
"2-YjEyNTUzYzctZjQ0NC00Yzc5LTkzNDgtNDUzZGQ3MWM4ZTRmXzAxMg==","Hi again! :)","Janina Maldonado Menéndez","https://www.linkedin.com/in/janina-maldonado-menendez","Robert Schäfer","https://www.linkedin.com/in/roschaefer","2021-09-10 09:23:47 UTC","Hi again! :)","Huhu, passiert ist nichts, ich war bei denen ja nur als externer Freelancer, um sie beim Recruiting zu unterstützen. Ich habe aber jetzt dieses tolle Angebot von Movinx erhalten und habe mich dann doch wieder dazu entschieden, als VZ Arbeitnehmer weiterzumachen :D Und ich weiß aber auch, dass Kosy Office momentan ein paar Stellen auf Eis gelegt haben und erstmal weitere Finanzierungsrunden abwarten müssen. Und da wir bei Movinx aktuell, wie gesagt, einen Senior Full Stack Engineer suchen, musste ich eben sofort an Dich denken, von daher schade, dass Du bis Ende des Jahres nicht mehr verfügbar bist, aber vl würde es ja dennoch Sinn machen ins Gespräch zu gehen um für nächstes Jahr zu schauen, wenn man bedenkt, dass eh viele eine Kündigungsfrist von 3 Monaten haben. Let me know :)","INBOX","","No"
"2-YjEyNTUzYzctZjQ0NC00Yzc5LTkzNDgtNDUzZGQ3MWM4ZTRmXzAxMg==","Hi again! :)","Robert Schäfer","https://www.linkedin.com/in/roschaefer","Janina Maldonado Menéndez","https://www.linkedin.com/in/janina-maldonado-menendez","2021-09-10 08:43:20 UTC","Hi again! :)","Hm, was ist denn passiert? Gibt es das vorherige Unternehmen überhaupt noch? Ich bin bis Ende des Jahres leider nicht mehr verfügbar","INBOX","","No"
"2-YjEyNTUzYzctZjQ0NC00Yzc5LTkzNDgtNDUzZGQ3MWM4ZTRmXzAxMg==","Hi again! :)","Janina Maldonado Menéndez","https://www.linkedin.com/in/janina-maldonado-menendez","Robert Schäfer","https://www.linkedin.com/in/roschaefer","2021-09-09 09:44:44 UTC","Hi again! :)","Hi Robert, 

bist Du generell noch interessiert an spannenden Full-Stack Positionen? 

Ich habe letzte Woche als Head of HR bei Movinx angefangen und wir sind aktuell auf der Suche nach einem Senior Full Stack Engineer - Da musste ich gleich an Dich denken! 

Hier mal der Link (nicht der direkte, aber da siehst Du dann die offene Position): https://movinx.com/de/#jobs 

Gib mir gerne Bescheid, ob das interessant für Dich wäre!

Liebste Grüße,

 Janina","INBOX","","No"
"2-YTllZjAzY2ItOTJjMy00ZTNkLThmNGItMmIzYmJhMTJjMWViXzAxMw==","International aufgestelltes produzierendes Unternehmen aus dem Raum Remscheid sucht Webentwickler (m/w/d)","Robert Schäfer","https://www.linkedin.com/in/roschaefer","Marie  Eilers","https://www.linkedin.com/in/marie-eilers-5062b4200","2021-09-10 08:41:17 UTC","International aufgestelltes produzierendes Unternehmen aus dem Raum Remscheid sucht Webentwickler (m/w/d)","Hallo Marie, leider bin ich nicht mehr verfügbar, viel Glück bei der Suche!","INBOX","","No"
"2-YTllZjAzY2ItOTJjMy00ZTNkLThmNGItMmIzYmJhMTJjMWViXzAxMw==","International aufgestelltes produzierendes Unternehmen aus dem Raum Remscheid sucht Webentwickler (m/w/d)","Marie  Eilers","https://www.linkedin.com/in/marie-eilers-5062b4200","Robert Schäfer","https://www.linkedin.com/in/roschaefer","2021-08-11 07:38:53 UTC","International aufgestelltes produzierendes Unternehmen aus dem Raum Remscheid sucht Webentwickler (m/w/d)","Hallo Herr Schäfer,

ich hoffe, Ihnen geht es soweit gut?

Unser Klient ist ein international aufgestelltes produzierendes Unternehmen aus dem Raum Remscheid. Zur Verstärkung des Teams sucht unser Klient zum nächstmöglichen Zeitpunkt einen Webentwickler (m/w/d)
Hier einmal der Link: https://www.apriori.de/job/11651/

Allgemeine Informationen:

•	Über 1500 Mitarbeiter insgesamt
•	Mehrere Standorte
•	Team: 15 Personen


Arbeitszeiten:

•	Flexible Arbeitszeiten  (sie können selber entscheiden, ob Sie zu dem frühen Vogel gehören, oder doch lieber länger schlafen wollen bzw. vorher andere Erledigungen machen


Weiterbildungen:

•	Umfassende Weiterbildungsangebote (interne und externe Schulungen sowie Zertifizierungen)


Benefits:
•	Attraktiven Gehaltspaket 
•	Krisensicheren sowie inhabergeführter Arbeitgeber
•	30 Tage Urlaub
•	Homeoffice, sie können entscheiden, ob Sie ins Office kommen oder zu Hause arbeiten wollen
•	Betriebliche Altersvorsorge 
•	Gesundheitsmanagement
•	Sicherer Arbeitsplatz

Geben Sie mir gerne Bescheid, wann Sie für ein erstes unverbindliches Telefonat zur Verfügung stehen.

Liebe Grüße und ein schönes Wochenende :)

Marie Eilers
IT Personalberaterin
---------------------------------------------
 APRIORI - business solutions AG
c/o WeWork
Atrium Tower
Eichhornstraße 3
D-10785 Berlin

Telefon: +49 (0)69/66 80 50-632
Mobil: +49(0)15117136861

Marie Eilers
-- IT Personalberaterin für den Raum Nordrhein-Westfalen und dem Münsterland bei bei APRIORI - business solutions AG","INBOX","","No"
"2-MmVhOGMzYzQtZmRjMC00ODcxLWJmNWEtOTVkZDBhYzM5N2U3XzAxMA==","Unterstütze uns dabei DAS Bildungsunternehmen in Deutschland zu werden!","Robert Schäfer","https://www.linkedin.com/in/roschaefer","Mana Attemeier","https://www.linkedin.com/in/mana-attemeier","2021-09-10 08:40:22 UTC","Unterstütze uns dabei DAS Bildungsunternehmen in Deutschland zu werden!","Hallo Mana, ich bin leider nicht mehr verfügbar, aber wünsche viel Erfolg bei der Suche!","INBOX","","No"
"2-MmVhOGMzYzQtZmRjMC00ODcxLWJmNWEtOTVkZDBhYzM5N2U3XzAxMA==","Unterstütze uns dabei DAS Bildungsunternehmen in Deutschland zu werden!","Mana Attemeier","https://www.linkedin.com/in/mana-attemeier","Robert Schäfer","https://www.linkedin.com/in/roschaefer","2021-07-30 13:39:33 UTC","Unterstütze uns dabei DAS Bildungsunternehmen in Deutschland zu werden!","Hallo Robert

wie ich sehe hat sich das Programmieren bei dir stetig als fester Bestandteil etabliert und agil ist kein Fremdwort für dich. Bist du bereit für einen nächsten beruflichen Schritt mit Sinn?

Wir suchen aktuell für unser Team einen Full-Stackler (React & Go) und ich hatte das Gefühl, die Stelle könnte interessant für dich sein. Zudem bin ich überzeugt, dass du mit deinem Know-How einen wesentlichen Beitrag dazu leisten kannst, das Bildungsunternehmen in Deutschland zu werden!

Ich beantworte dir gerne alle offenen Fragen und freue mich von dir zu hören! 

Viele Grüße
Mana

https://akademie-lernpaedagogik.softgarden.io/job/10848221/Full-Stack-Developer-%E2%80%93-Go,-React.js-m-w-d-?jobDbPVId=30265547&l=de

 Mana Sarrafian
HR Managerin bei Akademie für Lernpädagogik (AfL) GmbH","INBOX","","No"
"2-MDk4Y2FjNWEtZjhkOC00MTc2LTk5ODQtMmE3NzRmODRjZGFiXzAxMw==","Austausch im Frontend","Robert Schäfer","https://www.linkedin.com/in/roschaefer","Julia Bunzel","https://www.linkedin.com/in/julia-bunzel-8a551b11b","2021-09-10 08:38:51 UTC","Austausch im Frontend","Hallo Julia, ich bin leide nicht mehr verfügbar. Und: Ich habe Frontend Erfahrung mit Ember, Vue und Svelte aber React gehört zu den Interessen, also keine Erfahrung. Viel Erfolg bei der Suche","INBOX","","No"
"2-MDk4Y2FjNWEtZjhkOC00MTc2LTk5ODQtMmE3NzRmODRjZGFiXzAxMw==","Austausch im Frontend","Julia Bunzel","https://www.linkedin.com/in/julia-bunzel-8a551b11b","Robert Schäfer","https://www.linkedin.com/in/roschaefer","2021-07-27 08:39:23 UTC","Austausch im Frontend","Hey Robert,

ich bin gerade über dein Profil gestolpert und insbesondere deine Erfahrung im Frontend, insbesondere mit React und GraphQL, finde ich spannend. 

Daher: 

- Was muss eine Stelle beinhalten (u.a. Benefits, Gehalt), damit du dich langfristig beruflich verändern würdest? 

Sofern du weitere Informationen wie z.b. einem Marktüberblick interessieren, stehe ich dir gerne zur Verfügung. Weiterhin kann ich dir durch meine Fokussierung auf den Bereich Frontend & Web auch Einblicke hinsichtlich von Trends, eingesetzten Tools oder auch Gehältern gewähren. 

Ich freue mich auf deine Rückmeldung und wünsche eine schöne Woche
Liebe Grüße!

Julia

Liebe Grüße

Julia Bunzel
Teamleiterin - Webentwicklung, Frontend & Java
Computer Futures","INBOX","","No"
"2-YjI4Y2IxNWYtZDA2Ny00YjNmLWI5ODUtNDIxZGIzN2E1NzY1XzAxMA==","Vaillant Reminder","Robert Schäfer","https://www.linkedin.com/in/roschaefer","Svetlina K.","https://www.linkedin.com/in/svetlina-k-2401322a","2021-09-10 08:37:01 UTC","Vaillant Reminder","Hallo Svetlina, ich bin schon versorgt, danke trotzdem und viel Erfolg bei der Suche!","INBOX","","No"
"2-YjI4Y2IxNWYtZDA2Ny00YjNmLWI5ODUtNDIxZGIzN2E1NzY1XzAxMA==","Vaillant Reminder","Svetlina K.","https://www.linkedin.com/in/svetlina-k-2401322a","Robert Schäfer","https://www.linkedin.com/in/roschaefer","2021-09-08 09:33:26 UTC","Vaillant Reminder","Hallo Robert, 

ich hatte dich im August angeschrieben bezüglich unserer Vakanz Frontend Developer bei Vaillant. Könntest du mir bitte eine kurze Rückmeldung geben, ob das für dich in Frage kommt?

Danke und viele Grüße
Svetlina

Svetlina Klose
Recruiter at Vaillant Group","INBOX","","No"
"2-ZmIzYTRkZGItMjVlZC00YWFjLTkwZWEtOTA4YmQ3YTQ3YmNiXzAxMA==","Frontend Developer System Configurator @ Vaillant","Svetlina K.","https://www.linkedin.com/in/svetlina-k-2401322a","Robert Schäfer","https://www.linkedin.com/in/roschaefer","2021-08-12 11:28:26 UTC","Frontend Developer System Configurator @ Vaillant","Hallo Robert, 

mein Name ist Svetlina und bin Recruiter bei Vaillant in Remscheid, vielleicht kennst du uns bereits. Der Teamleiter vom Entwicklungsteam und ich haben uns ein bisschen auf LinkedIn umgeschaut und wir fanden Dein Profil spannend und Siegburg ist auch nicht so weit weg. Wir suchen aktuell ein neues Teammitglied als ""Frontend Developer"" für unseren international eingesetzten Systemkonfigurator. 

Möchtest Du mehr darüber erfahren und mit einem von deinen zukünftigen Kollegen kurz sprechen? Ich freue mich auf Deine Rückmeldung. 


Viele Grüße
 Svetlina 
Tel.: +49 2191 18-2582 
Mobil: +49 1516 894 3596 
svetlina.klose@vaillant-group.com

Svetlina Klose
Recruiter at Vaillant Group","INBOX","","No"
"2-YzAxNWI1YjktMjUwMS00YjllLWE2N2UtYTgxYWUwMjQ1NmIwXzAxMA==","Job Oportunity: Senior Backend Developer or Fullstack (Nodejs + Cordova, Berlin)","Claudia Vera","https://www.linkedin.com/in/claudia-vera-22973542","Robert Schäfer","https://www.linkedin.com/in/roschaefer","2021-08-10 07:57:28 UTC","Job Oportunity: Senior Backend Developer or Fullstack (Nodejs + Cordova, Berlin)","Hi Robert

I hope you’re having a great day.

My name is Claudia Vera and I work for the Global HR Department of UST, a northamerican based multi-national specialised in offering Digital Transformation and IT consultancy solutions to some of the most prestigious companies in the planet. 

I’m currently working on an important project for a global brand and after reviewing your LinkedIn profile, I’m convinced they would be extremely interested in meeting you for an interview. Please note that this is great opportunity for a smart professional like yourself, that is ready to step up to the to the next level, so please take a look at the headline below and let me know if you would like to progress to the interview stage.

We’re interested in recruiting a “Software Engineer” specialised in Nodejs + Tipescrypt + React + Cordova technologies, who lives or is willing to live in Berlin (Germany). 

https://www.linkedin.com/jobs/view/1970614801/?alternateChannel=search&refId=VQppgkB7CGN6HfMUvNJ3QA%3D%3D&trackingId=Bvz1AwSBaW9ua2OPoQ0w3A%3D%3D

If you feel this could be an opportunity for you and speak fluent english, please contact me directly or send your CV over (confirming you are eligible to work in Europe) and I’ll fill you in on the details.

Look forward to hearing from you.

Regards

Claudia Vera
International HR & IT Talent Acquisition ","INBOX","","No"
"2-MjI3YmU0OWMtMzhiNC00MTU4LTk4YzMtZWZhYWYwMDVmOTE5XzAxMw==","Ready for your next step - engineering leadership in a fast growing tech startup","Sebastian Schlecht","https://www.linkedin.com/in/sebastian-schlecht-capmo","Robert Schäfer","https://www.linkedin.com/in/roschaefer","2021-07-27 19:12:47 UTC","Ready for your next step - engineering leadership in a fast growing tech startup","Hey Robert,

I'm Sebastian, co-founder and CTO at Capmo. We are a tech-startup moving fast to become the category leader in construction management and -analytics software in Europe.

We want to change the way how homes, schools or bridges are built today. With that, we strive for a more productive, but also more sustainable industry. To accomplish that, we're looking for senior engineering managers who know how to build and scale engineering teams on a global level - based on your profile this might just be the right fit.

Sounds interesting? Let me know, I am happy to chat.

Sebastian Schlecht
Co-founder / CTO / Product & Engineering at Capmo - We are hiring!","INBOX","","No"
"2-YTRhN2UzOGMtNDU4ZS00YTUxLWE5MTgtMDM5ODBhNGMzMjM0XzAxMg==","","Carlin Rose","https://www.linkedin.com/in/carlinrose","Robert Schäfer","https://www.linkedin.com/in/roschaefer","2021-07-19 07:28:11 UTC","","Hey Robert,

Thanks for letting me know! When do you thing it would be a better time to reach back out to you?","INBOX","","No"
"2-YTRhN2UzOGMtNDU4ZS00YTUxLWE5MTgtMDM5ODBhNGMzMjM0XzAxMg==","","Robert Schäfer","https://www.linkedin.com/in/roschaefer","Carlin Rose","https://www.linkedin.com/in/carlinrose","2021-07-17 14:11:46 UTC","","Hey Carlin, I'm not available at the moment. Happy recruiting!","INBOX","","No"
"2-YTRhN2UzOGMtNDU4ZS00YTUxLWE5MTgtMDM5ODBhNGMzMjM0XzAxMg==","","Carlin Rose","https://www.linkedin.com/in/carlinrose","Robert Schäfer","https://www.linkedin.com/in/roschaefer","2021-07-17 14:11:46 UTC","","Hey Robert,

I have a brilliant opportunity for you in Zurich working for an innovative tech start up who build data driven products. They just got 3 mill funding and need a Senior/Lead full stack dev to work on the architecture of core products.

I wonder would you be open to talk?

Best,
Carlin","INBOX","","No"
"2-MDE0OTA5MjAtNzk4NS00Y2Q3LThkZTUtYjgyMDI2YjQyMGFhXzAxMg==","","Nicole H.","https://www.linkedin.com/in/nicole-h-a9684a57","Robert Schäfer","https://www.linkedin.com/in/roschaefer","2021-07-18 10:56:42 UTC","","Hey Robert,
thanks for letting me know. If you are open for new freelance projects, please let me know also. I have further open freelance positions available.
BEst regards,
Nicole","INBOX","","No"
"2-MDE0OTA5MjAtNzk4NS00Y2Q3LThkZTUtYjgyMDI2YjQyMGFhXzAxMg==","","Robert Schäfer","https://www.linkedin.com/in/roschaefer","Nicole H.","https://www.linkedin.com/in/nicole-h-a9684a57","2021-07-17 14:09:13 UTC","","Hey Nicole, I just started on a new project and therefore I'm not available. Apart from that in looking for remote+freelance and so I believe someone else would be a better fit anyways","INBOX","","No"
"2-MDE0OTA5MjAtNzk4NS00Y2Q3LThkZTUtYjgyMDI2YjQyMGFhXzAxMg==","","Nicole H.","https://www.linkedin.com/in/nicole-h-a9684a57","Robert Schäfer","https://www.linkedin.com/in/roschaefer","2021-07-17 14:09:12 UTC","","Hi Robert,
how are you? I am looking for a person with some programming experiences in Angular, Laravel and Vue preferably or willing to learn it all. It's for a position at a great employer in Cologne that creates awesome SaaS solutions: HOOLOY! Great conditions and remote possible. Sounds good?","INBOX","","No"
"2-MTRiMDgzODYtZjU2Zi00NDVlLTg5YWYtYjBlNWYwNzFkMWJiXzAxMw==","Come join us Robert","Robert Schäfer","https://www.linkedin.com/in/roschaefer","Asad Malik","https://www.linkedin.com/in/asadmalikfrankfurt","2021-07-17 14:07:20 UTC","Come join us Robert","Hey Asad, I just started on a new project as a Freelancer and therefore I'm not available anymore. I wish you successful recruiting!","INBOX","","No"
"2-MTRiMDgzODYtZjU2Zi00NDVlLTg5YWYtYjBlNWYwNzFkMWJiXzAxMw==","Come join us Robert","Asad Malik","https://www.linkedin.com/in/asadmalikfrankfurt","Robert Schäfer","https://www.linkedin.com/in/roschaefer","2021-07-13 22:46:42 UTC","Come join us Robert","Dear Robert, 

I am really glad I found your profile.
Why? Because I think we might be a great match.
By we I mean Robert and CLARK.

We are a well established Startup with the goal to Digtalize the insurance market and make insurances Simpler, faster and hassle free for everyone. 

To help us achieve the vision we are currently looking for a Senior Software Engineer/ Wizard, however you want to call it.
The main thing is not the label but someone who shares the same passion, dont you think?
We have a truly international team of 300 plus people and growing....that love what they do

We use ruby and the rails framework on the back end and Javascript and the ember.js f.m on the front end. You would be working with ruby on rails on the back end,along with getting your hands on, AWS and kubernetes working with our DevOps as well

 Text me back as I would really like to discuss the collaboration, with you.:)

Best Regards
Asad Malik
Digitalising the Insurance Market at CL△RK","INBOX","","No"
"2-NTM1ZTRlNGYtZDdjZS00OGM1LTk3NzctNDk0MDNhMjc4ZTNiXzAxMw==","#cybersecruitygang","Robert Schäfer","https://www.linkedin.com/in/roschaefer","Lilian  Nietzold","https://www.linkedin.com/in/lilian-nietzold-80a7421b0","2021-07-17 13:59:38 UTC","#cybersecruitygang","Hallo Lilian, ich bin zurzeit leider schon vergeben. Vielleicht nächstes Jahr!","INBOX","","No"
"2-NTM1ZTRlNGYtZDdjZS00OGM1LTk3NzctNDk0MDNhMjc4ZTNiXzAxMw==","#cybersecruitygang","Lilian  Nietzold","https://www.linkedin.com/in/lilian-nietzold-80a7421b0","Robert Schäfer","https://www.linkedin.com/in/roschaefer","2021-07-12 12:39:21 UTC","#cybersecruitygang","Hi, 
Ich hoffe es geht dir gut und du genießt die schönen Sommertage. Ich bin sicherlich nicht die erste Recruiterin, die dich hier kontaktiert aber ich wollte dich einfach mal auf eine coole Chance aufmerksam machen. Die Corona Pandemie hat unser aller Leben sehr verändert und besonders unseren Berufsalltag beeinflusst. Gerade im Home Office ist Cyber Security ein noch viel wichtigeres Thema geworden. Zur Zeit unterstütze ich gerade ein stark wachsendes, junges Unternehmen, was sich genau mit diesem Thema beschäftigt. Gesucht wird ein Senior Backend JavaScript oder TypeScript Developer. 

Über den Workplace:

-Selbstständiges Arbeiten an interessanten Projekten im Bereich der IT Sicherheit 
-Große Weiterentwicklungschancen 
-Attraktives Gehalt 
-Office im Herzen von Köln Ehrenfeld 
-Ein bunt gemischtes und cooles Team
-Viele Networking und Community Formate, wie Mystery Lunch & Tech Talks 

Kernstack: 

JS/TS, Node.js, React.js, RESTful API, PostgreSQL, TimescaleDB, CI/CD, Docker, Kubernetes, Ansible, redis, RabbitMQ, Elastic Stack, Atlassian Suite (Jira, Confluence)

Wenn du Interesse hast, melde dich gerne bei mir und wir telefonieren :)

Danke für deine Zeit!

Viele Grüße
Lilian

Lilian Nietzold
Werkstudentin im Recruitment Consulting bei Staffgroup GmbH","INBOX","","No"
"2-YzdkMDk3ZTAtMGYwOS00Y2QzLWExODMtNDNiYjAwMDFjYWRlXzAxMg==","Senior Full-stack Developer - Ruby, Javascript, Infrastructure (fully remote option)","Jodi Barrow","https://www.linkedin.com/in/jodi-barrow-aa0b6a115","Robert Schäfer","https://www.linkedin.com/in/roschaefer","2021-07-14 14:02:34 UTC","Senior Full-stack Developer - Ruby, Javascript, Infrastructure (fully remote option)","Hi Robert, 

How are you?

Your software experience looks very impressive, I'm currently searching for a Senior Full-stack T-shaped Developer with passion and enthusiasm to make a real difference in the Mobility sector building an eco-friendly product. 

Founded 5 years ago, my client is small start-up based in Germany, currently employing a team of 10 people with plans to grow after successfully securing funding from European commissions and key mobility players in the market. 

They offer a lot of flexibility not only with fully remote working style, but also within their technology stack. Currently running off Ruby-on-rails, Javascript (React.js) and microservices. 

Whilst this is a great opportunity, I appreciate timing is key, so wanted to check if you would be open to a short confidential call to explore further?

Jodi Barrow
Freelance Senior Tech Recruiter","INBOX","","No"
"2-YzBjNmZjNzktZmVmNy00ZTg3LTlhYzAtNzRmMTQwMzdmMjMyXzAxMA==","Lass uns kennen lernen!","Robert Schäfer","https://www.linkedin.com/in/roschaefer","Alex Jäger","https://www.linkedin.com/in/lxhunter","2021-07-14 10:15:31 UTC","Lass uns kennen lernen!","Schade, Akquise wäre das Problem gewesen, bei dem ihr mir hättet helfen können. Aber danke für's Bescheid sagen.","INBOX","","No"
"2-YzBjNmZjNzktZmVmNy00ZTg3LTlhYzAtNzRmMTQwMzdmMjMyXzAxMA==","Lass uns kennen lernen!","Alex Jäger","https://www.linkedin.com/in/lxhunter","Robert Schäfer","https://www.linkedin.com/in/roschaefer","2021-07-14 09:42:25 UTC","Lass uns kennen lernen!","Moin Robert, 

ich hoffe bei dir ist alles gut und deine Projekte fluppen!

Ich wollte dir nur mitteilen, dass wir bei The Fittest unsere strategische Ausrichtung ein wenig angepasst haben und uns in Zukunft voll und ganz auf das Thema Weiterbildung und Coaching konzentrieren werden - Personal- bzw. Projektvermittlung ist also nicht mehr. :)

Wenn dir also in Zukunft der Sinn danach steht, lass es mich wissen! 

Bis dahin dir alle Gute und eine dynamische Woche
Alex","INBOX","","No"
"2-YzBjNmZjNzktZmVmNy00ZTg3LTlhYzAtNzRmMTQwMzdmMjMyXzAxMA==","Lass uns kennen lernen!","Alex Jäger","https://www.linkedin.com/in/lxhunter","Robert Schäfer","https://www.linkedin.com/in/roschaefer","2021-07-07 13:16:36 UTC","Lass uns kennen lernen!","Dann schauen wir in erster Linie, dass wir (spätestens) Ende des Jahres noch mal bei dir nachhorchen, wie es Projekte-mäßig bei dir aussieht. Und wenn sich sonst noch was bei dir ergibt, wo wir dich unterstützen können, einfach Bescheid sagen!","INBOX","","No"
"2-YzBjNmZjNzktZmVmNy00ZTg3LTlhYzAtNzRmMTQwMzdmMjMyXzAxMA==","Lass uns kennen lernen!","Alex Jäger","https://www.linkedin.com/in/lxhunter","Robert Schäfer","https://www.linkedin.com/in/roschaefer","2021-07-07 13:14:07 UTC","Lass uns kennen lernen!","Das ist ja auch vollkommen richtig so, das Können-Gespräch ist ja auch nur ein Angebot. :) ","INBOX","","No"
"2-YzBjNmZjNzktZmVmNy00ZTg3LTlhYzAtNzRmMTQwMzdmMjMyXzAxMA==","Lass uns kennen lernen!","Robert Schäfer","https://www.linkedin.com/in/roschaefer","Alex Jäger","https://www.linkedin.com/in/lxhunter","2021-07-07 13:05:42 UTC","Lass uns kennen lernen!","Ich hab Sabine im Vorhinein kommuniziert, dass ich zeitlich ausgelastet bin und zwar bis Ende des Jahres. Sie wollte trotzdem sich mit mir unterhalten und hat jetzt meinen CV - man weiß ja nie.","INBOX","","No"
"2-YzBjNmZjNzktZmVmNy00ZTg3LTlhYzAtNzRmMTQwMzdmMjMyXzAxMA==","Lass uns kennen lernen!","Alex Jäger","https://www.linkedin.com/in/lxhunter","Robert Schäfer","https://www.linkedin.com/in/roschaefer","2021-07-07 11:49:26 UTC","Lass uns kennen lernen!","Moin Robert!

Ich habe eben mal nachgeschaut und dein CV ist mittlerweile bei uns im System, ihr habt das anscheinend ja schon geklärt. :) 
Mit den Kontaktoptionen hast du volkommen recht, wir haben die bisher absichtlich weggelassen um Spam zu vermeiden, aber eine universelle Fittie-emailadresse als Kontaktoption wäre natürlich ne Idee. Ich nimm das direkt mal mit!

Wie sieht es bei dir denn mit einem Können-Gespräch aus, passt es dir vielleicht nächste Woche oder bist du in deinem aktuellen Projekt zeitlich stark eingespannt? 

","INBOX","","No"
"2-YzBjNmZjNzktZmVmNy00ZTg3LTlhYzAtNzRmMTQwMzdmMjMyXzAxMA==","Lass uns kennen lernen!","Robert Schäfer","https://www.linkedin.com/in/roschaefer","Alex Jäger","https://www.linkedin.com/in/lxhunter","2021-07-06 16:37:19 UTC","Lass uns kennen lernen!","DDeine Kollegin Sabine wollte meinen CV haben und mir auf LinkedIn eine Freundschaftsanfrage schicken, sodass ich ihr daraufhin eine Nachricht schicken kann. Bislang noch keine Anfrage. Soll ich dir den CV einfach schicken?
 
Übrigens: Ich würde ihre Kontakt-Möglichkeiten auch auf eurer Website suchen, da gibt's neben den Plattformen aber keine E-Mail Adresse.","INBOX","","No"
"2-YzBjNmZjNzktZmVmNy00ZTg3LTlhYzAtNzRmMTQwMzdmMjMyXzAxMA==","Lass uns kennen lernen!","Alex Jäger","https://www.linkedin.com/in/lxhunter","Robert Schäfer","https://www.linkedin.com/in/roschaefer","2021-07-05 09:22:14 UTC","Lass uns kennen lernen!","👍","INBOX","","No"
"2-YzBjNmZjNzktZmVmNy00ZTg3LTlhYzAtNzRmMTQwMzdmMjMyXzAxMA==","Lass uns kennen lernen!","Robert Schäfer","https://www.linkedin.com/in/roschaefer","Alex Jäger","https://www.linkedin.com/in/lxhunter","2021-07-02 18:32:09 UTC","Lass uns kennen lernen!","So sei es! Ich habe einen Termin für kommenden Dienstag um 15:00 gebucht.","INBOX","","No"
"2-YzBjNmZjNzktZmVmNy00ZTg3LTlhYzAtNzRmMTQwMzdmMjMyXzAxMA==","Lass uns kennen lernen!","Alex Jäger","https://www.linkedin.com/in/lxhunter","Robert Schäfer","https://www.linkedin.com/in/roschaefer","2021-07-02 08:57:55 UTC","Lass uns kennen lernen!","Moin Robert, 

cool, dass du dich grade in ein neues Projekt stützen kannst, dann wünsche ich gutes Gelingen! Und natürlich haben wir immer noch Interesse daran, dich kennen zu lernen - wir haben ja nicht den Anspruch dich lediglich kurzfristig zu vermitteln sondern wünschen uns eine langfristige Partnerschaft. :) 

In dem Sinne guck doch einfach mal, wie es dir auch mit deiner neuen Auftragslage am besten passt und buch dir deinen Wunschtermin: https://calendly.com/the-fittest/wir-wollen-ueber-dich-sprechen?month=2021-07

Beste Grüße und schon mal ein schönes Wochenende!","INBOX","","No"
"2-YzBjNmZjNzktZmVmNy00ZTg3LTlhYzAtNzRmMTQwMzdmMjMyXzAxMA==","Lass uns kennen lernen!","Robert Schäfer","https://www.linkedin.com/in/roschaefer","Alex Jäger","https://www.linkedin.com/in/lxhunter","2021-07-01 14:05:25 UTC","Lass uns kennen lernen!","Hey Alex, ich hab Ende letzter Woche an einem Projekt als Freelancer angefangen (voraussichtlich für die nächsten 6 Monate). Natürlich können wir mal miteinander quatschen. Allerdings bin ich ja erstmal nicht verfügbar. Habt ihr dann noch Interesse?","INBOX","","No"
"2-YzBjNmZjNzktZmVmNy00ZTg3LTlhYzAtNzRmMTQwMzdmMjMyXzAxMA==","Lass uns kennen lernen!","Alex Jäger","https://www.linkedin.com/in/lxhunter","Robert Schäfer","https://www.linkedin.com/in/roschaefer","2021-06-30 16:21:51 UTC","Lass uns kennen lernen!","Moin Robert, 

ich wollte kurz mal nachhaken ob deinerseits noch Interesse an einem ersten Kennenlernen besteht - vielleicht ist meine Antwort ja einfach untergegangen. :)

So oder so freue ich mich von dir zu hören und wünsche dir noch einen schönen Abend!

Alex","INBOX","","No"
"2-YzBjNmZjNzktZmVmNy00ZTg3LTlhYzAtNzRmMTQwMzdmMjMyXzAxMA==","Lass uns kennen lernen!","Alex Jäger","https://www.linkedin.com/in/lxhunter","Robert Schäfer","https://www.linkedin.com/in/roschaefer","2021-06-08 09:05:21 UTC","Lass uns kennen lernen!","Moin Robert, 

ja fantastisch!
Dann würde ich sagen, such dir bei mir einfach einen Termin aus, der dir gut passt und dann klären wir alle deine Fragen (und mehr) im Detail. :D 
https://calendly.com/alex-jaeger/kennenlernen

Ich freue mich auf unser Gespräch und wünsche dir noch ne tolle Woche!

Bis dahin und möge die Macht mit dir sein
Alex","INBOX","","No"
"2-YzBjNmZjNzktZmVmNy00ZTg3LTlhYzAtNzRmMTQwMzdmMjMyXzAxMA==","Lass uns kennen lernen!","Robert Schäfer","https://www.linkedin.com/in/roschaefer","Alex Jäger","https://www.linkedin.com/in/lxhunter","2021-06-03 11:02:37 UTC","Lass uns kennen lernen!","Hallo Alex, danke für die Blumen. Wir können gerne miteinander mal quatschen. Ihr vermittelt Freelancer? Wie ist denn euer Geschäftsmodell?
 
Regnerische Grüße
 Robert","INBOX","","No"
"2-YzBjNmZjNzktZmVmNy00ZTg3LTlhYzAtNzRmMTQwMzdmMjMyXzAxMA==","Lass uns kennen lernen!","Alex Jäger","https://www.linkedin.com/in/lxhunter","Robert Schäfer","https://www.linkedin.com/in/roschaefer","2021-06-02 13:11:30 UTC","Lass uns kennen lernen!","Moin Robert, 

ich bin grad über dein Profil gestolpert und muss gestehen, dass ich ein klein wenig begeistert bin (um es milde auszudrücken 😅): Nicht oft sind Techies wie du auch noch gleichzeitig Dozent und Speaker - Respekt!

Wir von The Fittest haben uns genau auf Leute wie dich spezialisiert; also wissenshungrige Techies die bereits als Freelancer unterwegs oder grade auf dem Weg dorthin sind. Wir unterstützen euch von der Vermittlung von Aufträgen, über professionelle Job-Coachings und ganz bald auch in Form von Weiterbildungsformaten - auf Augenhöhe, ohne Headhunter-Blabla und mit ehrlicher Wertschätzung. 

Was meinst du, wollen wir einfach mal unverbindlich quatschen und schauen, wo die Reise hin geht?

Ich freue mich auf deine Rückmeldung und wünsche dir noch eine tolle Woche!

Möge die Macht mit dir sein,
Alex","INBOX","","No"
"2-YmVmYTAwZTEtYjg2ZS00NTI4LTkyYjMtNjNjY2E3ZjcyY2Y3XzAxMw==","Go Expert - £600-£675p/d","Robert Schäfer","https://www.linkedin.com/in/roschaefer","Tam Parlak","https://www.linkedin.com/in/tamparlak","2021-07-10 21:14:57 UTC","Go Expert - £600-£675p/d","Interested in Golang but not a Golang developer. Someone else would be a better fit. I'm already busy in another project, too","INBOX","","No"
"2-YmVmYTAwZTEtYjg2ZS00NTI4LTkyYjMtNjNjY2E3ZjcyY2Y3XzAxMw==","Go Expert - £600-£675p/d","Tam Parlak","https://www.linkedin.com/in/tamparlak","Robert Schäfer","https://www.linkedin.com/in/roschaefer","2021-07-06 16:34:02 UTC","Go Expert - £600-£675p/d","Hi Robert,

Hope you are keeping well!

I am currently seeking talented engineers with atleast 3-5 years of experience with Golang.

This opportunity is for a leading internet based organisation that is experiencing exponential growth. If you enjoy challenge, innovation and using the latest technology/tooling then this opportunity is too good to miss.

This will be a day-rate contract role, fully remote and for an initial 6 months which is very likely to extend long term.

If you are interested and would like to discuss further, please reach out to me with your CV and details and we can set up a confidential conversation.

Best regards,

Tam Parlak
Recruitment Consultant","INBOX","","No"
"2-ZDI1M2QzODgtNTQ5Ni00YWNlLWFhZjEtMGE1NjY4NjVkNTVlXzAxMg==","","Sabine Schykowski","https://www.linkedin.com/in/sabine-schykowski-62bb53147","Robert Schäfer","https://www.linkedin.com/in/roschaefer","2021-07-07 09:46:59 UTC","","Danke dir! 😊👍","INBOX","","No"
"2-ZDI1M2QzODgtNTQ5Ni00YWNlLWFhZjEtMGE1NjY4NjVkNTVlXzAxMg==","","Robert Schäfer","https://www.linkedin.com/in/roschaefer","Sabine Schykowski","https://www.linkedin.com/in/sabine-schykowski-62bb53147","2021-07-07 09:10:03 UTC","","","INBOX","https://www.linkedin.com/dms/prv/vid/v2/C4E06AQGbKU4n56B3sg/messaging-attachmentFile/messaging-attachmentFile/0/1625648996986?m=AQK-jSRPuGDHKgAAAaA2BetoZ06dC6ya3kFU3E3xyKe_H7KGXS9M6DhdhA&ne=1&v=beta&t=V1uUVVJeqvLzWYwYJJQTIuUbs2Nmvr1Dc8H9QUrKwR0","No"
"2-ZDI1M2QzODgtNTQ5Ni00YWNlLWFhZjEtMGE1NjY4NjVkNTVlXzAxMg==","","Sabine Schykowski","https://www.linkedin.com/in/sabine-schykowski-62bb53147","Robert Schäfer","https://www.linkedin.com/in/roschaefer","2021-07-07 09:08:57 UTC","","Guten Morgen Robert, 

vielen Dank noch einmal für das sehr angenehme Gespräch gestern! Der Abend gestern war noch ordentlich zugepackt, deswegen komme ich jetzt erst dazu, mich bei dir zu melden - einerseits, damit wie vernetzt bleiben, und um nach deinem CV zu fragen :D

Liebe Grüße
Sabine","INBOX","","No"
"2-MGZhZWRjOTEtNWYyZi00Y2ZiLTkwYWYtZjUxMWViOTk5ZTlhXzAxMg==","Opportunity to join an amazing team at Wolt!","Allan Rauter","https://www.linkedin.com/in/allan-rauter","Robert Schäfer","https://www.linkedin.com/in/roschaefer","2021-07-07 08:45:11 UTC","Opportunity to join an amazing team at Wolt!","Hi Robert,

I hope you are well and do not mind my direct approach. I see that you are open to new opportunities and at https://wolt.com we are currently looking for a Full Stack Developer which I would love to tell you more about.

Wolt is a Finnish technology company and we’re best known for our food delivery platform. We’re currently active in 23 countries and more than 90 cities, servicing over 5 million customers.

We’ve raised $865M in financing from renowned U.S. and European-based investors. We are currently looking to expand our Content Management Team.
We are ideally looking for a strong FE developer with 3 years of experience using react.js with some CMS knowledge, and when it comes to BE we would appreciate experience with Python.

Would like to hear more info about this opportunity? If this is the case I would love to arrange a call with you so I can tell you more about the role, our company, but also getting to know your professional background better.

Kind regards,

Allan Rauter
Tech - IT Recruitment Leader","INBOX","","No"
"2-NjYxZTNmNzQtYzY3OS00YWU1LWIyZWItNGI0NjhiN2MyZjM5XzAxMw==","☕️ Virtual Coffee? 💎 Ruby experts needed!","Jonathan Tsang","https://www.linkedin.com/in/tsangjonathan","Robert Schäfer","https://www.linkedin.com/in/roschaefer","2021-07-02 09:07:31 UTC","☕️ Virtual Coffee? 💎 Ruby experts needed!","Hey Robert - thanks for the updates and sharing. Totally understand - all the best on the new project! 

Stay safe, 
Jon","INBOX","","No"
"2-NjYxZTNmNzQtYzY3OS00YWU1LWIyZWItNGI0NjhiN2MyZjM5XzAxMw==","☕️ Virtual Coffee? 💎 Ruby experts needed!","Robert Schäfer","https://www.linkedin.com/in/roschaefer","Jonathan Tsang","https://www.linkedin.com/in/tsangjonathan","2021-07-01 14:02:53 UTC","☕️ Virtual Coffee? 💎 Ruby experts needed!","Hey Jon, thanks a lot. I absolutely love your stance on open-source and yes, it would be an interesting position for me. Unfortunately, I just started on a new project as a freelancer. So, right now, I'm not available ;(","INBOX","","No"
"2-NjYxZTNmNzQtYzY3OS00YWU1LWIyZWItNGI0NjhiN2MyZjM5XzAxMw==","☕️ Virtual Coffee? 💎 Ruby experts needed!","Jonathan Tsang","https://www.linkedin.com/in/tsangjonathan","Robert Schäfer","https://www.linkedin.com/in/roschaefer","2021-07-01 11:24:44 UTC","☕️ Virtual Coffee? 💎 Ruby experts needed!","Hey Robert! 

I’m reaching out regarding Backend Engineer (mid-staff level) position(s) that I am hiring for Artsy — we’re the world’s largest online marketplace for collecting and discovering art 

🎨 https://www.artsy.net/

Artsy has an incredible Product & Engineering organisation that believes deeply in knowledge sharing and Open Source:

📍 https://github.com/artsy/README 

Headquartered in NYC and are investing in the expansion of our Berlin office - our core tech stack is Ruby on Rails, React, React Native, Node.js.

☎ By chance, if you're interested 😁: 

https://calendly.com/jt8/15min

Warm regards, 

Jon Tsang
Talent Partner Artsy","INBOX","","No"
"2-ZDAyYjUxZWItYWIwYi00M2Q5LWJkODktNGM1ZTU2MDU4MGI4XzAxMg==","","Anja Lehmann","https://www.linkedin.com/in/anja-lehmann-a0389517b","Robert Schäfer","https://www.linkedin.com/in/roschaefer","2021-07-02 07:04:21 UTC","","Vielen Dank Robert für Ihre Antwort! 
Haben Sie einen schönen sonnigen Freitag!","INBOX","","No"
"2-ZDAyYjUxZWItYWIwYi00M2Q5LWJkODktNGM1ZTU2MDU4MGI4XzAxMg==","","Robert Schäfer","https://www.linkedin.com/in/roschaefer","Anja Lehmann","https://www.linkedin.com/in/anja-lehmann-a0389517b","2021-07-01 14:09:17 UTC","","Liebe Anja, ich habe letzte Woche als Freelancer an einem Projekt angefangen. Ich bin deswegen nicht mehr verfügbar. Abgesehen davon bin ich auch nicht spezialisiert auf IT-Security, vielleicht wäre ich da eh nicht der Richtige. Viel Glück bei der Suche!","INBOX","","No"
"2-ZDAyYjUxZWItYWIwYi00M2Q5LWJkODktNGM1ZTU2MDU4MGI4XzAxMg==","","Anja Lehmann","https://www.linkedin.com/in/anja-lehmann-a0389517b","Robert Schäfer","https://www.linkedin.com/in/roschaefer","2021-07-01 14:09:16 UTC","","Hallo Robert, als erfahrener Node.JS Entwickler hätten Sie vielleicht Interesse an außergewöhnlichen Projekten. Wir suchen einen Node.JS Entwickler für ein Projekt im Bereich Cyber-Security / IT-Sicherheit mit attraktivem Gehalt in Köln. Wären Sie offen für die Kommunikation?","INBOX","","No"
"2-OGI1YTU5YjgtMmZmMi00OWExLTk2Y2QtM2YxMmI2ZmZmNWRlXzAxMA==","New Job Opportunity:  Lead Back-End Engineer (Remote)","Robert Schäfer","https://www.linkedin.com/in/roschaefer","Ben MORTIMORE","https://www.linkedin.com/in/benmortimore4mationpartners","2021-07-01 14:06:39 UTC","New Job Opportunity:  Lead Back-End Engineer (Remote)","Hey Ben, I don't want to work with Java anymore. Here is the difference between Java and JavaScript: https://stackoverflow.com/a/245068/2069431","INBOX","","No"
"2-OGI1YTU5YjgtMmZmMi00OWExLTk2Y2QtM2YxMmI2ZmZmNWRlXzAxMA==","New Job Opportunity:  Lead Back-End Engineer (Remote)","Ben MORTIMORE","https://www.linkedin.com/in/benmortimore4mationpartners","Robert Schäfer","https://www.linkedin.com/in/roschaefer","2021-06-30 08:58:24 UTC","New Job Opportunity:  Lead Back-End Engineer (Remote)","Hi Robert,

I wanted to reach out again as I have another exciting position open with one of our clients in Germany that I believe you have the right skill set for.

One of our key customers are looking to bring in an experienced Java Developer to be responsible for building and running a highly available and scalable IoT platform. They are looking for individuals that has experience in with Java and AWS. Strong team leadership experience is also required, however they also have roles open that are not in a leadership capacity. 

This is a permanent role that can be done on a fully remote basis if you wish.

It would be great to have a quick call to run over the position in some more detail with you. Can you spare 5/10 mins for a quick chat today? 

Thanks

Ben MORTIMORE
Project Coordinator at Paratus People","INBOX","","No"
"2-MTE0YzIzYWEtYjY2Yi00ZjkzLTkzMDYtYTFmNjY0YjIxY2EzXzAxMw==","Hast du Lust auf digitale Abenteuer aka spannende Web-Projekte...?","Daniza Schmiegel ","https://www.linkedin.com/in/danizaweiss","Robert Schäfer","https://www.linkedin.com/in/roschaefer","2021-06-28 09:08:21 UTC","Hast du Lust auf digitale Abenteuer aka spannende Web-Projekte...?","Hi Robert,
Danke dir für deine Rückmeldung - dann weiß ich Bescheid.
Lieben Dank und auch dir alles Gute
Daniza","INBOX","","No"
"2-MTE0YzIzYWEtYjY2Yi00ZjkzLTkzMDYtYTFmNjY0YjIxY2EzXzAxMw==","Hast du Lust auf digitale Abenteuer aka spannende Web-Projekte...?","Robert Schäfer","https://www.linkedin.com/in/roschaefer","Daniza Schmiegel ","https://www.linkedin.com/in/danizaweiss","2021-06-20 12:59:53 UTC","Hast du Lust auf digitale Abenteuer aka spannende Web-Projekte...?","Hallo Daniza, ich suche momentan nur Freelance+Remote und das ist ja eine Festanstellung, also wäre wohl jemand anderes besser geeignet. Viel Glück bei der Suche","INBOX","","No"
"2-MTE0YzIzYWEtYjY2Yi00ZjkzLTkzMDYtYTFmNjY0YjIxY2EzXzAxMw==","Hast du Lust auf digitale Abenteuer aka spannende Web-Projekte...?","Daniza Schmiegel ","https://www.linkedin.com/in/danizaweiss","Robert Schäfer","https://www.linkedin.com/in/roschaefer","2021-06-14 09:59:26 UTC","Hast du Lust auf digitale Abenteuer aka spannende Web-Projekte...?","Hi Robert,
 
ich hoffe, du genießt dieses herrliche Wetter.
 
Ich schreibe dir, weil ich auf der Suche nach digitalen Talenten mit agilen Mindsets auf deinem Profil gelandet bin und mir vorstellen kann, dass die Rolle, die wir dir hier anbieten, eine Weiterentwicklung für dich sein könnte. Ob das so ist, entscheidest natürlich du.
 
Das ist die Stelle, die ich für dich im Auge habe 👉http://bit.ly/avenga_sr_fs_wd_tl 🤹‍♀️
 
Hab ich deine Neugierde geweckt und magst du mehr erfahren? Dann freue ich mich auf deine Antwort.
 
Ich wünsche dir einen schönen Tag und sende viele Grüße

 Daniza 
Human Resources Business Partner at Avenga","INBOX","","No"
"2-YzY2YWFiYTgtZWFjOS00ZWUzLTk4MmQtMTJhNjYyNDg4MjkwXzAxMw==","Hiring Freelancer- GoLang Developer","Smruti M.","https://www.linkedin.com/in/smruti-mishra-recruiter","Robert Schäfer","https://www.linkedin.com/in/roschaefer","2021-06-25 16:16:34 UTC","Hiring Freelancer- GoLang Developer","Hi Robert, 

I missed out on your mail before. I checked once again, I can no longer see Go mentioned as your skill :) 

If you are looking for a new freelance project in full-stack, you can join the talent.io platform using this link, and we can speak about your ideal project in detail.  Link: https://www.talent.io/go-sm%20

Have a nice weekend ahead! 

Smruti Mishra","INBOX","","No"
"2-YzY2YWFiYTgtZWFjOS00ZWUzLTk4MmQtMTJhNjYyNDg4MjkwXzAxMw==","Hiring Freelancer- GoLang Developer","Robert Schäfer","https://www.linkedin.com/in/roschaefer","Smruti M.","https://www.linkedin.com/in/smruti-mishra-recruiter","2021-06-21 13:43:43 UTC","Hiring Freelancer- GoLang Developer","I'll remove ""Golang"" from my ""About"" if you just found my profile in LinkedIn's search and that's it.  Can you confirm? I guess recruiters use the search and don't read the profile.","INBOX","","No"
"2-YzY2YWFiYTgtZWFjOS00ZWUzLTk4MmQtMTJhNjYyNDg4MjkwXzAxMw==","Hiring Freelancer- GoLang Developer","Robert Schäfer","https://www.linkedin.com/in/roschaefer","Smruti M.","https://www.linkedin.com/in/smruti-mishra-recruiter","2021-06-21 13:37:51 UTC","Hiring Freelancer- GoLang Developer","Hey Smruti, can you tell me where I mentioned Go as a skill on LinkedIn? Its' true, I have it in my interests, which is accurate. But most recruiters are searching for developers with years of experience as a Golang backend dev.","INBOX","https://www.linkedin.com/dms/prv/vid/v2/C4E06AQEi5F2CDgUJ8A/messaging-attachmentFile/messaging-attachmentFile/0/1624282650951?m=AQIZOD1e4NZKjgAAAaA2BetqMwYSHIkQZn3d0ds00Y_OFSnsGCkW1KHLlA&ne=1&v=beta&t=3j2aWJYTXMHmpm8BU0skqTcPfdWSM37Fx_C9ZW4-tRg","No"
"2-YzY2YWFiYTgtZWFjOS00ZWUzLTk4MmQtMTJhNjYyNDg4MjkwXzAxMw==","Hiring Freelancer- GoLang Developer","Smruti M.","https://www.linkedin.com/in/smruti-mishra-recruiter","Robert Schäfer","https://www.linkedin.com/in/roschaefer","2021-06-21 13:18:09 UTC","Hiring Freelancer- GoLang Developer","Hi Robert, 

Thank you for your response. You have mentioned Go as a skill on LinkedIn, which matches with our search on LinkedIn Recruiter, and you have mentioned Golang as your current interest. Maybe this is why a lot of recruiters are reaching out to you for Golang opportunities. 

If I would like me to reach out, what kind of opportunities are you looking for in the future? 

Smruti ","INBOX","","No"
"2-YzY2YWFiYTgtZWFjOS00ZWUzLTk4MmQtMTJhNjYyNDg4MjkwXzAxMw==","Hiring Freelancer- GoLang Developer","Robert Schäfer","https://www.linkedin.com/in/roschaefer","Smruti M.","https://www.linkedin.com/in/smruti-mishra-recruiter","2021-06-20 13:08:22 UTC","Hiring Freelancer- GoLang Developer","Hey Smruti, I get a lot of recruiters who say that I have Golang experience but no, I don't have any significant experience so far. Can you tell me where you ""noticed that [I] have software development experience using GO language."" ?","INBOX","","No"
"2-YzY2YWFiYTgtZWFjOS00ZWUzLTk4MmQtMTJhNjYyNDg4MjkwXzAxMw==","Hiring Freelancer- GoLang Developer","Smruti M.","https://www.linkedin.com/in/smruti-mishra-recruiter","Robert Schäfer","https://www.linkedin.com/in/roschaefer","2021-06-18 13:11:37 UTC","Hiring Freelancer- GoLang Developer","Hi Robert!

My name is Smruti, and I am the Talent Advocate at talent.io. I can help you in finding your next mission/ project and ensure you have a great experience with talent.io

I noticed that you have software development experience using GO language. And it made sense to contact you as I am looking for a Go/ Golang developer for a Berlin-based Fintech company.

They are looking to hiring a freelancer ASAP, so are willing to move fast with the interviewing process.

**Mission Details:**

The client is looking for...

- 3-5 years of experience as a Software engineer
- Expertise in Golang and Microservice architectures
- Additional experience in PostgreSQL or other relational Database
- Interested in crypto and blockchain, but experience is not a requirement.

**Project Details**

- DURATION: 3- 6 Months
- DAILY/ HOURLY RATE:   €640 to €720 daily or €80 - €90 hourly rate
- HOURS PER WEEK: Full time or 40 Hours per week
- REMOTE:  Yes
- LANGUAGE: English
- START DATE:  1st - 5th July

If you are interested, reply with your availability and I will contact you. You can also sign up on our platform, and we will get in touch with you. 

Sign up here: https://www.talent.io/go-sm%20.

 P.S. We don't charge freelancers for any of our services!

Smruti Mishra
Talent Advocate at talent.io I Connecting freelancers with their next mission.","INBOX","","No"
"2-MDkwOGZmNGQtNGJmOC00M2Y3LTgyNmMtZTQ2MjM3OTYwMTE4XzAxMg==","Friendly Enquiry from Checkly - Remote Opportunity","Robert Schäfer","https://www.linkedin.com/in/roschaefer","Grant Badgery","https://www.linkedin.com/in/grantbadgery","2021-06-23 12:46:08 UTC","Friendly Enquiry from Checkly - Remote Opportunity","Hey Grant, I turned off ""open to work"" on LInkedIn yesterday. So, at the moment I'm not available. Cheers, Robert","INBOX","","No"
"2-MDkwOGZmNGQtNGJmOC00M2Y3LTgyNmMtZTQ2MjM3OTYwMTE4XzAxMg==","Friendly Enquiry from Checkly - Remote Opportunity","Grant Badgery","https://www.linkedin.com/in/grantbadgery","Robert Schäfer","https://www.linkedin.com/in/roschaefer","2021-06-23 11:34:39 UTC","Friendly Enquiry from Checkly - Remote Opportunity","Hi Robert,

I just saw your profile and wanted to reach out regarding an opportunity here at Checkly!

We are looking for someone strong with backend, and who isn't totally against doing some frontend to join our team here. It's still quite a small team, and we have a great, open and fun culture that is really important to us.

We are building an API and E2E monitoring platform for modern development teams and stacks. Won't include all the info here (apologies it is a long message already) but happy to send more over!

And of course I was not totally sure if you would be open to a new opportunity, but if you would like anymore info on this at all, just let me know!

Best Regards,

Grant Badgery
Talent Partner at Checkly
https://www.checklyhq.com/","INBOX","","No"
"2-MjQ4ZTgxNjQtMDM4OC00ZjU2LWJjZDYtNmFkN2M4NjdmMGFkXzAxMg==","Job opportunity in Bangkok, Thailand","Robert Schäfer","https://www.linkedin.com/in/roschaefer","Pannavit Husskul","https://www.linkedin.com/in/pannavithusskul","2021-06-22 19:21:02 UTC","Job opportunity in Bangkok, Thailand","Hey Sam, I'm not available anymore. Best, Robert","INBOX","","No"
"2-MjQ4ZTgxNjQtMDM4OC00ZjU2LWJjZDYtNmFkN2M4NjdmMGFkXzAxMg==","Job opportunity in Bangkok, Thailand","Pannavit Husskul","https://www.linkedin.com/in/pannavithusskul","Robert Schäfer","https://www.linkedin.com/in/roschaefer","2021-06-22 06:45:55 UTC","Job opportunity in Bangkok, Thailand","Hi Robert 
Apologies for my slow reply
How are you doing ? We are now open to fully remote work for our senior developer position. If you are still interested I would like to have a chat with you.
Here is the full JD
https://www.kyklo.co/senior-app-technology-engineer-int-bkk
Please book a slot with me here
https://bit.ly/2MC4knI
regards 
Sam 	","INBOX","","No"
"2-MjQ4ZTgxNjQtMDM4OC00ZjU2LWJjZDYtNmFkN2M4NjdmMGFkXzAxMg==","Job opportunity in Bangkok, Thailand","Robert Schäfer","https://www.linkedin.com/in/roschaefer","Pannavit Husskul","https://www.linkedin.com/in/pannavithusskul","2021-06-03 11:04:46 UTC","Job opportunity in Bangkok, Thailand","Hey Pannavit, I'm looking for remote+freelance. Does that work with your company? Cheers, Robert","INBOX","","No"
"2-MjQ4ZTgxNjQtMDM4OC00ZjU2LWJjZDYtNmFkN2M4NjdmMGFkXzAxMg==","Job opportunity in Bangkok, Thailand","Pannavit Husskul","https://www.linkedin.com/in/pannavithusskul","Robert Schäfer","https://www.linkedin.com/in/roschaefer","2021-05-31 03:06:57 UTC","Job opportunity in Bangkok, Thailand","Hi Robert
My name is Sam, from KYKLO. We are a “2019 Gartner Cool Vendor”, a 43N semi-finalist, and highlighted in Tech-Crunch. (https://techcrunch.com/2020/11/13/kyklo-series-seed-funding/)

I came across your profile and love that you have a background in both Ruby and TDD – which we utilize here at KYKLO. 
We are looking for developers who appreciate well-structured applications designed through TDD process with a fun yet professional development team. We offer strong pay, great benefits, and unlimited paid time off. Are you free for a quick chat about an opportunity here in Thailand?

Pannavit Husskul
Recruitment Manager at KYKLO","INBOX","","No"
"2-ODE4OWM4YmItOGFiOS00Y2Q0LThkMjAtMzNhOWQ3MGM5YjZiXzAxMw==","**Recruiting for an exciting opportunity - Senior React Native Developer in Berlin","Ben Coupland","https://www.linkedin.com/in/searchdog","Robert Schäfer","https://www.linkedin.com/in/roschaefer","2021-06-21 09:47:17 UTC","**Recruiting for an exciting opportunity - Senior React Native Developer in Berlin","Hi Robert, 
Sorry about this, this is a rarity this happens from my side but I clicked onto your profile and send the message by mistake. It should have been delivered to Florian who is a React Native Developer 😅

If I get any roles that are focused around your skill-set - I will drop you a note with the details. 

Have a good week!

Kind regards, 
Ben ","INBOX","","No"
"2-ODE4OWM4YmItOGFiOS00Y2Q0LThkMjAtMzNhOWQ3MGM5YjZiXzAxMw==","**Recruiting for an exciting opportunity - Senior React Native Developer in Berlin","Robert Schäfer","https://www.linkedin.com/in/roschaefer","Ben Coupland","https://www.linkedin.com/in/searchdog","2021-06-20 12:50:18 UTC","**Recruiting for an exciting opportunity - Senior React Native Developer in Berlin","Hey Ben, I'm not a React Native Developer and my name is not Florian. Please fix your message templates","INBOX","","No"
"2-ODE4OWM4YmItOGFiOS00Y2Q0LThkMjAtMzNhOWQ3MGM5YjZiXzAxMw==","**Recruiting for an exciting opportunity - Senior React Native Developer in Berlin","Ben Coupland","https://www.linkedin.com/in/searchdog","Robert Schäfer","https://www.linkedin.com/in/roschaefer","2021-06-10 09:45:51 UTC","**Recruiting for an exciting opportunity - Senior React Native Developer in Berlin","Hi Florian, 

I wanted to reach out to you as I'm currently recruiting exclusively for my partner based in Berlin, they're a company created created by Daimler and Volkswagen who are in need of a Senior React Native Developer.

They're currently looking to rapidly expand their online presence within mobile hence the reason for this opportunity coming up, it is a crucial role and one that will offer you lots of room for progression!

It's an exciting time to join them and I really think given your experience, they would certainly be interested in your profile.

When would be a good time for us to follow up and have a chat about this?

Kind regards,

Ben Coupland
Auto Technical Sourcing Specialist 
b.coupland@mane.co.uk / +44(0)1923 470751 / +44(0)7895 798031","INBOX","","No"
"2-MGJhOGYzNmYtNzk2Mi00ZjZkLWFjYTQtNWQzMGRkMzA0MzY5XzAxMg==","","Raluca Curecheriu","https://www.linkedin.com/in/raluca-curecheriu-7265611a0","Robert Schäfer","https://www.linkedin.com/in/roschaefer","2021-06-21 05:27:25 UTC","","Hello Robert, 

thanks for your message. For this position are experience with Golang very important. If you agree, we would like to stay in touch and contact you again once we will have new, relevant jobs. At the same time, you can register on Lionstep via candidate.lionstep.com or you can simply share your contact details with us.

We wish you a great day!

Best regards,
Alexandra","INBOX","","No"
"2-MGJhOGYzNmYtNzk2Mi00ZjZkLWFjYTQtNWQzMGRkMzA0MzY5XzAxMg==","","Robert Schäfer","https://www.linkedin.com/in/roschaefer","Raluca Curecheriu","https://www.linkedin.com/in/raluca-curecheriu-7265611a0","2021-06-20 13:09:45 UTC","","I don't have significant Golang experience so far, so no, I don't think I would be a good fit.","INBOX","","No"
"2-MGJhOGYzNmYtNzk2Mi00ZjZkLWFjYTQtNWQzMGRkMzA0MzY5XzAxMg==","","Raluca Curecheriu","https://www.linkedin.com/in/raluca-curecheriu-7265611a0","Robert Schäfer","https://www.linkedin.com/in/roschaefer","2021-06-20 13:09:45 UTC","","Hello Robert,
go e GmbH, provider of e-mobility solutions, thinks that you might be a good addition to their team as a Senior Backend Engineer (Golang). You develop scalable backend services for web, embedded & mobile applications. Info: https://app.lionstep.com/j/rchz5m9wrbjne BR, Alexandra","INBOX","","No"
"2-MDk1YThhZDYtMTFjNy00NjBiLWJlYzItODE4YTQ1ZTk1MTU1XzAxMg==","","Robert Schäfer","https://www.linkedin.com/in/roschaefer","Pramila  Dwivedi","https://www.linkedin.com/in/pramila-dwivedi-7b1610142","2021-06-20 13:12:16 UTC","","Hey Pramila, I'm looking for freelance+remote, also post-covid. So I don't think I'd be a good fit.","INBOX","","No"
"2-MDk1YThhZDYtMTFjNy00NjBiLWJlYzItODE4YTQ1ZTk1MTU1XzAxMg==","","Pramila  Dwivedi","https://www.linkedin.com/in/pramila-dwivedi-7b1610142","Robert Schäfer","https://www.linkedin.com/in/roschaefer","2021-06-20 13:12:15 UTC","","Hi, 
Hope you are doing well!! 

We are looking for Sr. Full Stack Developer (Ruby On Rails) –Fully Remote Till Covid- Contract
If you are looking for change please drop me your resume to pramila@mpower-plus.co 

Required-Work Permit Holder or EU/UK Nationals.

Thanks,
Pramila


","INBOX","","No"
"2-YjNkMjI2MWQtYmVhNS00NmE2LWI0YmUtNTc1NDkyYzI4ODEyXzAxMg==","","Robert Schäfer","https://www.linkedin.com/in/roschaefer","Farhat N.","https://www.linkedin.com/in/farhatnazar","2021-06-20 13:10:49 UTC","","👍 ","INBOX","","No"
"2-YjNkMjI2MWQtYmVhNS00NmE2LWI0YmUtNTc1NDkyYzI4ODEyXzAxMg==","","Farhat N.","https://www.linkedin.com/in/farhatnazar","Robert Schäfer","https://www.linkedin.com/in/roschaefer","2021-06-20 13:10:01 UTC","","Hallo Robert,
Danke für die Rückmeldung!
Da magst du Recht haben, aber es gibt auch Entwickler, die sich den Techstack wünschen, den sie kennen oder nur bestimmte Tools oder Sprachen verwenden möchten.
Und es gibt Kunden, bei denen der PL oder Hiring Manager sich Zeit und Kosten für einarbeitung sparen will oder dein Know-How einkaufen will... ist gibt also vielseitige Beweggründe...

Dir erstmal alles Gute und möglicherweise bis bald!

LG
Farhat","INBOX","","No"
"2-YjNkMjI2MWQtYmVhNS00NmE2LWI0YmUtNTc1NDkyYzI4ODEyXzAxMg==","","Robert Schäfer","https://www.linkedin.com/in/roschaefer","Farhat N.","https://www.linkedin.com/in/farhatnazar","2021-06-20 12:48:41 UTC","","Hey Farhat, ab kommender Woche fange ich an einem anderen Projekt an. Deswegen bin ich gar nicht mehr verfügbar. Um deine Frage zu beantworten: Als erfahrener Entwickler hat man keine Probleme, sich in eine neue Programmiersprache einzufinden, erst recht wenn es sich um ein Interesse handelt. Es gibt aber viele Unternehmen, die ein 100% Match auf ihren Technologie-Stack suchen und sonst nichts. Es hängt also weniger am Kandidaten als am HR-Manager.","INBOX","","No"
"2-YjNkMjI2MWQtYmVhNS00NmE2LWI0YmUtNTc1NDkyYzI4ODEyXzAxMg==","","Farhat N.","https://www.linkedin.com/in/farhatnazar","Robert Schäfer","https://www.linkedin.com/in/roschaefer","2021-06-08 12:04:20 UTC","","hast du einen aktuellen CV?","INBOX","","No"
"2-YjNkMjI2MWQtYmVhNS00NmE2LWI0YmUtNTc1NDkyYzI4ODEyXzAxMg==","","Farhat N.","https://www.linkedin.com/in/farhatnazar","Robert Schäfer","https://www.linkedin.com/in/roschaefer","2021-06-08 12:04:04 UTC","","Wie fit bist du denn in Golang?","INBOX","","No"
"2-YjNkMjI2MWQtYmVhNS00NmE2LWI0YmUtNTc1NDkyYzI4ODEyXzAxMg==","","Robert Schäfer","https://www.linkedin.com/in/roschaefer","Farhat N.","https://www.linkedin.com/in/farhatnazar","2021-06-07 09:42:49 UTC","","OK, das klingt gut. Zeitlich kann ich das abbilden. Allerdings gibt es noch einen Haken: Ich bin Fullstack-Entwickler, mache also hauptsächlich JavaScript/TypeScript und Golang ist ein Interesse von mir. Geht das für die Unternehmen in Ordnung?","INBOX","","No"
"2-YjNkMjI2MWQtYmVhNS00NmE2LWI0YmUtNTc1NDkyYzI4ODEyXzAxMg==","","Farhat N.","https://www.linkedin.com/in/farhatnazar","Robert Schäfer","https://www.linkedin.com/in/roschaefer","2021-06-04 10:04:04 UTC","","Hallo Robert,
Danke für die Rückmeldung!
Genau das habe ich anzubieten!
Freelance und Remote, aber in Vollzeit-Projekten.
Kannst du das zeitlich abbilden ?","INBOX","","No"
"2-YjNkMjI2MWQtYmVhNS00NmE2LWI0YmUtNTc1NDkyYzI4ODEyXzAxMg==","","Robert Schäfer","https://www.linkedin.com/in/roschaefer","Farhat N.","https://www.linkedin.com/in/farhatnazar","2021-06-03 11:19:53 UTC","","Hallo Farhat, ich suche gerade nach Freelance+Remote. Ich fürche, da komme nicht in Frage. Viel Glück bei der Suche","INBOX","","No"
"2-YjNkMjI2MWQtYmVhNS00NmE2LWI0YmUtNTc1NDkyYzI4ODEyXzAxMg==","","Farhat N.","https://www.linkedin.com/in/farhatnazar","Robert Schäfer","https://www.linkedin.com/in/roschaefer","2021-06-03 11:19:52 UTC","","Hallo Robert,
wie steht es um deine Verfügbarkeit?
Ich suche für gleich zwei Kunden gerade Golang-Entwickler für Projekte (remote & Vollzeit). 
Hast du Interesse? Oder kennst du jemanden, für den das interessant wäre? 

Beste Grüße
Farhat","INBOX","","No"
"2-ODIxZjlkNjgtODZkOC00MjU3LWI2NzUtZjczY2UxZWJlYzE5XzAxMw==","Let's Connect!","Robert Schäfer","https://www.linkedin.com/in/roschaefer","Christina O.","https://www.linkedin.com/in/christinaovchynnykova","2021-06-20 13:06:30 UTC","Let's Connect!","Hey  Krystyna, I'm looking for freelance+100%remote so I guess someone else would be a better fit here.","INBOX","","No"
"2-ODIxZjlkNjgtODZkOC00MjU3LWI2NzUtZjczY2UxZWJlYzE5XzAxMw==","Let's Connect!","Christina O.","https://www.linkedin.com/in/christinaovchynnykova","Robert Schäfer","https://www.linkedin.com/in/roschaefer","2021-06-16 18:33:40 UTC","Let's Connect!","Greetings Robert, 

I came across your profile and noticed your skills and experience.

We are currently looking for a Full Stack Developer to join our international team (remotely or in the office in Berlin or Magdeburg). 

We have the following tech stack:
- Database management systems: PostgreSQL, MongoDB, Redis;
- Front-end: React, GraphQL Apollo;
- Back-end: Node.js, Typescript, AWS, Docker, Terraform, Serverless;
- Tools: Git / Github.

If this is something that interests you, please reach back to me.

Looking forward to hearing from you!

 Krystyna Ovchynnykova
Talent Acquisition Manager at VISARIGHT","INBOX","","No"
"2-MjAwYjBlYjUtMzI3MC00YzhkLTg1YjMtNmEzNDBkNzg3YzY3XzAxMA==","(Remote) Backend Developer Node.js for growing European Cloud Hoster wanted!","Robert Schäfer","https://www.linkedin.com/in/roschaefer","Merle Kieseritzky","https://www.linkedin.com/in/merle-kieseritzky-83b691b6","2021-06-20 13:05:41 UTC","(Remote) Backend Developer Node.js for growing European Cloud Hoster wanted!","Hey Merle, I'm looking for freelance+100%remote so I guess someone else is a better fit here.","INBOX","","No"
"2-MjAwYjBlYjUtMzI3MC00YzhkLTg1YjMtNmEzNDBkNzg3YzY3XzAxMA==","(Remote) Backend Developer Node.js for growing European Cloud Hoster wanted!","Merle Kieseritzky","https://www.linkedin.com/in/merle-kieseritzky-83b691b6","Robert Schäfer","https://www.linkedin.com/in/roschaefer","2021-06-16 12:20:18 UTC","(Remote) Backend Developer Node.js for growing European Cloud Hoster wanted!","Hello Robert,

in the course of a mandate, I became aware of your profile. I am looking for a ""Backend Developer Node.js (f/m/x)"" as soon as possible. My customer is a growing cloud computing provider and the largest hoster on the European market with different offices across Germany and Europe and two main offices in Berlin and Karlsruhe.

The team is located in Romania, therefore fully remote work is not a problem at all. There are two possibilities: weather you work in the office in Karlsruhe with 1 day of  home office per week or you work fully remote with popping into the office once a month (no matter which of the offices across Germany). You will be working at the SMB platform concentrating on Marketing Tools enabling more than 500.000 customers to use this product. 

The most important tasks & requirements for this position include:
•	Relevant experience working with Software Development teams, having launched a product or service to the market.
•	Solid understanding and practical experience working with Container Technologies and Managed Platforms, having built products that are based on micro-services.
•	Solid experience with Node.js web frameworks (E.g.: Express.js, Hapi, Fastifyi).
•	Build micro-services and applications in Node.js that run in a Container-based infrastructure.
•	Write unit and integration tests.
•	Work directly with Architects and DevOps to shape up the product, platform and infrastructure.
•	Be a part of a larger multi-disciplinary team, working directly with Architects, DevOps, Developers, QA Engineers, UX and Product Owner.
•	Participate & contribute in the team’s Scrum process.
•	Conduct Code Reviews.

The company offers 30 days of vacation, flexible working hours with core working hours between 10 AM and 3 PM. 

I am looking forward to your response!

Warmest regards,
Merle Scholz
Headm

Merle Scholz
Senior IT Recruiter at Headmatch","INBOX","","No"
"2-OTA1M2Q3NjgtZjliYi00OGM2LTlmNGItYTg2NWVkMTAxYjEzXzAxMw==","Top Stellenagbot als Senior Software Engineer 100% Remote","Robert Schäfer","https://www.linkedin.com/in/roschaefer","Marco Bohlmann","https://www.linkedin.com/in/marco-bohlmann-500870199","2021-06-20 13:04:47 UTC","Top Stellenagbot als Senior Software Engineer 100% Remote","Lieber Marco Bohlmann, offenbar haben Sie mein Profil doch nicht so genau angeschaut, denn ich habe noch gar nicht viel Erfahrung mit Golang, sondern es ist ein Interesse von mir.","INBOX","","No"
"2-OTA1M2Q3NjgtZjliYi00OGM2LTlmNGItYTg2NWVkMTAxYjEzXzAxMw==","Top Stellenagbot als Senior Software Engineer 100% Remote","Marco Bohlmann","https://www.linkedin.com/in/marco-bohlmann-500870199","Robert Schäfer","https://www.linkedin.com/in/roschaefer","2021-06-16 08:06:36 UTC","Top Stellenagbot als Senior Software Engineer 100% Remote","Hallo Herr Schäfer,

Sie haben vielleicht bemerkt, dass ich mir Ihr Linkedin angeschaut habe, da mir Ihre DevOps, als auch Ihre Golang-Erfahrung wirklich aufgefallen ist.

Das Unternehmen, mit dem ich zusammenarbeite, ist ein etabliertes Scale-up-Medienunternehmen mit über 8 Millionen monatlichen Benutzern auf seinen beiden Kernplattformen. Wir suchen Entwickler, die beide Produkte wirklich auf die nächste Stufe heben und einen großen Einfluss auf das Geschäft haben können.

Aktuell sucht dieses Unternehmen nach einem Senior Software Engineer, mit Erfahrungen in Golang und DevOps.

Ihr Backend ist hauptsächlich in Go mit einer Mischung aus gut strukturiertem Monolith und isolierten Mikrodiensten geschrieben. Sie führen AWS als Lambda oder in Docker-Containern auf ECS oder EC2 aus und arbeiten nach der DevOps-Mentalität, mit der Sie es erstellen und ausführen.

Wenn Sie aktuell in zufrieden mit Ihrer Arbeit sind, ist das absolut legitim. Andernfalls können wir diese Woche einen kurzen Anruf vereinbaren.

Ich freue mich auf Ihre Rückmeldung.

VG

Marco Bohlmann
 Senior Consultant @ Source Technology, Part of Source Group International Ltd. ","INBOX","","No"
"2-ZTk4ODFmYzUtOTViNS00OTQyLWE1MzItMDYyYTg4YWRlNTFiXzAxMw==","ecommerce - React/Typescript - Hamburg/Remote","Robert Schäfer","https://www.linkedin.com/in/roschaefer","Manisha P.","https://www.linkedin.com/in/manisha-paul","2021-06-20 12:39:00 UTC","ecommerce - React/Typescript - Hamburg/Remote","Yes, I'm fixed on that and I'm already starting on a new project next week so I'll be unavailable for the next months.","INBOX","","No"
"2-ZTk4ODFmYzUtOTViNS00OTQyLWE1MzItMDYyYTg4YWRlNTFiXzAxMw==","ecommerce - React/Typescript - Hamburg/Remote","Manisha P.","https://www.linkedin.com/in/manisha-paul","Robert Schäfer","https://www.linkedin.com/in/roschaefer","2021-06-07 13:15:29 UTC","ecommerce - React/Typescript - Hamburg/Remote","Hello Robert, thanks for getting back to me, right now I don't have any freelancing roles only perm, is that something you are fixed on?

What I can do too is keep your cv for when a freelancing role opens up!","INBOX","","No"
"2-ZTk4ODFmYzUtOTViNS00OTQyLWE1MzItMDYyYTg4YWRlNTFiXzAxMw==","ecommerce - React/Typescript - Hamburg/Remote","Robert Schäfer","https://www.linkedin.com/in/roschaefer","Manisha P.","https://www.linkedin.com/in/manisha-paul","2021-06-07 09:44:10 UTC","ecommerce - React/Typescript - Hamburg/Remote","Hey Manisha, I'm currently looking for freelance+remote. Does that work for the company?","INBOX","","No"
"2-ZTk4ODFmYzUtOTViNS00OTQyLWE1MzItMDYyYTg4YWRlNTFiXzAxMw==","ecommerce - React/Typescript - Hamburg/Remote","Manisha P.","https://www.linkedin.com/in/manisha-paul","Robert Schäfer","https://www.linkedin.com/in/roschaefer","2021-06-04 14:06:36 UTC","ecommerce - React/Typescript - Hamburg/Remote","Heya Robert, how are you doing?

I've just been running through your profile and was wondering if I could tempt you with this new role I'm recruiting for!

You would be working for one of the largest online e-commerce portals in Germany that come with over 4 million products.

My client makes high-end one-off pieces tailored to their customer's needs and due to the success of the company, they're high in demand and in need of an additional member to help support them on their new project

Tech stack: Javascript, Typescript, React, Next.js, AWS, Docker, UX/UI

Benefits: Flexible working hours (you really can work your own hours), diverse team, technical audits twice a year (you'll always work with the latest tech), Relocation package, VISA support, English speaking.

This role is for Mid-level and Senior Developers.

Happy to share the full job description on request, just ask!

Manisha Paul
Manisha_paul@Spring.com
Senior Frontend Recruitment Consultant at Spring Technology","INBOX","","No"
"2-NTA0YTlhZmItNTc5My00ZDBiLTliYzktMDJlNjNiMjU5ODI1XzAxMA==","Are you open to a new Golang project opportunity?","Robert Schäfer","https://www.linkedin.com/in/roschaefer","Gabriela Morua","https://www.linkedin.com/in/gabrielamorua","2021-06-20 12:38:08 UTC","Are you open to a new Golang project opportunity?","Hey Gabriela, unfortunately I'll start on another project next week, so I think I won't be available any time soon.","INBOX","","No"
"2-NTA0YTlhZmItNTc5My00ZDBiLTliYzktMDJlNjNiMjU5ODI1XzAxMA==","Are you open to a new Golang project opportunity?","Gabriela Morua","https://www.linkedin.com/in/gabrielamorua","Robert Schäfer","https://www.linkedin.com/in/roschaefer","2021-06-07 11:35:31 UTC","Are you open to a new Golang project opportunity?","Yes, thats what we do ","INBOX","","No"
"2-NTA0YTlhZmItNTc5My00ZDBiLTliYzktMDJlNjNiMjU5ODI1XzAxMA==","Are you open to a new Golang project opportunity?","Robert Schäfer","https://www.linkedin.com/in/roschaefer","Gabriela Morua","https://www.linkedin.com/in/gabrielamorua","2021-06-07 09:45:02 UTC","Are you open to a new Golang project opportunity?","Yes, I'm open. There is one more catch: I'm looking for freelance+remote. Does that work for your clients?","INBOX","","No"
"2-NTA0YTlhZmItNTc5My00ZDBiLTliYzktMDJlNjNiMjU5ODI1XzAxMA==","Are you open to a new Golang project opportunity?","Gabriela Morua","https://www.linkedin.com/in/gabrielamorua","Robert Schäfer","https://www.linkedin.com/in/roschaefer","2021-06-03 19:20:18 UTC","Are you open to a new Golang project opportunity?","We have plenty of full-stack positions, would you be open to talking about those?","INBOX","","No"
"2-NTA0YTlhZmItNTc5My00ZDBiLTliYzktMDJlNjNiMjU5ODI1XzAxMA==","Are you open to a new Golang project opportunity?","Robert Schäfer","https://www.linkedin.com/in/roschaefer","Gabriela Morua","https://www.linkedin.com/in/gabrielamorua","2021-06-03 10:56:16 UTC","Are you open to a new Golang project opportunity?","I'm an experienced fullstack engineer all around JavaScript/TypeScript. I have an interest in modern compiled languages like Rust and Go, though I haven' professional experience in that field yet. If your client is looking for an experienced Go developer, someone else might be a better fit","INBOX","","No"
"2-NTA0YTlhZmItNTc5My00ZDBiLTliYzktMDJlNjNiMjU5ODI1XzAxMA==","Are you open to a new Golang project opportunity?","Gabriela Morua","https://www.linkedin.com/in/gabrielamorua","Robert Schäfer","https://www.linkedin.com/in/roschaefer","2021-06-02 16:03:30 UTC","Are you open to a new Golang project opportunity?","Hi Robert, 

Nice to e-meet you! I came across your profile and am so impressed with your experience!

One of our clients here at MVP Match is looking for a Go developer. This is a 100% remote, freelance project. 

Here is more information: https://bit.ly/3fKRJwW

If you feel you are a good match or someone you know, please go ahead and schedule a call. Here is my calendar link: https://bit.ly/2HET1wn.

Best,
Gaby

Gabriela Morua
Talent Acquisition Manager at MVP Match
Schedule a call: https://bit.ly/2HET1wn","INBOX","","No"
"2-ZTQ2NDQ5YjMtYTA2Mi00OWQzLTg2NWQtZTA0MjFkYWQxOTZiXzAxMg==","AEM Full Stack Consultant-Adobe","Robert Schäfer","https://www.linkedin.com/in/roschaefer","Julia Huesa-Rico","https://www.linkedin.com/in/julia-huesa-rico","2021-06-20 12:37:05 UTC","AEM Full Stack Consultant-Adobe","Hey Julia, I'm starting next week on a project as a full-time freelancer and won't be available any time soon.","INBOX","","No"
"2-ZTQ2NDQ5YjMtYTA2Mi00OWQzLTg2NWQtZTA0MjFkYWQxOTZiXzAxMg==","AEM Full Stack Consultant-Adobe","Julia Huesa-Rico","https://www.linkedin.com/in/julia-huesa-rico","Robert Schäfer","https://www.linkedin.com/in/roschaefer","2021-06-07 09:55:34 UTC","AEM Full Stack Consultant-Adobe","Dear Robert,

Hope this message finds you well.

I am contacting you about a position of AEM Full Stack Consultant, for what I can see on your profile I think you will be great for. Would you be interested?

If so, please let me know and maybe we can discuss further on a call?

Waiting for your response and hoping you are having a great week.

Best regards,

Julia E. Huesa-Rico
EMEA Talent Scout at Adobe","INBOX","","No"
"2-ZTkzMDZkYjctMzQ2NC00MmE4LTk4MTktZGM1ODUwZjE2YjViXzAxMw==","☕️ Virtual Coffee? 💎 Ruby experts needed!","Jonathan Tsang","https://www.linkedin.com/in/tsangjonathan","Robert Schäfer","https://www.linkedin.com/in/roschaefer","2021-06-15 15:02:53 UTC","☕️ Virtual Coffee? 💎 Ruby experts needed!","Hey Robert! 

I’m reaching out regarding Backend Engineer (mid-staff) position(s) that I am hiring for Artsy — we’re the world’s largest online marketplace for collecting and discovering art 

🎨 https://www.artsy.net/

Artsy has an incredible Product & Engineering organisation that believes deeply in knowledge sharing and Open Source:

📍 https://github.com/artsy/README 

Headquartered in NYC and are investing in the expansion of our Berlin office - our core tech stack is Ruby on Rails, React, React Native, Node.js.

☎ By chance, if you're interested 😁: 

https://calendly.com/jt8/15min

Warm regards, 

Jon Tsang
Talent Partner Artsy","INBOX","","No"
"2-M2M4YmIwZTEtMTM5MS00OTQyLTk0M2QtODBhMzIxODAyMWNlXzAxMA==","TalentsConnect sucht nach Unterstützung","Alicia Staufenbiel","https://www.linkedin.com/in/alicia-staufenbiel-90a674105","Robert Schäfer","https://www.linkedin.com/in/roschaefer","2021-06-07 09:07:20 UTC","TalentsConnect sucht nach Unterstützung","Vielen Dank für deine schnelles Feedback.

Alles Gute
Alicia
","INBOX","","No"
"2-M2M4YmIwZTEtMTM5MS00OTQyLTk0M2QtODBhMzIxODAyMWNlXzAxMA==","TalentsConnect sucht nach Unterstützung","Robert Schäfer","https://www.linkedin.com/in/roschaefer","Alicia Staufenbiel","https://www.linkedin.com/in/alicia-staufenbiel-90a674105","2021-06-03 15:01:13 UTC","TalentsConnect sucht nach Unterstützung","Hallo Alicia, ich möchte mit PHP in Zukunft nicht mehr programmieren :)","INBOX","","No"
"2-M2M4YmIwZTEtMTM5MS00OTQyLTk0M2QtODBhMzIxODAyMWNlXzAxMA==","TalentsConnect sucht nach Unterstützung","Alicia Staufenbiel","https://www.linkedin.com/in/alicia-staufenbiel-90a674105","Robert Schäfer","https://www.linkedin.com/in/roschaefer","2021-06-03 12:50:47 UTC","TalentsConnect sucht nach Unterstützung","Lieber Robert,

Ich hoffe dir geht es gut.

Für die TalentsConnect AG bin derzeit auf der Suche nach einem PHP Developer.
Mehr Info findest du unter: 

https://www.talentsconnect.com/p/jobs/job/php-developer-m-f-d-for-the-jobshop/343301

Ich würde mich über ein kurzes Feedback deinerseits freuen.

Alles Gute und liebe Grüße

 Alicia 
HR & Recruiting","INBOX","","No"
"2-MWNiNzFkOGMtMWNlMS00YjQ2LWE3ZWQtODQwNGI0ZTNlMDliXzAxMw==","Go/Golang Freelance Remote Roles!","Amber Carr","https://www.linkedin.com/in/amber-carr","Robert Schäfer","https://www.linkedin.com/in/roschaefer","2021-06-03 15:37:38 UTC","Go/Golang Freelance Remote Roles!","Thanks for confirming. :) 

And thats really cool to hear what you were doing! And yes, I am noticing more diverse talent emerging out of the schools now but you are right, its up to the companies to retain their interns/juniors and empower them into senior/leadership positions. There is a company I had speak on a webinar earlier this year that offers these sorts of programs to companies/candidates called femalefounders but of course its more leadership focused rather than tech. ","INBOX","","No"
"2-MWNiNzFkOGMtMWNlMS00YjQ2LWE3ZWQtODQwNGI0ZTNlMDliXzAxMw==","Go/Golang Freelance Remote Roles!","Robert Schäfer","https://www.linkedin.com/in/roschaefer","Amber Carr","https://www.linkedin.com/in/amber-carr","2021-06-03 15:08:59 UTC","Go/Golang Freelance Remote Roles!","Alright, so I'm myself are not specialized in IT security and I guess the vacancy is for someone who is.
 
And regarding the mentoring: This was a programming group  for women sponsored by the host MIZ. We helped people to learn programming for a couple of years and used Ruby as the language of choice. I'm still mentoring, but remote in online-learner communities or as a teacher at university.
 
I guess more companies could do the same. Many are hiring seniors only and not too many are willing to build them. 
 
If you have any more questions, feel free to ask.","INBOX","","No"
"2-MWNiNzFkOGMtMWNlMS00YjQ2LWE3ZWQtODQwNGI0ZTNlMDliXzAxMw==","Go/Golang Freelance Remote Roles!","Amber Carr","https://www.linkedin.com/in/amber-carr","Robert Schäfer","https://www.linkedin.com/in/roschaefer","2021-06-03 13:38:08 UTC","Go/Golang Freelance Remote Roles!","Yes - I was curious and interested to learn about what your mentoring involved. I am also trying to promote DEI in tech and I always love to hear what other like minded invididuals have been doing themselves in the space as well as I just take an interest in the work the tech and product people I work with/talk to do so not sure what the misunderstanding of me trying to ask about the good work you are doing was.

Yes, I meant experience. 

","INBOX","","No"
"2-MWNiNzFkOGMtMWNlMS00YjQ2LWE3ZWQtODQwNGI0ZTNlMDliXzAxMw==","Go/Golang Freelance Remote Roles!","Robert Schäfer","https://www.linkedin.com/in/roschaefer","Amber Carr","https://www.linkedin.com/in/amber-carr","2021-06-03 12:21:00 UTC","Go/Golang Freelance Remote Roles!","""Also curious to hear about your mentoring at MIZ Babelsberg ro promote diversity in tech! :) 
 
Not sure if you have any cyber security/security exp. Could give this one a go if so?

 I've read ""exp."" as ""expert"" but you probably meant ""expertise"". So I assumed if you ask me to forward the vacancy to someone else.","INBOX","","No"
"2-MWNiNzFkOGMtMWNlMS00YjQ2LWE3ZWQtODQwNGI0ZTNlMDliXzAxMw==","Go/Golang Freelance Remote Roles!","Amber Carr","https://www.linkedin.com/in/amber-carr","Robert Schäfer","https://www.linkedin.com/in/roschaefer","2021-06-03 11:21:01 UTC","Go/Golang Freelance Remote Roles!","Hello Robert,

No idea what that reply means as I was sending you a developer vacancy to review for yourself. 

Anyways, have a good day. ","INBOX","","No"
"2-MWNiNzFkOGMtMWNlMS00YjQ2LWE3ZWQtODQwNGI0ZTNlMDliXzAxMw==","Go/Golang Freelance Remote Roles!","Robert Schäfer","https://www.linkedin.com/in/roschaefer","Amber Carr","https://www.linkedin.com/in/amber-carr","2021-06-03 11:12:39 UTC","Go/Golang Freelance Remote Roles!","No, I'm sorry. I'm a developer not a headhunter.","INBOX","","No"
"2-MWNiNzFkOGMtMWNlMS00YjQ2LWE3ZWQtODQwNGI0ZTNlMDliXzAxMw==","Go/Golang Freelance Remote Roles!","Amber Carr","https://www.linkedin.com/in/amber-carr","Robert Schäfer","https://www.linkedin.com/in/roschaefer","2021-05-20 11:48:11 UTC","Go/Golang Freelance Remote Roles!","As in you don't have 1+ year experience? 

Also curious to hear about your mentoring at MIZ Babelsberg ro promote diversity in tech! :) 

Not sure if you have any cyber security/security exp. Could give this one a go if so?

As a Development Expert you will contribute to the Platform Security Engineering unit within the Security Control Plane department. Our diverse team setup complements core expert skill sets in the areas of security architecture, software development and architecture as well as project management.

The team is looking for a Development Expert (f/m/d) for building a zero-trust platform for cloud security in the company-wide service mesh, leveraging native hyperscaler primitives, and providing secure modernized cloud application architecture equipped with company-necessary observability. Increasing innovation and productivity, lowering costs and becoming provably compliant at any given point in time. You will conduct practical work on designing new security capabilities for the company service mesh and putting them to life collaboratively within the Security Control Plane and together with other BTP Core teams.

Required Skills
Good degree in computer science, software engineering or similar (Bachelor/Master)
Excellent development skills in Go (preferred), Node.js/JavaScript, or Java
Professional expertise in Security and Cybersecurity (Certificates, PKI)
Experience with Kubernetes, ISTIO and Envoy
Experience working in agile software development processes (Scrum)
Experience working both independently and in a team-oriented, collaborative environment
Excellent communication and presentation skills
Fluent in English or German (written and verbal)
Positive mindset, team player, humble, transparent, and highly adaptable
Curiosity and track record for quickly learning new technologies, concepts and tools","INBOX","","No"
"2-MWNiNzFkOGMtMWNlMS00YjQ2LWE3ZWQtODQwNGI0ZTNlMDliXzAxMw==","Go/Golang Freelance Remote Roles!","Robert Schäfer","https://www.linkedin.com/in/roschaefer","Amber Carr","https://www.linkedin.com/in/amber-carr","2021-05-20 11:07:53 UTC","Go/Golang Freelance Remote Roles!","Nope, that's exactly what I meant","INBOX","","No"
"2-MWNiNzFkOGMtMWNlMS00YjQ2LWE3ZWQtODQwNGI0ZTNlMDliXzAxMw==","Go/Golang Freelance Remote Roles!","Amber Carr","https://www.linkedin.com/in/amber-carr","Robert Schäfer","https://www.linkedin.com/in/roschaefer","2021-05-20 09:39:39 UTC","Go/Golang Freelance Remote Roles!","Hi Robert, thanks! Ah if you have at least 1 year hands on experience with Golang I can make it work but if not, won't quite be right for this one unfortunately!","INBOX","","No"
"2-MWNiNzFkOGMtMWNlMS00YjQ2LWE3ZWQtODQwNGI0ZTNlMDliXzAxMw==","Go/Golang Freelance Remote Roles!","Robert Schäfer","https://www.linkedin.com/in/roschaefer","Amber Carr","https://www.linkedin.com/in/amber-carr","2021-05-20 09:00:20 UTC","Go/Golang Freelance Remote Roles!","Hey Amber, I'm an experienced Full Stack engineer all around JavaScript/TypeScript and I have an *interest* in Golang. Is the company fine with that?","INBOX","","No"
"2-MWNiNzFkOGMtMWNlMS00YjQ2LWE3ZWQtODQwNGI0ZTNlMDliXzAxMw==","Go/Golang Freelance Remote Roles!","Amber Carr","https://www.linkedin.com/in/amber-carr","Robert Schäfer","https://www.linkedin.com/in/roschaefer","2021-05-17 08:17:56 UTC","Go/Golang Freelance Remote Roles!","Hi Robert,

How are you?

I am looking for 3x Freelance Golang Developers for an eCommerce client here in Berlin. The role is fully remote so you just need to be in the same/similar time zone to work CET hours.

I am looking for developers with experience in the following:
- 1+ years Golang/Go experience
- Web related project experience
- Project experience in creating applications and relational database (ideally PostgresSQL)
- Project experience in working with user storys, jira boards (task handling) (doesn't necessarily need to be Jira but something similar)
- Agile experience and used to working closely with product managers
- Project experience in complex software architecture with microservices

Not essential but if you also have React and Typescript skills on the frontend this would be highly beneficial.

The role starts as of 01.06.2021 and will be a 3 month project working on 5x internal tools for the client.

I've also got another 7 month Golang role for a Berlin client, role would mainly be remote but involve some visits onsite.

Amber Carr (she/her)
| | Not your typical Recruiter |                                             
| Sourcing and supplying the best frontend talent in Europe | 
| DE&I advocate | |","INBOX","","No"
"2-ZWU2NzgxOTAtNTdhNi00ODRjLWJlMjAtMTdjYTQxMTlmZGY0XzAxMg==","","Robert Schäfer","https://www.linkedin.com/in/roschaefer","Yanina Heley","https://www.linkedin.com/in/yanina-heley","2021-06-03 12:27:08 UTC","","Hey Yanina, my hourly rate would be 85€ but I wouldn't stay in Stuttgart for 2 weeks during corona and cover housing/travel. I'm sorry, but I guess someone else would be a better fit here","INBOX","","No"
"2-ZWU2NzgxOTAtNTdhNi00ODRjLWJlMjAtMTdjYTQxMTlmZGY0XzAxMg==","","Yanina Heley","https://www.linkedin.com/in/yanina-heley","Robert Schäfer","https://www.linkedin.com/in/roschaefer","2021-06-03 12:23:40 UTC","","Hello Robert,

Thanks for your message. To be honest, usually, we are not working with freelancers, however, we still would like to proceed with the process with you for this project. Remote would also be possible, but after at least 2 weeks spent on-site for the onboarding process. Would that be feasible for you?
And please also let me know your hourly rate in advance. Thank you!

Kind regards,
Yanina","INBOX","","No"
"2-ZWU2NzgxOTAtNTdhNi00ODRjLWJlMjAtMTdjYTQxMTlmZGY0XzAxMg==","","Robert Schäfer","https://www.linkedin.com/in/roschaefer","Yanina Heley","https://www.linkedin.com/in/yanina-heley","2021-06-03 11:18:08 UTC","","Hey Yanina, I'm looking for freelance+remote, does that even work for your company? Best, Robert","INBOX","","No"
"2-ZWU2NzgxOTAtNTdhNi00ODRjLWJlMjAtMTdjYTQxMTlmZGY0XzAxMg==","","Yanina Heley","https://www.linkedin.com/in/yanina-heley","Robert Schäfer","https://www.linkedin.com/in/roschaefer","2021-06-03 11:18:07 UTC","","Hello Robert,
I am Yanina, HR Director at NAXCON GmbH. We are looking for support in React.js related to IoT and Robotics, in Stuttgart. It is an on-going project, so we need somebody available ASAP. Please let me know if you are interested.
Best regards,","INBOX","","No"
"2-MjhkMzRlNzEtYTM4My00MGUyLWFlMzItNGM4NTJmNzRjZmVhXzAxMg==","Golang Developer - 100% Remote - ASAP","Robert Schäfer","https://www.linkedin.com/in/roschaefer","Michael Francis Komba MSc, BA (Hons)","https://www.linkedin.com/in/-49272692","2021-06-03 11:13:57 UTC","Golang Developer - 100% Remote - ASAP","Hey Michael, I'm an experienced Full Stack engineer all around JavaScript/TypeScript and I have an *interest* in Golang. I guess I'm not a good fit here","INBOX","","No"
"2-MjhkMzRlNzEtYTM4My00MGUyLWFlMzItNGM4NTJmNzRjZmVhXzAxMg==","Golang Developer - 100% Remote - ASAP","Michael Francis Komba MSc, BA (Hons)","https://www.linkedin.com/in/-49272692","Robert Schäfer","https://www.linkedin.com/in/roschaefer","2021-05-20 11:39:40 UTC","Golang Developer - 100% Remote - ASAP","Hi Robert

I tried calling you but no answer.
My client is currently looking for a Golang engineer to work on a remote project in Berlin.
Would you like to have a quick chat on the phone so we can discuss this in more details? 

Cheers 

Michael Komba
Senior Consultant - Cloud & Software - Germany 

 
Henlow Recruitment Group

 +447435546510
       +447947448489
 Michael.Komba@henlowgroup.com
 www.henlowgroup.com
 see our latest jobs

Michael Francis Komba MSc, BA (Hons)
Partnering with the best Software and Cloud Engineers in Germany - Digital Transformation & Beyond

","INBOX","","No"
"2-ZDNiNzI4YjQtZWEzZS00YjAxLTk4ODMtNmM1NjA0MDQ3OGU5XzAxMg==","Unique founding opportunity","Robert Schäfer","https://www.linkedin.com/in/roschaefer","Natalia Walentynowicz","https://www.linkedin.com/in/natalia-walentynowicz","2021-06-03 11:09:48 UTC","Unique founding opportunity","Hey Natalia, to be honest, I don't think I'm up to founding a company at the moment. So I don't think this is the right thing for me. But I wish you great success in your search!","INBOX","","No"
"2-ZDNiNzI4YjQtZWEzZS00YjAxLTk4ODMtNmM1NjA0MDQ3OGU5XzAxMg==","Unique founding opportunity","Natalia Walentynowicz","https://www.linkedin.com/in/natalia-walentynowicz","Robert Schäfer","https://www.linkedin.com/in/roschaefer","2021-05-20 15:45:44 UTC","Unique founding opportunity","Hi Robert,

Thank you for coming back to me. Happy to provide more context. 
At Entrepreneur First,  we invest in unique and selected individuals (approx. 4% admission rate) before they have an idea or a team and enable them to find a technical or commercial cofounder in a six-month program and to build a seed-finance viable and promising company within a very short time. Our investors include leading global venture capitalist such as Reid Hoffmann, Peter Thiel, Mosaic Ventures, etc.

Our offer:
- A monthly grant of €2000 during the program
- Access to 50+ potential co-founders (selected from 1200+ applicants / program)
- An investment of € 90,000 after just 12 weeks
- Access to the best investors worldwide and advisors to raise venture capital for your startup in order to build a globally relevant company.

If this sounds interesting, I would like to offer you a chat with one of our colleagues in Berlin.

https://calendly.com/be8-calls/call-with-entrepreneur-first-s

Best, 

Natalia 
","INBOX","","No"
"2-ZDNiNzI4YjQtZWEzZS00YjAxLTk4ODMtNmM1NjA0MDQ3OGU5XzAxMg==","Unique founding opportunity","Robert Schäfer","https://www.linkedin.com/in/roschaefer","Natalia Walentynowicz","https://www.linkedin.com/in/natalia-walentynowicz","2021-05-20 09:11:48 UTC","Unique founding opportunity","Hey Natalia, I've had glance at the programme description. What is the business model of Entrepreneur First?","INBOX","","No"
"2-ZDNiNzI4YjQtZWEzZS00YjAxLTk4ODMtNmM1NjA0MDQ3OGU5XzAxMg==","Unique founding opportunity","Natalia Walentynowicz","https://www.linkedin.com/in/natalia-walentynowicz","Robert Schäfer","https://www.linkedin.com/in/roschaefer","2021-05-16 08:47:03 UTC","Unique founding opportunity","Hi Robert,

With your strong expertise, founder background and impressive academic records from HPI, I believe you could be a great fit for our programme. I would be curious to learn if the founding opportunity at Entrepreneur First might be of interest to you?

At EF, a deep-tech investor backed by Demis Hassabis of DeepMind, we look for 50 exceptional individuals who have the potential to build a cutting edge company based on their technical skillset.

Interested in having a chat with our team? Book your slot here: https://calendly.com/be8-calls/call-with-entrepreneur-first-s

Learn more about the programme: https://go.joinef.com/berlin-learn-more

Let me know,

Natalia

Natalia Walentynowicz
Talent Investor at Entrepreneur First
Visit our website: https://www.joinef.com/","INBOX","","No"
"2-YzFjM2I4MDUtZDI1YS00YTA1LTkzOTctZWVmYTIzNDFlYjFlXzAxMw==","Open to new opportunities - fully remote","Robert Schäfer","https://www.linkedin.com/in/roschaefer","Demetrious Vassiliou","https://www.linkedin.com/in/demetriousvassiliou","2021-06-03 11:08:12 UTC","Open to new opportunities - fully remote","You contacted me twice with a duplicate profile.","INBOX","","No"
"2-YzFjM2I4MDUtZDI1YS00YTA1LTkzOTctZWVmYTIzNDFlYjFlXzAxMw==","Open to new opportunities - fully remote","Demetrious Vassiliou","https://www.linkedin.com/in/demetriousvassiliou","Robert Schäfer","https://www.linkedin.com/in/roschaefer","2021-05-24 10:25:41 UTC","Open to new opportunities - fully remote","Hi Robert,

I hope you are well. 

I noticed that you are now open to new opportunities and would like to discuss a remote fullstack software engineer role for an eco-friendly Silicon Valley based cryptocurrency start-up.  

When is a convenient time for us to discuss this further, and what is the best number for me to call? It would also be useful if you could send across your CV for our call :) 

Kind regards,

Demetrious Vassiliou
Director at Chi Square Analytics
07506115453","INBOX","","No"
"2-YTNhODVkZDMtN2FmNy00NzhjLTk1MmQtNjlhMTE1ZTE1YTBkXzAxMw==","Open to new opportunities - fully remote","Robert Schäfer","https://www.linkedin.com/in/roschaefer","Demetrious Vassiliou","https://www.linkedin.com/in/demetriousvassiliou","2021-06-03 11:07:28 UTC","Open to new opportunities - fully remote","Hey Demetrious, I'm too worried about climate-change and electricity waste to work in a crypto-currency company. Good luck in your search!","INBOX","","No"
"2-YTNhODVkZDMtN2FmNy00NzhjLTk1MmQtNjlhMTE1ZTE1YTBkXzAxMw==","Open to new opportunities - fully remote","Demetrious Vassiliou","https://www.linkedin.com/in/demetriousvassiliou","Robert Schäfer","https://www.linkedin.com/in/roschaefer","2021-05-24 10:27:35 UTC","Open to new opportunities - fully remote","Hi Robert,

I hope you are well. 

I noticed that you are now open to new opportunities and would like to discuss a remote fullstack software engineer role for an eco-friendly Silicon Valley based cryptocurrency start-up.  

When is a convenient time for us to discuss this further, and what is the best number for me to call? It would also be useful if you could send across your CV for our call :) 

Kind regards,

Demetrious Vassiliou
Director at Chi Square Analytics
07506115453","INBOX","","No"
"2-MjYxODVlN2EtZmY5OS00ZjUxLWI0OTctZGIzNjA1NDJlZjliXzAxMA==","Project Opening in Appen: Part-Time Internet Analysts","Robert Schäfer","https://www.linkedin.com/in/roschaefer","Chii Zamora","https://www.linkedin.com/in/chii-zamora-48449367","2021-06-03 11:05:57 UTC","Project Opening in Appen: Part-Time Internet Analysts","Hey Rosinni, you contacted a software engineer. I'm quite far off from the requirements at your company.","INBOX","","No"
"2-MjYxODVlN2EtZmY5OS00ZjUxLWI0OTctZGIzNjA1NDJlZjliXzAxMA==","Project Opening in Appen: Part-Time Internet Analysts","Chii Zamora","https://www.linkedin.com/in/chii-zamora-48449367","Robert Schäfer","https://www.linkedin.com/in/roschaefer","2021-05-31 02:05:27 UTC","Project Opening in Appen: Part-Time Internet Analysts","Good day! 

We have new projects in Germany that you might be interested to work with.

Appen is seeking candidates living in Germany for exciting work-from-home opportunities! These opportunities range from simple surveys that can be completed in less than one hour to on-going projects that last for months or longer.

We are looking for highly educated individuals who are self-motivated and internet savvy. As an Internet Analyst, you may participate in several different opportunities. Work from home Internet Analysts will need to combine a passion for analysis with an understanding of various online research tools.

Here are examples of some of the opportunities that may be available:
- Search Media Evaluation
- Social Media Evaluation
- Translation
- Transcription
- Survey and Data Collection
- Linguistic Specialities (Text to Speech, Computational, Phonetics, Pronunciation, Annotation, etc.)

How do I apply?
1. Simply click on this link: https: https://connect.appen.com/qrp/public/jobs?sref=490a733be32c91f73dad66a04ab3d85e

2. Complete a short registration form. Once you complete the registration, you will be screened for eligibility.

Once your account has been created and verified, log in to Appen Connect and complete your profile to unlock more project, simply click the ""Continue"" button on the upper left corner of your dashboard and apply for the projects that might have your interest. Overview of the Project and pay rate will be shown on your Project Tab. You might be also interested in some of our projects: Enoree, Arrow, Arrow Pic a Boo, Molluca and Yukon.

Thank you!

Rosinni Verdeflor
Recruiter, Human Resources","INBOX","","No"
"2-YmEyNzQyZWEtMzhlMC00NDExLWIzZDMtMmIxNjE0YmJmM2YxXzAxMA==","100% Remote - Golang Developer - ASA","Michael Francis Komba MSc, BA (Hons)","https://www.linkedin.com/in/-49272692","Robert Schäfer","https://www.linkedin.com/in/roschaefer","2021-05-20 11:30:41 UTC","100% Remote - Golang Developer - ASA","Hi Robert


Hi,

I hope this email finds you well.
My client is currently looking for a Golang engineer to work on a remote project in Berlin.
Would you like to have a quick chat on the phone so we can discuss this in more details? 

Cheers 

Michael Komba
Senior Consultant - Cloud & Software - Germany 

 
Henlow Recruitment Group

 +447435546510
       +447947448489
 Michael.Komba@henlowgroup.com
 www.henlowgroup.com
 see our latest jobs

Michael Francis Komba MSc, BA (Hons)
Partnering with the best Software and Cloud Engineers in Germany - Digital Transformation & Beyond

","INBOX","","No"
"2-MWNiZjYwMWYtMDUwNS00YjRmLTllNmItMGViNjdmZDBkYzg2XzAxMw==","Python & Javascript Developer // Remote Project","Jakob Kobabe","https://www.linkedin.com/in/jakobkobabe","Robert Schäfer","https://www.linkedin.com/in/roschaefer","2021-05-20 09:43:12 UTC","Python & Javascript Developer // Remote Project","Hi Robert, 

thank you for coming back. Do you may know anyone who is available full-time?","INBOX","","No"
"2-MWNiZjYwMWYtMDUwNS00YjRmLTllNmItMGViNjdmZDBkYzg2XzAxMw==","Python & Javascript Developer // Remote Project","Robert Schäfer","https://www.linkedin.com/in/roschaefer","Jakob Kobabe","https://www.linkedin.com/in/jakobkobabe","2021-05-20 09:09:22 UTC","Python & Javascript Developer // Remote Project","Hey Jakob,

I'm currently open to Freelance+Remote and I'm won't be available 40h per week. Therefore I don't know if I'd be a good fit. Technology-wise the job description sounds interesting though.

Best,
Robert","INBOX","","No"
"2-MWNiZjYwMWYtMDUwNS00YjRmLTllNmItMGViNjdmZDBkYzg2XzAxMw==","Python & Javascript Developer // Remote Project","Jakob Kobabe","https://www.linkedin.com/in/jakobkobabe","Robert Schäfer","https://www.linkedin.com/in/roschaefer","2021-05-14 15:12:27 UTC","Python & Javascript Developer // Remote Project","Hi Robert, 

hope you are doing fine. 
I am working very close with Klarna, one of the most interesting Fin-Tech organizations. They are currently looking for three experienced Developers working remote in Europe. 

The Market Localization team provides key insights for the Merchant organization so all domains and teams are operating from the same market understanding. The team will work on developing a proof of concept wizard for commercial teams in Klarna to use as guidance for which products they should promote towards our merchants.
Depending on the merchants size, market presence, vertical, integration type and expansion plans Klarna will recommend different types of products and payment methods to use.

Assignment description
- Build a front-end solution (wizard/questionnaire) to be hosted on Klarnas intranet page in where commercial teams will be able to input a set of parameters to be used in a decision engine for which products should be promoted. The wizard/questionnaire will also need to be able to also display the result of the decision engine.
- Build a decision engine that will decide which products should be promoted.
- Build a database that will store information about Klarnas products and configuration options, to be used by the decision engine.

Tech:
- Javascript 
- Python 
- AWS

Start: 01.06.2021
End: 30.09.2021
Workload: 40 hours per week
Location: remote

Are you interested in working in this assigenment? 
May you also have a couple of friends you would like to do this assignment together with.

Let us have a chat beginning of next week.

Jakob Kobabe
Manager Computer Futures Nordics","INBOX","","No"
"2-ZmEwMmI0MzQtYWMwOC00YWU4LWE0ZmItMzM5ODIxMDYyZDNlXzAxMw==","Freelance Golang (6 months, remote)","Robert Schäfer","https://www.linkedin.com/in/roschaefer","Tyler Jones","https://www.linkedin.com/in/tylerkjones","2021-05-20 08:58:13 UTC","Freelance Golang (6 months, remote)","Hey Tyler, I'm an experienced Full Stack engineer all around JavaScript and I have an *interest* in Golang. Is the company fine with that?","INBOX","","No"
"2-ZmEwMmI0MzQtYWMwOC00YWU4LWE0ZmItMzM5ODIxMDYyZDNlXzAxMw==","Freelance Golang (6 months, remote)","Tyler Jones","https://www.linkedin.com/in/tylerkjones","Robert Schäfer","https://www.linkedin.com/in/roschaefer","2021-05-18 09:23:31 UTC","Freelance Golang (6 months, remote)","Good Morning,

I am searching for a Golang developer build and debug reliable, high availability, secure and performant distributed services.

This is a 6 month project working on a remote first basis.

If you're available for something between now and 1st June 2021, let's arrange a short call to discuss your background in more detail.

Best regards,

Tyler Jones
Head of Contract / Freelance Recruitment","INBOX","","No"
"2-NDE1MGExMzItYTNmZS00ZTk4LWE5OTMtNzE5YjlhMDJlMzZkXzAxMA==","Robert, Build out Greenfield Project/s @ abcfinlab","Ashwin Leckram","https://www.linkedin.com/in/ashwin-leckram-3981647","Robert Schäfer","https://www.linkedin.com/in/roschaefer","2021-05-20 07:15:47 UTC","Robert, Build out Greenfield Project/s @ abcfinlab","Thank you for responding Robert.

Regards","INBOX","","No"
"2-NDE1MGExMzItYTNmZS00ZTk4LWE5OTMtNzE5YjlhMDJlMzZkXzAxMA==","Robert, Build out Greenfield Project/s @ abcfinlab","Robert Schäfer","https://www.linkedin.com/in/roschaefer","Ashwin Leckram","https://www.linkedin.com/in/ashwin-leckram-3981647","2021-05-14 11:37:19 UTC","Robert, Build out Greenfield Project/s @ abcfinlab","Hey Ashwin, I had a look on their website and their job descriptions seem to be on-site. I'm looking for a remote role even after the pandemic, so I believe I'm not a good fit.","INBOX","","No"
"2-NDE1MGExMzItYTNmZS00ZTk4LWE5OTMtNzE5YjlhMDJlMzZkXzAxMA==","Robert, Build out Greenfield Project/s @ abcfinlab","Ashwin Leckram","https://www.linkedin.com/in/ashwin-leckram-3981647","Robert Schäfer","https://www.linkedin.com/in/roschaefer","2021-05-13 12:42:52 UTC","Robert, Build out Greenfield Project/s @ abcfinlab","Hi Robert,
 
You have a great profile for VUE. We are looking for  Senior VUE developers to join us at abcfinlab. CURRENTLY THIS IS A REMOTE ROLE. 

The Holding group fully endorses greenfield development with no ""redtape"" from our innovative incubator lab in Cologne.

Work with Cloud Tech including Kubernetes and AWS with a fantastic team of Engineers.

You can book a ""Meet"" with me now in my Calendly Link below:
https://calendly.com/ashwin-35/30min

Kind Regards,
Ashwin

Ashwin Leckram
IT Recruiter | Via Global {M} | (On-site Project) at abcfinlab GmbH","INBOX","","No"
"2-YzlmNWY2NDEtNGRhOC00MTEzLThjYzQtNDg1MTM4NDViNThjXzAxMg==","","Daniza Schmiegel ","https://www.linkedin.com/in/danizaweiss","Robert Schäfer","https://www.linkedin.com/in/roschaefer","2021-05-14 11:55:47 UTC","","Hi Robert,
Danke für deine schnelle Rückmeldung.
Es ist richtig, dass wir nach Verstärkung für unsere Teams in Festanstellung suchen. Remote Arbeit mit Teilnahme an Präsenzterminen beim Kunden sowie Teammeetings, die hin und wieder stattfinden ist auf jeden Fall möglich.
Sollte das auch spannend für dich sein, gib mir gern Bescheid :)
Viele Grüße
Daniza","INBOX","","No"
"2-YzlmNWY2NDEtNGRhOC00MTEzLThjYzQtNDg1MTM4NDViNThjXzAxMg==","","Robert Schäfer","https://www.linkedin.com/in/roschaefer","Daniza Schmiegel ","https://www.linkedin.com/in/danizaweiss","2021-05-14 11:53:30 UTC","","Hallo Daniza, ich suche im Moment nach Freelance+Remote ihr habt in eurer Job-Beschreibung stehen ""Festanstellung"" und es sieht eher nach On-Site aus. Ich fürchte, da wäre wohl jemand anderes besser geeignet ;)","INBOX","","No"
"2-YzlmNWY2NDEtNGRhOC00MTEzLThjYzQtNDg1MTM4NDViNThjXzAxMg==","","Daniza Schmiegel ","https://www.linkedin.com/in/danizaweiss","Robert Schäfer","https://www.linkedin.com/in/roschaefer","2021-05-14 11:53:29 UTC","","Hi Robert, 
Ich mach's kurz: Dein Profil hat ordentlich Eindruck bei mir hinterlassen! 🚀 Hast Du Lust, zu schauen, ob unsere agile Avenga Spielwiese spannend für Dich wäre? 👉http://bit.ly/avenga_sr_fs_wd_tl 🤹‍♀️💎. Klingt das gut? Ich freu’ mich, von dir zu hören! GLG Daniza von Avenga","INBOX","","No"
"2-ZDliM2Q3ZDYtMWRkOC00NzZiLTgzN2QtM2Y5OGVkMGExZTc3XzAxMg==","","Robert Schäfer","https://www.linkedin.com/in/roschaefer","Iuliana A.","https://www.linkedin.com/in/iuliana-a-61a9a81a2","2021-05-14 11:48:19 UTC","","👍 ","INBOX","","No"
"2-ZDliM2Q3ZDYtMWRkOC00NzZiLTgzN2QtM2Y5OGVkMGExZTc3XzAxMg==","","Iuliana A.","https://www.linkedin.com/in/iuliana-a-61a9a81a2","Robert Schäfer","https://www.linkedin.com/in/roschaefer","2021-05-14 11:47:17 UTC","","Thanks again","INBOX","","No"
"2-ZDliM2Q3ZDYtMWRkOC00NzZiLTgzN2QtM2Y5OGVkMGExZTc3XzAxMg==","","Iuliana A.","https://www.linkedin.com/in/iuliana-a-61a9a81a2","Robert Schäfer","https://www.linkedin.com/in/roschaefer","2021-05-14 11:47:13 UTC","","I'm looking forward to it","INBOX","","No"
"2-ZDliM2Q3ZDYtMWRkOC00NzZiLTgzN2QtM2Y5OGVkMGExZTc3XzAxMg==","","Iuliana A.","https://www.linkedin.com/in/iuliana-a-61a9a81a2","Robert Schäfer","https://www.linkedin.com/in/roschaefer","2021-05-14 11:47:09 UTC","","Sounds good","INBOX","","No"
"2-ZDliM2Q3ZDYtMWRkOC00NzZiLTgzN2QtM2Y5OGVkMGExZTc3XzAxMg==","","Robert Schäfer","https://www.linkedin.com/in/roschaefer","Iuliana A.","https://www.linkedin.com/in/iuliana-a-61a9a81a2","2021-05-14 11:45:04 UTC","","OK, I'll send you my CV after I found the time to do the tests","INBOX","","No"
"2-ZDliM2Q3ZDYtMWRkOC00NzZiLTgzN2QtM2Y5OGVkMGExZTc3XzAxMg==","","Iuliana A.","https://www.linkedin.com/in/iuliana-a-61a9a81a2","Robert Schäfer","https://www.linkedin.com/in/roschaefer","2021-05-14 11:38:11 UTC","","Thank you for your interest. For this position I have to send you a test for 10 minutes online with Ruby and frontend development. If you score 70%, for one test at least from the two above, then we will send your CV to the hiring company. Can you please send me your Cv here or by email at iuliana@euroasiarecruiting.com? 
Please find below the link test. After finishing it please let me know the score or send me a screenshot. 
For Frontend Development: https://apply.hire.toggl.com/9608VJOM5VJD5K10S26V
 For Ruby on Rails: https://apply.hire.toggl.com/OPDR3DJ1DJ057Z6ADO Here are details about the company: https://www.youtube.com/watch?v=jSQFpumfHTE

Thank you and waiting for your answer.

Iulia","INBOX","","No"
"2-ZDliM2Q3ZDYtMWRkOC00NzZiLTgzN2QtM2Y5OGVkMGExZTc3XzAxMg==","","Robert Schäfer","https://www.linkedin.com/in/roschaefer","Iuliana A.","https://www.linkedin.com/in/iuliana-a-61a9a81a2","2021-05-14 11:34:02 UTC","","Hi Iulia, OK, I'm ready to have a chat with them.","INBOX","","No"
"2-ZDliM2Q3ZDYtMWRkOC00NzZiLTgzN2QtM2Y5OGVkMGExZTc3XzAxMg==","","Iuliana A.","https://www.linkedin.com/in/iuliana-a-61a9a81a2","Robert Schäfer","https://www.linkedin.com/in/roschaefer","2021-05-14 08:41:39 UTC","","the company provide support if you are willing to relocate after some time too","INBOX","","No"
"2-ZDliM2Q3ZDYtMWRkOC00NzZiLTgzN2QtM2Y5OGVkMGExZTc3XzAxMg==","","Iuliana A.","https://www.linkedin.com/in/iuliana-a-61a9a81a2","Robert Schäfer","https://www.linkedin.com/in/roschaefer","2021-05-14 08:41:15 UTC","","This position is freelance remote full time","INBOX","","No"
"2-ZDliM2Q3ZDYtMWRkOC00NzZiLTgzN2QtM2Y5OGVkMGExZTc3XzAxMg==","","Iuliana A.","https://www.linkedin.com/in/iuliana-a-61a9a81a2","Robert Schäfer","https://www.linkedin.com/in/roschaefer","2021-05-14 08:40:57 UTC","","Hi, Robert","INBOX","","No"
"2-ZDliM2Q3ZDYtMWRkOC00NzZiLTgzN2QtM2Y5OGVkMGExZTc3XzAxMg==","","Robert Schäfer","https://www.linkedin.com/in/roschaefer","Iuliana A.","https://www.linkedin.com/in/iuliana-a-61a9a81a2","2021-05-12 12:19:42 UTC","","Hey Iulia, technology-wise I would be a good fit, but I guess remote+freelance doesn't work for you, right?","INBOX","","No"
"2-ZDliM2Q3ZDYtMWRkOC00NzZiLTgzN2QtM2Y5OGVkMGExZTc3XzAxMg==","","Iuliana A.","https://www.linkedin.com/in/iuliana-a-61a9a81a2","Robert Schäfer","https://www.linkedin.com/in/roschaefer","2021-05-12 12:19:41 UTC","","Hi Robert,

   I was doing some research and noticed your profile matching our opportunity for a Senior Full Stack Developer full time remote: Details link: https://euroasiarecruiting.com/senior-full-stack-software-engineer-with-rails-vue-js/.
 Looking forward to speaking with you! 

Iulia
","INBOX","","No"
"2-MDZhZjJmY2QtMmRiZC01MWM4LWI2MDgtMGZhOGMyN2VkOGE5XzAxMA==","","Robert Schäfer","https://www.linkedin.com/in/roschaefer","Adalberto Pinto","https://www.linkedin.com/in/adalberto-pinto-45180a114","2021-05-14 11:47:22 UTC","Backend Developer - Freelance","Hey Pinto, I would be available for a call next week","INBOX","","No"
"2-MDZhZjJmY2QtMmRiZC01MWM4LWI2MDgtMGZhOGMyN2VkOGE5XzAxMA==","","Adalberto Pinto","https://www.linkedin.com/in/adalberto-pinto-45180a114","Robert Schäfer","https://www.linkedin.com/in/roschaefer","2021-05-12 12:55:56 UTC","Backend Developer - Freelance","Hi Robert, 

Thanks for the response! Are you free for a quick call today?

Best
Pinto","INBOX","","No"
"2-MDZhZjJmY2QtMmRiZC01MWM4LWI2MDgtMGZhOGMyN2VkOGE5XzAxMA==","","Robert Schäfer","https://www.linkedin.com/in/roschaefer","Adalberto Pinto","https://www.linkedin.com/in/adalberto-pinto-45180a114","2021-05-12 11:46:48 UTC","Backend Developer - Freelance","Hi Adalberto, sure I'm interested. I'm not experienced with Java-Backend, but the rest looks familiar.","INBOX","","No"
"2-MDZhZjJmY2QtMmRiZC01MWM4LWI2MDgtMGZhOGMyN2VkOGE5XzAxMA==","","Adalberto Pinto","https://www.linkedin.com/in/adalberto-pinto-45180a114","Robert Schäfer","https://www.linkedin.com/in/roschaefer","2021-05-11 08:36:43 UTC","Backend Developer - Freelance","Hi Robert

Hope you are well!

I’m currently looking for a Backend Developer for a contract role – remote.

Let me know if you are free for a quick chat?

Inhouse Tech Stack:
• Infrastructure - Helm, Docker, Amazon Web Services
• Backend: Spring, MySQL, Redis
• Frontend: Next.js, Play, React, Angular, Cypress
• Methods: Microservices (Monolith breakdown in progress), Kanban, (introducing TDD & DDD), Continuous Integration

Look forward to hearing from you.

Best
Pinto

Adalberto Pinto","INBOX","","No"
"2-NWY5YWRlYTAtZmRmYy00ZGI4LWI2ZWEtYjQxYWFmYWJmM2E3XzAxMw==","Neue Position als Software Engineer, Architekt, PO, DevOps oder Projektleiter für große und komplexe Digitalisierungsthemen (KI/InsurTech/FinTech/Life Science/IoT), deutschlandweit","Robert Schäfer","https://www.linkedin.com/in/roschaefer","Stefan Pommer","https://www.linkedin.com/in/stefan-pommer-0727423a","2021-05-14 11:43:01 UTC","Neue Position als Software Engineer, Architekt, PO, DevOps oder Projektleiter für große und komplexe Digitalisierungsthemen (KI/InsurTech/FinTech/Life Science/IoT), deutschlandweit","Ich schaue mich gerade eher ""latent und entspannt um"" :D  Zurzeit suche ich Remote+Freelance, deswegen ist Großraum Köln/Bonn egal. Ich bin Fullstack-Engineer und recht vielseitig, was den Technologie-Stack angeht. Außer Fullstack mache ich noch Vorträge und Mentoring.","INBOX","","No"
"2-NWY5YWRlYTAtZmRmYy00ZGI4LWI2ZWEtYjQxYWFmYWJmM2E3XzAxMw==","Neue Position als Software Engineer, Architekt, PO, DevOps oder Projektleiter für große und komplexe Digitalisierungsthemen (KI/InsurTech/FinTech/Life Science/IoT), deutschlandweit","Stefan Pommer","https://www.linkedin.com/in/stefan-pommer-0727423a","Robert Schäfer","https://www.linkedin.com/in/roschaefer","2021-05-12 18:48:37 UTC","Neue Position als Software Engineer, Architekt, PO, DevOps oder Projektleiter für große und komplexe Digitalisierungsthemen (KI/InsurTech/FinTech/Life Science/IoT), deutschlandweit","Hi Robert,

das freut mich zu hören und danke für deine freundliche und offene Rückmeldung!

Du, ich suche keineswegs nur Projektleiter 😉. Wir haben einige hochinteressante Tech Unternehmen im Portfolio, teils mit außergewöhnlicher Kultur und krasser Entwickler Community. 

Hier suche ich gerade vom Junior/Senior FullStack (gern auch Front- oder Backendspezialisten) bis zum Lead Dev. oder auch Architekten so ziemlich alles.

Die Frage wäre für mich also v.a. was du gern machen willst, kannst du mir ggfs. ein paar Stichworte geben z.B. Technologieschwerpunkt, Wunschrolle, Projekt-/Produktkontext, Umfeld?

Da du in Siegburg wohnst, wäre vermutlich v.a. der Großraum Köln/Bonn für dich interessant, korrekt oder kämen auch andere Standorte in Frage?

Letzte Frage für den Moment: Suchst du gerade akut oder schaust du dich eher latent und entspannt um?

Alle meinen Kunden suchen und wachsen permanent, ich habe daher keinen Zeitdruck und kann weitgehend zeitlose Angebote machen. Solltest du es eilig haben, können wir allerdings auch sehr schnell sein 😉

Soweit vorab von meiner Seite. 

Wünsche dir morgen einen erholsamen Feiertag und freue mich auf deine Antwort! 

Cheers,

Stefan","INBOX","","No"
"2-NWY5YWRlYTAtZmRmYy00ZGI4LWI2ZWEtYjQxYWFmYWJmM2E3XzAxMw==","Neue Position als Software Engineer, Architekt, PO, DevOps oder Projektleiter für große und komplexe Digitalisierungsthemen (KI/InsurTech/FinTech/Life Science/IoT), deutschlandweit","Robert Schäfer","https://www.linkedin.com/in/roschaefer","Stefan Pommer","https://www.linkedin.com/in/stefan-pommer-0727423a","2021-05-12 12:03:27 UTC","Neue Position als Software Engineer, Architekt, PO, DevOps oder Projektleiter für große und komplexe Digitalisierungsthemen (KI/InsurTech/FinTech/Life Science/IoT), deutschlandweit","Hallo Stefan, das ""Du"" geht natürlich in Ordnung und nein, natürlich belästigst du mich nicht. Allerdings bin ich eher Software-Entwickler als Projektleiter und denke, dass da vielleicht jemand anderes besser geeignet wäre :)","INBOX","","No"
"2-NWY5YWRlYTAtZmRmYy00ZGI4LWI2ZWEtYjQxYWFmYWJmM2E3XzAxMw==","Neue Position als Software Engineer, Architekt, PO, DevOps oder Projektleiter für große und komplexe Digitalisierungsthemen (KI/InsurTech/FinTech/Life Science/IoT), deutschlandweit","Stefan Pommer","https://www.linkedin.com/in/stefan-pommer-0727423a","Robert Schäfer","https://www.linkedin.com/in/roschaefer","2021-05-12 07:42:44 UTC","Neue Position als Software Engineer, Architekt, PO, DevOps oder Projektleiter für große und komplexe Digitalisierungsthemen (KI/InsurTech/FinTech/Life Science/IoT), deutschlandweit","Hallo Robert, 
bei meinen Rercherchen bin ich durch den LinkedIn-Suchalgorithmus auf Dein Profil aufmerksam gemacht geworden und habe mir daher erlaubt Dich direkt zu kontaktieren. 

Ich hoffe das „Du“ geht für Dich in Ordnung?

Gegebenenfalls bist Du ja an einer neuen ansprechenden Position als Software Engineer, Architekt, Scrum-Master / Product Owner, Teamleiter oder Projektleiter interessiert? Wir haben sowohl Positionen im Bereich IT-Consulting, als auch in der Inhouse Produkt-Entwicklung von großen und komplexen Softwaresystemen zu besetzen. Auch die sonstigen Rahmenbedingungen sind außergewöhnlich attraktiv, was z.B. Weiterbildungsmöglichkeiten oder Unternehmenskultur betrifft. Gerne würde ich Dir mehr über die Unternehmen berichten.

Solltest Du kein Interesse haben, würde ich mich über eine kurze Absage dennoch sehr freuen. 

Ansonsten hoffe ich, dass ich Dich durch mein initiatives Anschreiben nicht belästigt habe und wünsche Dir alles Gute und eine gesunde und ansteckungsfreie Zeit! 

VG
Stefan

P.S. Solltest Du selbst gerade nicht suchen, aber weißt ggf. etwas von einem Bekannten, dessen Arbeitgeber wegen Corona in Schwierigkeiten gekommen ist, wäre eine Verknüpfung mit dieser Person ggf. für beide Seiten sehr wertvoll.

Stefan Pommer
CEO - Managing Partner bei Best Profile
E-Mail: s.pommer@best-profile.eu
Mobil: +49 179 777 3661","INBOX","","No"
"2-MTY5NWJlODQtYjk3Zi00OTI0LTgxN2QtNjAxZGIxM2E5YzIxXzAxMg==","Offen für Jobangebote?","Julia Bunzel","https://www.linkedin.com/in/julia-bunzel-8a551b11b","Robert Schäfer","https://www.linkedin.com/in/roschaefer","2021-05-14 07:17:50 UTC","Offen für Jobangebote?","Da kann ich dir vermutlich wirklich eher weniger helfen :) Ich sag aber mal meinen Kollegen von Contract Bescheid, dass sie auf dich zukommen können, wenn sie was haben :)","INBOX","","No"
"2-MTY5NWJlODQtYjk3Zi00OTI0LTgxN2QtNjAxZGIxM2E5YzIxXzAxMg==","Offen für Jobangebote?","Robert Schäfer","https://www.linkedin.com/in/roschaefer","Julia Bunzel","https://www.linkedin.com/in/julia-bunzel-8a551b11b","2021-05-12 12:05:57 UTC","Offen für Jobangebote?","HHallo Julia, ja, die Angabe stimmt noch, allerdings bin ich jetzt in diesem Moment eher auf der Suche nach Projekten, bei denen ich als Freelancer arbeiten kann. Bin mir nicht sicher, ob ich da für euch in Frage komme :D","INBOX","","No"
"2-MTY5NWJlODQtYjk3Zi00OTI0LTgxN2QtNjAxZGIxM2E5YzIxXzAxMg==","Offen für Jobangebote?","Julia Bunzel","https://www.linkedin.com/in/julia-bunzel-8a551b11b","Robert Schäfer","https://www.linkedin.com/in/roschaefer","2021-05-11 07:49:40 UTC","Offen für Jobangebote?","Hallo Robert,

interessantes Profil! Stimmt die Angabe noch, dass du aktiv auf Jobsuche bist? 

Gerne möchte ich mich mit dir zu deinen beruflichen Wünschen und zu entsprechenden Vakanzen austauschen. 

Wie interessant klingt das für dich? 

Ich freue mich auf deine Rückmeldung und danke dir im Voraus. :)

Liebe Grüße

Julia Bunzel
Teamleiterin - Webentwicklung, Frontend & Java
Computer Futures","INBOX","","No"
"2-ZjYzYzBiMjktODNjMy00ZTA1LTkyY2QtZjgxYTAzN2VjN2NkXzAxMg==","","Henning Groß","https://www.linkedin.com/in/grosshenning","Robert Schäfer","https://www.linkedin.com/in/roschaefer","2021-05-13 08:38:03 UTC","","Moin Robert!
Danke für das Feedback. Remote ja, freelance nein :)
Ich wünsch Dir was!","INBOX","","No"
"2-ZjYzYzBiMjktODNjMy00ZTA1LTkyY2QtZjgxYTAzN2VjN2NkXzAxMg==","","Robert Schäfer","https://www.linkedin.com/in/roschaefer","Henning Groß","https://www.linkedin.com/in/grosshenning","2021-05-12 12:21:20 UTC","","Hallo Henning, ich suche gerade Freelance+Remote. Würde das überhaupt passen?","INBOX","","No"
"2-ZjYzYzBiMjktODNjMy00ZTA1LTkyY2QtZjgxYTAzN2VjN2NkXzAxMg==","","Henning Groß","https://www.linkedin.com/in/grosshenning","Robert Schäfer","https://www.linkedin.com/in/roschaefer","2021-05-12 12:21:19 UTC","","Robert, Moin!
Ich suche gerade jemanden mit Deinem Profil.
Hast Du Lust auf nen kurzen Call?
Grüße, H","INBOX","","No"
"2-MzdjOGE4YTUtMTVhZi00NDE1LWJkNGUtNjgxOGE2NzJlNTJiXzAxMw==","Lead Software Engineer - Labster, remote position (Virtual Science Lab, Vue.js & Node.js based)","Jana Sura ","https://www.linkedin.com/in/janasura","Robert Schäfer","https://www.linkedin.com/in/roschaefer","2021-05-12 21:26:03 UTC","Lead Software Engineer - Labster, remote position (Virtual Science Lab, Vue.js & Node.js based)","Hi Robert,
I hope you are doing well. I thought I’d share this exciting opportunity – Lead Software Engineer position at Labster. They are the world’s leading provider of Virtual Science Labs, using gamification and 3D animation to create an engaging and innovative solution that now serves over 3 million users worldwide. They recently finished Series C funding and grow rapidly around the world. Some of their clients include – Harvard, MIT, Stanford and hundreds of other universities and high school around the world. 
OPPORTUNITY on Backend in Node.js, Frontend in Vue.js, or Fullstack.

The VIRTUAL LAB PRODUCT is a practically on-screen simulated environment to share and perform a series of experiments that demonstrate authentic results. 
In POSITION you will work on the development and releases of brand new features based on technologies Vue.js, Node.js, Typescript, MongoDB and AWS. The key DAY TO DAY are scalability, application security, automation, micro-services development, new builds – such as grading system, translation of the application into new foreign languages, and much more. At Labster, they govern by using a flat-hierarchy system called Holacracy focused on roles, collaboration, and distributed leadership. Huge focus is on flexible work hours and a good work-life balance.

They have offices in the USA, Denmark and Switzerland. The plan is to expand the team and as a result we hire on remote cooperation FTE + benefits + annual bonus and shares. 
We do not necessarily focus on experience in one particular technology, instead, we are looking for open minded Javascript technologists, with keen interest in AWS and micro-services architecture. 
If this roles sounds like something that could catch your attention, I’d be very glad to arrange a quick call for more details.
https://www.labster.com/

Thanks a lot and have a great day!
Jana

Jana Sura
Talent Aquisition at Nymble","INBOX","","No"
"2-MDM4YjQ1ZTAtMzI0Ni00NzU0LTkzZjUtODE3MGJjYjljOGQ0XzAxMg==","","Alexander Eissing","https://www.linkedin.com/in/alexandereissing","Robert Schäfer","https://www.linkedin.com/in/roschaefer","2021-05-12 14:02:11 UTC","","Ah schade, die Position ist In-House, Freelancer haben wir gerade leider schon genug. Ich hoffe wir bleiben in Kontakt.","INBOX","","No"
"2-MDM4YjQ1ZTAtMzI0Ni00NzU0LTkzZjUtODE3MGJjYjljOGQ0XzAxMg==","","Robert Schäfer","https://www.linkedin.com/in/roschaefer","Alexander Eissing","https://www.linkedin.com/in/alexandereissing","2021-05-12 12:17:26 UTC","","Hallo Alex, in der Stellenbeschreibung  steht ""Vollzeit, Festanstellung"" und ich suche gerade nach Freelance und Remote.","INBOX","","No"
"2-MDM4YjQ1ZTAtMzI0Ni00NzU0LTkzZjUtODE3MGJjYjljOGQ0XzAxMg==","","Alexander Eissing","https://www.linkedin.com/in/alexandereissing","Robert Schäfer","https://www.linkedin.com/in/roschaefer","2021-05-12 12:17:26 UTC","","Hi Robert, 
dein Stack und deine bisherigen Stationen sind sehr beeindruckend! Hast du bereits mit Nest.js und GCP in einem IoT-Projekt gearbeitet? 
Könntest du dich in dieser Rolle vorstellen? indeedhi.re/2NGakQN
Freue mich über deine Rückmeldung!","INBOX","","No"
"2-ZmI2MDI3ZWEtZGVhZC00YzYzLWE5YmItMGQ0MTgxNWUwMjRhXzAxMw==","New Opportunity Available - Java Full Stack Cloud / Senior Software Engineer (Remote/Berlin)","Robert Schäfer","https://www.linkedin.com/in/roschaefer","Alexandra Istrate","https://www.linkedin.com/in/alexandra-istrate-74469616b","2021-05-12 12:42:51 UTC","New Opportunity Available - Java Full Stack Cloud / Senior Software Engineer (Remote/Berlin)","No, I'm sorry. Have nice day, too!","INBOX","","No"
"2-ZmI2MDI3ZWEtZGVhZC00YzYzLWE5YmItMGQ0MTgxNWUwMjRhXzAxMw==","New Opportunity Available - Java Full Stack Cloud / Senior Software Engineer (Remote/Berlin)","Alexandra Istrate","https://www.linkedin.com/in/alexandra-istrate-74469616b","Robert Schäfer","https://www.linkedin.com/in/roschaefer","2021-05-12 12:39:45 UTC","New Opportunity Available - Java Full Stack Cloud / Senior Software Engineer (Remote/Berlin)","The client if offering the position either as a permanent or a 12 month AUG contract.

Would you consider this ?

If so, feel free to send me your CV on my email address:
alexandra@aliumc.com

And please let me know when you are available for a phone call.

Have a nice day ","INBOX","","No"
"2-ZmI2MDI3ZWEtZGVhZC00YzYzLWE5YmItMGQ0MTgxNWUwMjRhXzAxMw==","New Opportunity Available - Java Full Stack Cloud / Senior Software Engineer (Remote/Berlin)","Robert Schäfer","https://www.linkedin.com/in/roschaefer","Alexandra Istrate","https://www.linkedin.com/in/alexandra-istrate-74469616b","2021-05-12 11:59:34 UTC","New Opportunity Available - Java Full Stack Cloud / Senior Software Engineer (Remote/Berlin)","Hi Alexandra, does the company offer working as a freelancer, too?","INBOX","","No"
"2-ZmI2MDI3ZWEtZGVhZC00YzYzLWE5YmItMGQ0MTgxNWUwMjRhXzAxMw==","New Opportunity Available - Java Full Stack Cloud / Senior Software Engineer (Remote/Berlin)","Alexandra Istrate","https://www.linkedin.com/in/alexandra-istrate-74469616b","Robert Schäfer","https://www.linkedin.com/in/roschaefer","2021-05-12 09:06:36 UTC","New Opportunity Available - Java Full Stack Cloud / Senior Software Engineer (Remote/Berlin)","Hi Robert,

I hope you are well today!

I have looked at your profile and I have a new role available that I thought you might be interested in.

Java Full Stack Cloud Native / Senior Software Engineer
Permanent OR 12 month contract (AUG)
100% Remote - Company in Berlin
Offering around 120k / 65-75 an hour (open to discuss)
Ideally B2 German

Tasks:
• Development and operation of sophisticated full-stack software solutions based on a cloud-native technology stack.
• Creation of architectures and designs for enterprise solutions
• Design and development of microservices and APIs
• Building pipelines for Continuous Integration and Continuous Delivery
• Automation of tests

Requirements:
• Degree in computer science or a comparable qualification
Knowledge in the development of REST-based applications as well as current web technologies (e.g. JavaScript, VUE, Angular, React, HTML5, CSS)
• Java programming experience and knowledge of NoSQL and SQL database systems
• Know-how in software engineering methods and agile software development (Scrum, Kanban), in test-driven development, continuous integration and continuous delivery
• Practical experience in the application of 12-factor principles and the use of cloud-native architectures (e.g. OpenShift, AWS)
• Experience with system integration in a microservice environment (API management, messaging, IAM, etc.)
• Confident handling of tools and methods in the development process (e.g. Gitlab, Bamboo, SonarQube, Cucumber, Selenium, Browserstack, Swagger)

If you are interested or would like to find out more, please let me know and we can discuss the role, your situation and the client further?

I look forward to hearing from you.
 
(If there is no interest please do accept and let me know - it allows me to further reach out & benefit our community).

Kind regards,

Alexandra Istrate (Recruitment Resourcer)
Alium Consultancy
Email: alexandra@aliumc.com 
Web: www.aliumc.com","INBOX","","No"
"2-ODJkM2IwNDQtMzVlNS00ZTM3LThiMDktZWFiODE5Yjg4ODk4XzAxMw==","Project","Robert Schäfer","https://www.linkedin.com/in/roschaefer","Marie Mclaughlin","https://www.linkedin.com/in/mariemcl95","2021-05-12 12:15:01 UTC","Project","I'm not a Java but a *JavaScript* developer. https://stackoverflow.com/a/245068/2069431","INBOX","","No"
"2-ODJkM2IwNDQtMzVlNS00ZTM3LThiMDktZWFiODE5Yjg4ODk4XzAxMw==","Project","Marie Mclaughlin","https://www.linkedin.com/in/mariemcl95","Robert Schäfer","https://www.linkedin.com/in/roschaefer","2021-05-12 12:13:18 UTC","Project","MODIS Digital Staffing hope you are doing well!
MODIS won a big contract with the most famous airline company headquartered in Dubai. Tor e-build their whole IT System, we are seeking for 200 Java Developers, cloud engineer, pentration testers, tech lead,..  from all level of expertise. The location is Germany : remote during corona, remote after corona if wished, or into one of our offices in Germany (Berlin, Munich, Hamburg, Stuttgart, etc.). It will be a long term project with a permanent contract (no freelance) sponsored by MODIS GmbH.
We are also having around 80 job opened in MODIS and at our customer places in the same fields. 
If interested to learn more about these IT Challenges, please feel free to book a slot to get more information by one of my technical headhunter.
We look forward hearing from you.
Marie.mclaughlin@modis.com

Marie McLaughlin
Digital Staffing Team Lead at Modis","INBOX","","No"
"2-N2Y2Yjg4NzctYzI0YS00YmFlLTkxYmItOGQwOWJiZjBjZTg5XzAxMg==","Senior Backend Developer - ROR - Berlin","Robert Schäfer","https://www.linkedin.com/in/roschaefer","Craig Field","https://www.linkedin.com/in/craig-field","2021-05-12 12:13:51 UTC","Senior Backend Developer - ROR - Berlin","Hi Craig, in this very moment I'm looking for remote and freelance work. I don't know if that fits with Gapfish?","INBOX","","No"
"2-N2Y2Yjg4NzctYzI0YS00YmFlLTkxYmItOGQwOWJiZjBjZTg5XzAxMg==","Senior Backend Developer - ROR - Berlin","Craig Field","https://www.linkedin.com/in/craig-field","Robert Schäfer","https://www.linkedin.com/in/roschaefer","2021-05-04 13:32:47 UTC","Senior Backend Developer - ROR - Berlin","Dear Robert,

How are you?

My name is Craig and I am working with Gapfish here in the heart of Berlin, helping them grow out their Ruby engineering team.

Have you ever heard of Gapfish? They have been around for over 7 years (post nice healthy profits!) and deliver solutions to the market research industry. Most people know of Gapfish because of the work they have done with the German Market Institute, building out the most sophisticated (and popular!) platform for surveys, while investing heavily into R&D!

The engineering team (RoR focused!) has some big plans for the year ahead, with 3 core projects you will get to work on;
a)    Their current platform – no not boring maintenance! But they want to introduce a heavy amount of automation so this is going to create some nice technical challenges.
b)    Mobile app – they are partnering with a leading consultancy in building a mobile app so will need some engineers to think of the API integrations
c)    Greenfield platform – I can't speak much about this as it's under an NDA, but it's new and shiny!

The engineering team is currently 10. It’s all English speaking, a multinational team, German, Brazilian, Argentinian and Russian, with an American product manager :) Tech-wise as mentioned they focus largely on Ruby, there is no need to get your hands dirty on the front-end but they do have some openings to work with React also in case that was of interest to you? 

Culture wise, very nice laid back team – I have worked with them for a while and very easy to get along with, a lot of social bonding events (a lot of the team relocated to Berlin, so creates a nice close-knit team)

Would you be open to discuss this position further? 

Please feel free to decline if this isn't for you!

Kind regards,

Craig Field
Senior Technical Recruiter - EMEA Region","INBOX","","No"
"2-ZGNmZmFjMzEtNTVhMS00NDg1LTk3Y2ItM2ZkMmNiNzMxYTgzXzAxMw==","Avast Job Opportunity- PHP, Sr Software Engineer","Robert Schäfer","https://www.linkedin.com/in/roschaefer","Yohachandran Rajaratnam","https://www.linkedin.com/in/yohahr","2021-05-12 12:04:07 UTC","Avast Job Opportunity- PHP, Sr Software Engineer","I'm not very familiar with PHP so I guess someone else would be a better fit","INBOX","","No"
"2-ZGNmZmFjMzEtNTVhMS00NDg1LTk3Y2ItM2ZkMmNiNzMxYTgzXzAxMw==","Avast Job Opportunity- PHP, Sr Software Engineer","Yohachandran Rajaratnam","https://www.linkedin.com/in/yohahr","Robert Schäfer","https://www.linkedin.com/in/roschaefer","2021-05-11 13:46:42 UTC","Avast Job Opportunity- PHP, Sr Software Engineer","Dear Robert,

My name is Yoha and I am the Tech Recruiter at Avast Software. 

After seeing your impressive PHP, and Virtualisation Technologies back ground, I had a strong interest to reach out to you.

Job Location : Full time Home Working available in Czech, Romania, Serbia, Slovakia, UK and Germany

What We look for :
latest PHP 7+
OS-level virtualization technologies (Docker, Kubernates, TeamCity)
Design and maintain relational and non-relational databases (Mysql, Redis)
Excellent knowledge of API’s
Very good understanding of code unit testing
Very good level of coding skills (Clean code)

You can View and Apply,
https://avast.wd3.myworkdayjobs.com/Global/job/Home-Office-SVK/Senior-PHP-back-end-developer_JR527

We are expanding big and recruiting another 300+ software professions even after the merger with AVG Antivirus,

Avast Software is a global company with a firm belief of promoting from within. The company has gone public in 2016, which translates to a multitude of opportunities for growth ahead. As a company with a scope of interests that span B2B, B2C, cybersecurity, AI, IOT, and now mobile parental controls, there are limitless opportunities internationally to springboard the next chapter of your career. 

Happy to jump on a no-obligation call at your convenience. Looking forward to hearing back from you soon!

Yohachandran Rajaratnam
Tech Recruitment Partner at AVAST, UK and Europe.                               
""Actively Hiring"" - yoha.rajaratnam@avast.com","INBOX","","No"
"2-NDRkNDQwMTEtYmJhZC01YmM5LWI3MmUtNzI2OTBmMzk3ZTM0XzAxMA==","","Gloria Bhat","https://www.linkedin.com/in/gloriameghani","Robert Schäfer","https://www.linkedin.com/in/roschaefer","2021-05-07 13:05:06 UTC","Expanding the AWS New Developer Tools Team in Berlin","Oh I am sorry to hear, that I didn't find the right moment for my offer. Happy to stay connected for future opportunities though.  ","INBOX","","No"
"2-NDRkNDQwMTEtYmJhZC01YmM5LWI3MmUtNzI2OTBmMzk3ZTM0XzAxMA==","","Robert Schäfer","https://www.linkedin.com/in/roschaefer","Gloria Bhat","https://www.linkedin.com/in/gloriameghani","2021-05-06 18:48:13 UTC","Expanding the AWS New Developer Tools Team in Berlin","Hey Gloria, the description sounds interesting indeed but unfortunately I'm looking for 100% remote positions. Apart from I'd prefer freelancing, though open for full-time.","INBOX","","No"
"2-NDRkNDQwMTEtYmJhZC01YmM5LWI3MmUtNzI2OTBmMzk3ZTM0XzAxMA==","","Gloria Bhat","https://www.linkedin.com/in/gloriameghani","Robert Schäfer","https://www.linkedin.com/in/roschaefer","2021-05-06 17:13:23 UTC","Expanding the AWS New Developer Tools Team in Berlin","Thanks Robert,

Thanks a lot for getting back, this is a full time role based in our office in Berlin. Would this still be interesting for you?

Here is the job link with details on the project:  https://www.amazon.jobs/en-gb/jobs/1303090/frontend-developer-new-aws-service-for-development-teams

The product hasn't launched yet so it's a unique opportunity to be a part of an early team.

Would you also please be able to share your CV with me and your availability for a short call? I can then add something to our dairy so we can go over the recruitment steps.

Best,
Gloria","INBOX","","No"
"2-NDRkNDQwMTEtYmJhZC01YmM5LWI3MmUtNzI2OTBmMzk3ZTM0XzAxMA==","","Robert Schäfer","https://www.linkedin.com/in/roschaefer","Gloria Bhat","https://www.linkedin.com/in/gloriameghani","2021-05-06 11:08:08 UTC","Expanding the AWS New Developer Tools Team in Berlin","Hi Gloria, sure, tell me more. Remote/On-Site? Freelance/Full-Time? Required Tech-Stack?
Best, Robert","INBOX","","No"
"2-NDRkNDQwMTEtYmJhZC01YmM5LWI3MmUtNzI2OTBmMzk3ZTM0XzAxMA==","","Gloria Bhat","https://www.linkedin.com/in/gloriameghani","Robert Schäfer","https://www.linkedin.com/in/roschaefer","2021-05-05 16:10:57 UTC","Expanding the AWS New Developer Tools Team in Berlin","Hi Robert, 

I work as a technical recruiter with AWS in Berlin and was impressed with your experience with web development and frontend technologies. I wanted to reach out for an open front end engineer role with one of the upcoming AWS teams in Berlin. 

We are still in early stages and haven't launched the product yet so I don't have much details on the requisition except that you'll be working on building developer tools that will be used by engineers across the globe. 

The team is looking for experience frontend engineers to take on the challenges of joining an early team and work with a great team.

Would you be interested in learning more? Please let me know and I will be happy to set up a short call for us and kick off the recruitment process.

 Gloria Meghani Bhat
Technical Recruiter at Amazon Web Services (AWS)","INBOX","","No"
"2-NWJjNjAyYzktMTc4NS01N2ZjLThmODQtZDI0ZjUzY2ZjYzFjXzAxMA==","","Robert Schäfer","https://www.linkedin.com/in/roschaefer","Thomas S.","https://www.linkedin.com/in/thomas-schlechtinger","2021-05-06 11:06:43 UTC","Webetwickler (m/w/d)  ..in 3..2..1..yout turn :)","Lieber Thomas, ich bin wohl der Falsche für diesen Technologie-Stack. Deswegen wäre jemand anderes besser geeignet.","INBOX","","No"
"2-NWJjNjAyYzktMTc4NS01N2ZjLThmODQtZDI0ZjUzY2ZjYzFjXzAxMA==","","Thomas S.","https://www.linkedin.com/in/thomas-schlechtinger","Robert Schäfer","https://www.linkedin.com/in/roschaefer","2021-05-06 09:49:43 UTC","Webetwickler (m/w/d)  ..in 3..2..1..yout turn :)","Sehr geehrter Herr Schäfer,

ich bin Talent Scout bei der Experis, einer Talentvermittlung für Fach- und Führungskräfte welche zu der Manpower Group gehört.

Aktuell bin ich im Auftrag eines Kunden auf der Suche nach einem Webentwickler (m/w/d), in unbefristeter Festanstellung, zu besetzen bei unserem Kunden, im Raum Bonn (Umgebung) mit großem remote Anteil. Das Jahresgehalt liegt, je nach Seniorität, bei bis zu € 70.000. 

Folgendes Aufgabenfeld dürfen Sie erwarten:

- Wartung und Weiterentwicklung des Online-Shops des Kunden
- Design: Theme-, Layout- und Stylegestaltung
- Backend-Modul Entwicklung
- Administration der Web-Infrastruktur

Nach einer ausführlichen Einarbeitungszeit sollten Sie bei Bedarf auch:
- Installationen beim Kunden vornehmen können (meist Remote).

Fundierte Kenntnisse in den Bereichen

- PHP-basiertes CMS-System
- Symfony Framework, Composer
- JavaScript (jQuery), CSS (LESS/SCSS)
- Versionsverwaltung mit git

Wünschenswert sind Kenntnisse in:

- Contao CMS (Isotope), OpenLayers
- Docker
- Code Review mit gerrit
- Administration im Linux- /Unix-Umfeld
---> Hier bilden der Kunde Sie aber auch gerne aus!

Sollte Sie diese Möglichkeit ansprechen, freue ich mich über Ihre Rückmeldung für einen Austausch. Gerne telefonisch im ersten Step :)

Sollte die angesprochene Möglichkeit nicht auf Interesse stoßen, so würde ich mich dennoch gerne mit Ihnen vernetzen, denn der viel zitierte Spruch: „Netzwerk schadet nur dem, der es nicht hat“ beherbergt doch eine gewisse Wahrheit. 😊

Mit freundlichem Gruß,

Thomas Schlechtinger
Experis GmbH 
Grafenberger Allee 87 
40237 Düsseldorf 
M: +49 151 53865985
E: thomas.schlechtinger@de.experis.com
www.experis.de","INBOX","","No"
"2-NTE5OTE2ZGUtNWNjOS01MjZiLTgzYjctODBkMDdkNzk5NjAxXzAxMw==","","Robert Schäfer","https://www.linkedin.com/in/roschaefer","Chris Dugmore","https://www.linkedin.com/in/chris-dugmore-6153b1125","2021-05-06 11:05:31 UTC","Senior Fullstack Developer Position, Berlin, Hamburg Or Remote","Yesterday it was 60-65€ and I would say, let's discuss the hourly rate after we met. How should  they know how much my work is worth? Feel free to suggest someone else, if they are categorical on that.","INBOX","","No"
"2-NTE5OTE2ZGUtNWNjOS01MjZiLTgzYjctODBkMDdkNzk5NjAxXzAxMw==","","Chris Dugmore","https://www.linkedin.com/in/chris-dugmore-6153b1125","Robert Schäfer","https://www.linkedin.com/in/roschaefer","2021-05-06 09:58:09 UTC","Senior Fullstack Developer Position, Berlin, Hamburg Or Remote","Hi Robert,

For a freelance role with them you will be looking at circa €60 p/h

Would you consider this?

Kind Regards,
Chris","INBOX","","No"
"2-NTE5OTE2ZGUtNWNjOS01MjZiLTgzYjctODBkMDdkNzk5NjAxXzAxMw==","","Robert Schäfer","https://www.linkedin.com/in/roschaefer","Chris Dugmore","https://www.linkedin.com/in/chris-dugmore-6153b1125","2021-05-05 18:35:05 UTC","Senior Fullstack Developer Position, Berlin, Hamburg Or Remote","Hey Chris, sorry, this afternoon was quite busy. Tell them I'm only interested in a position as freelancer. If they are still willing to get in touch, feel free to put me forward.","INBOX","","No"
"2-NTE5OTE2ZGUtNWNjOS01MjZiLTgzYjctODBkMDdkNzk5NjAxXzAxMw==","","Chris Dugmore","https://www.linkedin.com/in/chris-dugmore-6153b1125","Robert Schäfer","https://www.linkedin.com/in/roschaefer","2021-05-05 15:01:42 UTC","Senior Fullstack Developer Position, Berlin, Hamburg Or Remote","Any further thoughts Robert? :)

For a permanent position, I could put you forward for 65K-75K

As I mentioned they could offer the opportunity to gain hands on experience with tech such as Golang & Python, etc 

What do you think?

Kind Regards,
Chris","INBOX","","No"
"2-NTE5OTE2ZGUtNWNjOS01MjZiLTgzYjctODBkMDdkNzk5NjAxXzAxMw==","","Chris Dugmore","https://www.linkedin.com/in/chris-dugmore-6153b1125","Robert Schäfer","https://www.linkedin.com/in/roschaefer","2021-05-05 10:56:46 UTC","Senior Fullstack Developer Position, Berlin, Hamburg Or Remote","https://www.visable.com/de_de/karriere/tech-product/326209-full-stack-developer-m-w-d","INBOX","","No"
"2-NTE5OTE2ZGUtNWNjOS01MjZiLTgzYjctODBkMDdkNzk5NjAxXzAxMw==","","Chris Dugmore","https://www.linkedin.com/in/chris-dugmore-6153b1125","Robert Schäfer","https://www.linkedin.com/in/roschaefer","2021-05-05 08:25:53 UTC","Senior Fullstack Developer Position, Berlin, Hamburg Or Remote","Hi Robert,

I was on annual leave and returned today - Are you free for a call?

I can do any time after1:30pm CET today :)

Kind Regards,
Chris","INBOX","","No"
"2-NTE5OTE2ZGUtNWNjOS01MjZiLTgzYjctODBkMDdkNzk5NjAxXzAxMw==","","Robert Schäfer","https://www.linkedin.com/in/roschaefer","Chris Dugmore","https://www.linkedin.com/in/chris-dugmore-6153b1125","2021-04-30 11:59:57 UTC","Senior Fullstack Developer Position, Berlin, Hamburg Or Remote","","INBOX","https://www.linkedin.com/dms/prv/vid/v2/C4E06AQFYOIontTikCQ/messaging-attachmentFile/messaging-attachmentFile/0/1619783996302?m=AQIbL3YveTPlDQAAAaA2Betkrama5Rs_3kI7aFnkWDcLwKLKWRkY6tazvg&ne=1&v=beta&t=oKOIe9aLz_b-W8eVwfHGL4GwUnKjzLf4-_MYtc52F-k","No"
"2-NTE5OTE2ZGUtNWNjOS01MjZiLTgzYjctODBkMDdkNzk5NjAxXzAxMw==","","Chris Dugmore","https://www.linkedin.com/in/chris-dugmore-6153b1125","Robert Schäfer","https://www.linkedin.com/in/roschaefer","2021-04-29 14:30:25 UTC","Senior Fullstack Developer Position, Berlin, Hamburg Or Remote","Hi Robert, are you free for a call this afternoon?

If you send me your CV I will have a read through and prepare some questions.

Kind Regards,
Chris","INBOX","","No"
"2-NTE5OTE2ZGUtNWNjOS01MjZiLTgzYjctODBkMDdkNzk5NjAxXzAxMw==","","Robert Schäfer","https://www.linkedin.com/in/roschaefer","Chris Dugmore","https://www.linkedin.com/in/chris-dugmore-6153b1125","2021-04-29 13:43:13 UTC","Senior Fullstack Developer Position, Berlin, Hamburg Or Remote","Hey Chris, yup, I'm interested.","INBOX","","No"
"2-NTE5OTE2ZGUtNWNjOS01MjZiLTgzYjctODBkMDdkNzk5NjAxXzAxMw==","","Chris Dugmore","https://www.linkedin.com/in/chris-dugmore-6153b1125","Robert Schäfer","https://www.linkedin.com/in/roschaefer","2021-04-29 09:20:33 UTC","Senior Fullstack Developer Position, Berlin, Hamburg Or Remote","Hi Robert

I understand that you are actively looking for a new permanent position and was hoping we could discuss a Senior Fullstack Developer position that I have available.

You will be joining a market leader in B2B marketplace and online marketing services who operate across multiple sites in Germany & Europe. The teams are hugely motivated and offer a creative environment in which everyone can have a huge impact.

This is a permanent position that offers full remote working with the opportunity to visit either the Berlin or Hamburg hub for a more social working environment if you would prefer.

Ideally you will have:
-Experience with modern technologies; Vue.js is preferred but as the company believe that languages can be learned, there is flexibility here. Other languages used in the company; Go, Python, Ruby/RoR
-Have experience with Elasticsearch or Lucene / Apache Solr
-Experienced with either AWS or GCP
-Have experience with distributed systems, design and creation of APIs


What are your thoughts? Would you be interested in discussing the role further?

Kind Regards,
Chris

Chris Dugmore
Managing Consultant at People Source Consulting","INBOX","","No"
"2-OGFlMWUxNjAtZDUxZi00YmRhLWI0YTUtY2U4ZThhYTVjMDNmXzAxMg==","","Robert Schäfer","https://www.linkedin.com/in/roschaefer","Dr. Olaf Burkart","https://www.linkedin.com/in/dr-olaf-burkart-31624aa7","2021-05-05 20:25:25 UTC","","Ja, immer gerne. Ich hatte dir ja noch was versprochen:","INBOX","https://www.linkedin.com/dms/prv/vid/v2/C5606AQFf6NW1Swd2XA/messaging-attachmentFile/messaging-attachmentFile/0/1620246315916?m=AQKNfstwQwnrIwAAAaA2BetjIjwIldsn9oPM3qG-ub4RmpoK5dvCq6NwVQ&ne=1&v=beta&t=ouHwZB_fAVVftZzC-GTEbx9RzdvZM4IHeviJyZn25p8","No"
"2-OGFlMWUxNjAtZDUxZi00YmRhLWI0YTUtY2U4ZThhYTVjMDNmXzAxMg==","","Dr. Olaf Burkart","https://www.linkedin.com/in/dr-olaf-burkart-31624aa7","Robert Schäfer","https://www.linkedin.com/in/roschaefer","2021-05-05 13:13:41 UTC","","Hi Robert, danke für das super Gespräch mit vielen Anknüfungspunkten. Wir machen wie besprochen weiter. Beste Grüße, Olaf","INBOX","","No"
"2-Y2Y3YzhkZDQtZWJiNy01NDQ3LWEwYTctMzU4YWRkNmJjZjc4XzAxMw==","","Robert Schäfer","https://www.linkedin.com/in/roschaefer","Paul Indinger","https://www.linkedin.com/in/indinger","2021-05-05 10:34:51 UTC","Your next step at Building Radar?","Hi Paul, I opened the .pdf, pressed Ctrl+F and entered ""remote"" and couldn't find any results. I guess the position is for a someone who is willing to relocate to Munich. I believe someone else would be a better fit.","INBOX","","No"
"2-Y2Y3YzhkZDQtZWJiNy01NDQ3LWEwYTctMzU4YWRkNmJjZjc4XzAxMw==","","Paul Indinger","https://www.linkedin.com/in/indinger","Robert Schäfer","https://www.linkedin.com/in/roschaefer","2021-05-05 07:06:50 UTC","Your next step at Building Radar?","Hallo Robert, 

How are you doing? I'm the Co-founder of the SaaS Start-up Building Radar and I'm looking for an experienced Full Stack Engineer with Senior-Level to join our Tech Team in Munich. Your profile looks interesting to me and I would be curious to know more about what you did so far. Would you be in general open to a new challenge? 

In the attachment you can find the job description :)

Best,

 Paul Indinger
Co-founder, building leading technology for measurable sales success in the construction industry","INBOX","https://www.linkedin.com/dms/prv/vid/v2/C4D06AQF1DklE7OktYw/messaging-attachmentFile/messaging-attachmentFile/0/1620198405965?m=AQIEqV02DSdz1wAAAaA2BetnhfGol_kk7xscwM_2COLyfIAC7SJV-5gBoA&ne=1&v=beta&t=seH1PK0mFeVcFnr4_C2bYML5ZEiaEkvR4j1qAR04EdE","No"
"2-YWM3Yjc1MTktNGJlNi00NzQ1LTk0ZWQtODlmNTA2ZmVmMDIxXzAxMg==","","Marit Funke","https://www.linkedin.com/in/marit-funke-88a540163","Robert Schäfer","https://www.linkedin.com/in/roschaefer","2021-05-05 08:51:25 UTC","","Hi Robert, 
habe ich bekommen - danke dir! :-) Hab dir auch direkt ein Termin für ein weiteres Gespräch gesendet. :-) 
Liebe Grüße,
Marit","INBOX","","No"
"2-YWM3Yjc1MTktNGJlNi00NzQ1LTk0ZWQtODlmNTA2ZmVmMDIxXzAxMg==","","Robert Schäfer","https://www.linkedin.com/in/roschaefer","Marit Funke","https://www.linkedin.com/in/marit-funke-88a540163","2021-05-04 17:48:48 UTC","","Hallo Marit, ich habe dir jetzt noch die zwei Formulare per E-Mail geschickt. Vielen Dank für die Erklärung, was ""Wertstiftung"" bedeutet.","INBOX","","No"
"2-YWM3Yjc1MTktNGJlNi00NzQ1LTk0ZWQtODlmNTA2ZmVmMDIxXzAxMg==","","Marit Funke","https://www.linkedin.com/in/marit-funke-88a540163","Robert Schäfer","https://www.linkedin.com/in/roschaefer","2021-05-04 14:21:20 UTC","","Liebe Grüße!","INBOX","","No"
"2-YWM3Yjc1MTktNGJlNi00NzQ1LTk0ZWQtODlmNTA2ZmVmMDIxXzAxMg==","","Marit Funke","https://www.linkedin.com/in/marit-funke-88a540163","Robert Schäfer","https://www.linkedin.com/in/roschaefer","2021-05-04 14:21:13 UTC","","Hi Robert :-) Ich habe gerade noch einmal mit meinem Kollegen gesprochen. Unter Wertstiftung ist die Zeit in einem Sprint gemeint, die genutzt wird um ein neues Feature zu entwickeln. Wir wollen möglichst wenig Zeit im Sprint dazu verwenden, um alte Bugs zu fixen, sondern immer möglichst viel Wert liefern. Ich hoffe, ich konnte die Frage damit beantworten :-)","INBOX","","No"
"2-YWM3Yjc1MTktNGJlNi00NzQ1LTk0ZWQtODlmNTA2ZmVmMDIxXzAxMg==","","Marit Funke","https://www.linkedin.com/in/marit-funke-88a540163","Robert Schäfer","https://www.linkedin.com/in/roschaefer","2021-05-03 13:34:32 UTC","","ach super, danke! :-) 
E-Mail ist auch gerade aus!","INBOX","","No"
"2-YWM3Yjc1MTktNGJlNi00NzQ1LTk0ZWQtODlmNTA2ZmVmMDIxXzAxMg==","","Robert Schäfer","https://www.linkedin.com/in/roschaefer","Marit Funke","https://www.linkedin.com/in/marit-funke-88a540163","2021-05-03 13:32:31 UTC","","","INBOX","https://www.linkedin.com/dms/prv/vid/v2/C4E06AQHn_pt2-5RR1g/messaging-attachmentFile/messaging-attachmentFile/0/1620048749885?m=AQK3ReGtpWhvzAAAAaA2Betj4mRGZuJmS_pF_T1Bk09iJi-WBnf5DQpnEA&ne=1&v=beta&t=WYF9IrY5mJ88MUycmBYolymKm7jrEA8Pb8pX62FSCqA","No"
"2-YWM3Yjc1MTktNGJlNi00NzQ1LTk0ZWQtODlmNTA2ZmVmMDIxXzAxMg==","","Robert Schäfer","https://www.linkedin.com/in/roschaefer","Marit Funke","https://www.linkedin.com/in/marit-funke-88a540163","2021-05-03 13:25:34 UTC","","mail@roschaefer.de","INBOX","","No"
"2-YWM3Yjc1MTktNGJlNi00NzQ1LTk0ZWQtODlmNTA2ZmVmMDIxXzAxMg==","","Robert Schäfer","https://www.linkedin.com/in/roschaefer","Marit Funke","https://www.linkedin.com/in/marit-funke-88a540163","2021-05-03 12:48:36 UTC","","https://www.youtube.com/channel/UCyrLYmvmLzWxnPHxt4n5aPw/videos","INBOX","","No"
"2-YWM3Yjc1MTktNGJlNi00NzQ1LTk0ZWQtODlmNTA2ZmVmMDIxXzAxMg==","","Marit Funke","https://www.linkedin.com/in/marit-funke-88a540163","Robert Schäfer","https://www.linkedin.com/in/roschaefer","2021-05-03 09:55:49 UTC","","machen wir so :)","INBOX","","No"
"2-YWM3Yjc1MTktNGJlNi00NzQ1LTk0ZWQtODlmNTA2ZmVmMDIxXzAxMg==","","Robert Schäfer","https://www.linkedin.com/in/roschaefer","Marit Funke","https://www.linkedin.com/in/marit-funke-88a540163","2021-05-03 09:55:02 UTC","","dann telefonieren wir einfach","INBOX","","No"
"2-YWM3Yjc1MTktNGJlNi00NzQ1LTk0ZWQtODlmNTA2ZmVmMDIxXzAxMg==","","Robert Schäfer","https://www.linkedin.com/in/roschaefer","Marit Funke","https://www.linkedin.com/in/marit-funke-88a540163","2021-05-03 09:54:43 UTC","","Ne ausgerechnet Teams (weil Microsoft) verlangt von mir, dass ich mir eine App installiere und bietet keine browser-basierte Videokonferenz","INBOX","","No"
"2-YWM3Yjc1MTktNGJlNi00NzQ1LTk0ZWQtODlmNTA2ZmVmMDIxXzAxMg==","","Marit Funke","https://www.linkedin.com/in/marit-funke-88a540163","Robert Schäfer","https://www.linkedin.com/in/roschaefer","2021-05-03 09:53:56 UTC","","ja, klar. Wir nutzen immer Teams. Passt das für dich? Dann bräuchte ich nur deine E-Mail Adresse","INBOX","","No"
"2-YWM3Yjc1MTktNGJlNi00NzQ1LTk0ZWQtODlmNTA2ZmVmMDIxXzAxMg==","","Robert Schäfer","https://www.linkedin.com/in/roschaefer","Marit Funke","https://www.linkedin.com/in/marit-funke-88a540163","2021-05-03 09:53:13 UTC","","Ansonsten halt +4915110793987","INBOX","","No"
"2-YWM3Yjc1MTktNGJlNi00NzQ1LTk0ZWQtODlmNTA2ZmVmMDIxXzAxMg==","","Robert Schäfer","https://www.linkedin.com/in/roschaefer","Marit Funke","https://www.linkedin.com/in/marit-funke-88a540163","2021-05-03 09:52:58 UTC","","Kannst du mir einen Einladungslink zu Google Hangouts oder Ähnlichem zuschicken?","INBOX","","No"
"2-YWM3Yjc1MTktNGJlNi00NzQ1LTk0ZWQtODlmNTA2ZmVmMDIxXzAxMg==","","Marit Funke","https://www.linkedin.com/in/marit-funke-88a540163","Robert Schäfer","https://www.linkedin.com/in/roschaefer","2021-05-03 09:51:29 UTC","","Ja, super! Ich freu mich! Dann bräuchte ich nur deine Telefonnummer. :-)","INBOX","","No"
"2-YWM3Yjc1MTktNGJlNi00NzQ1LTk0ZWQtODlmNTA2ZmVmMDIxXzAxMg==","","Robert Schäfer","https://www.linkedin.com/in/roschaefer","Marit Funke","https://www.linkedin.com/in/marit-funke-88a540163","2021-05-03 09:46:41 UTC","","Na dann gleich um 14:30!","INBOX","","No"
"2-YWM3Yjc1MTktNGJlNi00NzQ1LTk0ZWQtODlmNTA2ZmVmMDIxXzAxMg==","","Marit Funke","https://www.linkedin.com/in/marit-funke-88a540163","Robert Schäfer","https://www.linkedin.com/in/roschaefer","2021-05-03 09:41:31 UTC","","Super! :-) Ich hätte morgen um 9 Uhr Zeit oder heute spontan um 14:30? Ansonsten schlag mir auch gerne einen Termin vor. Liebe Grüße!","INBOX","","No"
"2-YWM3Yjc1MTktNGJlNi00NzQ1LTk0ZWQtODlmNTA2ZmVmMDIxXzAxMg==","","Robert Schäfer","https://www.linkedin.com/in/roschaefer","Marit Funke","https://www.linkedin.com/in/marit-funke-88a540163","2021-05-03 09:29:52 UTC","","Ja, hätte ich Lust, wir können gerne miteinander mal telefonieren","INBOX","","No"
"2-YWM3Yjc1MTktNGJlNi00NzQ1LTk0ZWQtODlmNTA2ZmVmMDIxXzAxMg==","","Marit Funke","https://www.linkedin.com/in/marit-funke-88a540163","Robert Schäfer","https://www.linkedin.com/in/roschaefer","2021-05-03 09:29:52 UTC","","Hey Robert, wir sind gerade dabei ein neues Team aufzubauen und vielleicht hast du Lust auf neue Leute, neue Projekte oder auch was ganz anderes? :-) Wir machen momentan viel mit Vue, React, NodeJS, AWS .. also wenn du Lust hast, lass uns doch mal telefonieren! Liebe Grüße! :-) 
","INBOX","","No"
"2-ZWI0MzcxZTUtYTNhNi01ZjJkLWE1OWUtZTQ4Y2ZlOWZiYjVjXzAxMw==","","Phil Cooper","https://www.linkedin.com/in/phil-cooper-a38909167","Robert Schäfer","https://www.linkedin.com/in/roschaefer","2021-05-04 16:21:18 UTC","Change the cyber security space with JavaScript?","Hi Robert,

Kristian has sent over a zoom link for noon on Friday to your email address.

Phil","INBOX","","No"
"2-ZWI0MzcxZTUtYTNhNi01ZjJkLWE1OWUtZTQ4Y2ZlOWZiYjVjXzAxMw==","","Phil Cooper","https://www.linkedin.com/in/phil-cooper-a38909167","Robert Schäfer","https://www.linkedin.com/in/roschaefer","2021-05-04 15:38:34 UTC","Change the cyber security space with JavaScript?","Hi Robert,

I have heard back from the team at Emlen and they would be very interested in having a conversation with you, congratulations! What availabilities would you have for later this week for a 30 minute zoom interview?

Phil","INBOX","","No"
"2-ZWI0MzcxZTUtYTNhNi01ZjJkLWE1OWUtZTQ4Y2ZlOWZiYjVjXzAxMw==","","Phil Cooper","https://www.linkedin.com/in/phil-cooper-a38909167","Robert Schäfer","https://www.linkedin.com/in/roschaefer","2021-05-04 10:24:46 UTC","Change the cyber security space with JavaScript?","Perfect, thanks Robert!","INBOX","","No"
"2-ZWI0MzcxZTUtYTNhNi01ZjJkLWE1OWUtZTQ4Y2ZlOWZiYjVjXzAxMw==","","Robert Schäfer","https://www.linkedin.com/in/roschaefer","Phil Cooper","https://www.linkedin.com/in/phil-cooper-a38909167","2021-05-04 10:21:40 UTC","Change the cyber security space with JavaScript?","Here you go","INBOX","https://www.linkedin.com/dms/prv/vid/v2/C4E06AQHoPaqK_e29UA/messaging-attachmentFile/messaging-attachmentFile/0/1620123568763?m=AQJDOkPftCZg6AAAAaA2Betp6wCNwza_auV0OFEFwm_WqzyqTp3yro9aZQ&ne=1&v=beta&t=irIBPWbb8bGWvKkK5wMVGUnKENwCRQWl5f8V2vBK7Mg","No"
"2-ZWI0MzcxZTUtYTNhNi01ZjJkLWE1OWUtZTQ4Y2ZlOWZiYjVjXzAxMw==","","Phil Cooper","https://www.linkedin.com/in/phil-cooper-a38909167","Robert Schäfer","https://www.linkedin.com/in/roschaefer","2021-05-04 09:59:02 UTC","Change the cyber security space with JavaScript?","https://us04web.zoom.us/j/72360016526?pwd=WTFQNHVlUE1jN1dUeTRGbDRXbWtLUT09","INBOX","","No"
"2-ZWI0MzcxZTUtYTNhNi01ZjJkLWE1OWUtZTQ4Y2ZlOWZiYjVjXzAxMw==","","Phil Cooper","https://www.linkedin.com/in/phil-cooper-a38909167","Robert Schäfer","https://www.linkedin.com/in/roschaefer","2021-05-04 09:58:57 UTC","Change the cyber security space with JavaScript?","Hi Robert,

Below is the zoom link for our call.

Phil","INBOX","","No"
"2-ZWI0MzcxZTUtYTNhNi01ZjJkLWE1OWUtZTQ4Y2ZlOWZiYjVjXzAxMw==","","Phil Cooper","https://www.linkedin.com/in/phil-cooper-a38909167","Robert Schäfer","https://www.linkedin.com/in/roschaefer","2021-04-30 13:46:34 UTC","Change the cyber security space with JavaScript?","Great, I will send over a zoom link slightly closer to the time. I look forward to speaking then.","INBOX","","No"
"2-ZWI0MzcxZTUtYTNhNi01ZjJkLWE1OWUtZTQ4Y2ZlOWZiYjVjXzAxMw==","","Robert Schäfer","https://www.linkedin.com/in/roschaefer","Phil Cooper","https://www.linkedin.com/in/phil-cooper-a38909167","2021-04-30 13:40:32 UTC","Change the cyber security space with JavaScript?","(ok, 12pm CET would work, too, I just tried to make sure there is no confusion with time zones)","INBOX","","No"
"2-ZWI0MzcxZTUtYTNhNi01ZjJkLWE1OWUtZTQ4Y2ZlOWZiYjVjXzAxMw==","","Robert Schäfer","https://www.linkedin.com/in/roschaefer","Phil Cooper","https://www.linkedin.com/in/phil-cooper-a38909167","2021-04-30 13:38:45 UTC","Change the cyber security space with JavaScript?","Zoom works browser-based (yes) and 12pm CEST (not CET) would work for me","INBOX","","No"
"2-ZWI0MzcxZTUtYTNhNi01ZjJkLWE1OWUtZTQ4Y2ZlOWZiYjVjXzAxMw==","","Phil Cooper","https://www.linkedin.com/in/phil-cooper-a38909167","Robert Schäfer","https://www.linkedin.com/in/roschaefer","2021-04-30 13:37:35 UTC","Change the cyber security space with JavaScript?","Also would a zoom call work for you?","INBOX","","No"
"2-ZWI0MzcxZTUtYTNhNi01ZjJkLWE1OWUtZTQ4Y2ZlOWZiYjVjXzAxMw==","","Phil Cooper","https://www.linkedin.com/in/phil-cooper-a38909167","Robert Schäfer","https://www.linkedin.com/in/roschaefer","2021-04-30 13:37:14 UTC","Change the cyber security space with JavaScript?","Would 12pm CET on Tuesday work well for you?","INBOX","","No"
"2-ZWI0MzcxZTUtYTNhNi01ZjJkLWE1OWUtZTQ4Y2ZlOWZiYjVjXzAxMw==","","Robert Schäfer","https://www.linkedin.com/in/roschaefer","Phil Cooper","https://www.linkedin.com/in/phil-cooper-a38909167","2021-04-30 13:11:40 UTC","Change the cyber security space with JavaScript?","I am, same time.","INBOX","","No"
"2-ZWI0MzcxZTUtYTNhNi01ZjJkLWE1OWUtZTQ4Y2ZlOWZiYjVjXzAxMw==","","Phil Cooper","https://www.linkedin.com/in/phil-cooper-a38909167","Robert Schäfer","https://www.linkedin.com/in/roschaefer","2021-04-30 13:01:43 UTC","Change the cyber security space with JavaScript?","H Robert,

Monday is a public holiday in the UK so I will not be in the office. Would you be available on Tuesday for a call?

Phil","INBOX","","No"
"2-ZWI0MzcxZTUtYTNhNi01ZjJkLWE1OWUtZTQ4Y2ZlOWZiYjVjXzAxMw==","","Robert Schäfer","https://www.linkedin.com/in/roschaefer","Phil Cooper","https://www.linkedin.com/in/phil-cooper-a38909167","2021-04-30 12:05:14 UTC","Change the cyber security space with JavaScript?","How about Monday? I'm on CEST. My preferred times for call are 11am - 4pm CEST. I'd like to speak over a browser-based video conference tool (ie. not Teams).","INBOX","","No"
"2-ZWI0MzcxZTUtYTNhNi01ZjJkLWE1OWUtZTQ4Y2ZlOWZiYjVjXzAxMw==","","Phil Cooper","https://www.linkedin.com/in/phil-cooper-a38909167","Robert Schäfer","https://www.linkedin.com/in/roschaefer","2021-04-30 10:28:39 UTC","Change the cyber security space with JavaScript?","Hi Robert,

Great, would there be a time next week which we could have a call to discuss in more detail?

Phil","INBOX","","No"
"2-ZWI0MzcxZTUtYTNhNi01ZjJkLWE1OWUtZTQ4Y2ZlOWZiYjVjXzAxMw==","","Robert Schäfer","https://www.linkedin.com/in/roschaefer","Phil Cooper","https://www.linkedin.com/in/phil-cooper-a38909167","2021-04-30 10:10:58 UTC","Change the cyber security space with JavaScript?","I'm a full stack engineer with less experience in React and a lot of experience with its modern competitor Vue. Both are similar enough though. If that's fine for the company, I'd be interested.","INBOX","","No"
"2-ZWI0MzcxZTUtYTNhNi01ZjJkLWE1OWUtZTQ4Y2ZlOWZiYjVjXzAxMw==","","Phil Cooper","https://www.linkedin.com/in/phil-cooper-a38909167","Robert Schäfer","https://www.linkedin.com/in/roschaefer","2021-04-30 07:33:05 UTC","Change the cyber security space with JavaScript?","Would this be of interest?","INBOX","","No"
"2-ZWI0MzcxZTUtYTNhNi01ZjJkLWE1OWUtZTQ4Y2ZlOWZiYjVjXzAxMw==","","Phil Cooper","https://www.linkedin.com/in/phil-cooper-a38909167","Robert Schäfer","https://www.linkedin.com/in/roschaefer","2021-04-29 12:48:42 UTC","Change the cyber security space with JavaScript?","Hi Robert,

Thanks for getting back to me. It is a JavaScript focused stack with Node.js on the backend and React on the frontend. They are looking to make a number of hires including a full-stack developer which could also be of interest?

Phil","INBOX","","No"
"2-ZWI0MzcxZTUtYTNhNi01ZjJkLWE1OWUtZTQ4Y2ZlOWZiYjVjXzAxMw==","","Robert Schäfer","https://www.linkedin.com/in/roschaefer","Phil Cooper","https://www.linkedin.com/in/phil-cooper-a38909167","2021-04-29 11:55:50 UTC","Change the cyber security space with JavaScript?","Hey Phil, can you tell me a little more about the technology they use?","INBOX","","No"
"2-ZWI0MzcxZTUtYTNhNi01ZjJkLWE1OWUtZTQ4Y2ZlOWZiYjVjXzAxMw==","","Phil Cooper","https://www.linkedin.com/in/phil-cooper-a38909167","Robert Schäfer","https://www.linkedin.com/in/roschaefer","2021-04-27 13:34:07 UTC","Change the cyber security space with JavaScript?","Hi Robert,

I have been reading through your backend JavaScript experience and think you'd be great for a Senior Node.js focused role I'm looking for!

You'll be working in an agile team in a mature start-up guiding the development of their code on the backend working closely with the lead developer. 

This company is improving cyber security through creating an e-learning platform and have over doubled in size over the past year and are now at over 120.

In this role you will have an opportunity to learn from experienced, talented lead developers whilst having exposure to leadership and mentoring of more junior developers.

https://www.technojobs.co.uk/job/2924993/senior-backend-javascript-developer-m-f-d/

Would this interest you?

Phil Cooper
Recruitment Consultant at Rise Technical","INBOX","","No"
"2-OGUyZjU1YzAtZDU5MC01YmM4LTg3NzgtNTY5NTc0NjRmMjI0XzAxMw==","","Alex Hevey","https://www.linkedin.com/in/alexheveydarwin","Robert Schäfer","https://www.linkedin.com/in/roschaefer","2021-05-04 14:30:10 UTC","Frontend Engineer - Freelance or Fixed Term Employment (ANÜ )","I have a fully remote project open now too. Shall we have a chat about it?","INBOX","","No"
"2-OGUyZjU1YzAtZDU5MC01YmM4LTg3NzgtNTY5NTc0NjRmMjI0XzAxMw==","","Robert Schäfer","https://www.linkedin.com/in/roschaefer","Alex Hevey","https://www.linkedin.com/in/alexheveydarwin","2021-04-29 11:39:17 UTC","Frontend Engineer - Freelance or Fixed Term Employment (ANÜ )","Hey Alex, I am looking for ""remote possible after covid"" so I don't think this is for me. Good luck!","INBOX","","No"
"2-OGUyZjU1YzAtZDU5MC01YmM4LTg3NzgtNTY5NTc0NjRmMjI0XzAxMw==","","Alex Hevey","https://www.linkedin.com/in/alexheveydarwin","Robert Schäfer","https://www.linkedin.com/in/roschaefer","2021-04-26 09:17:44 UTC","Frontend Engineer - Freelance or Fixed Term Employment (ANÜ )","Hi Robert

I noticed that your profile is currently set to ""Open to work"" so I thought I should reach out. 

We are currently working with an Innovating Global Fintech company who are looking to hire two Frontend Engineers. This would be on a Freelancer or Fixed Term Employment basis (ANÜ). 

The project will be worked remotely until the office reopens. Due to the organisation being regulated (Financial Services) their will be a requirement to work on-site on Frankfurt when the office reopens. 

The focus of the project will be on React Development to implement new Features for a product launch in the USA. Currently the product is active in Germany and the the features will be specific the the USA product's UX and User Story features. 

If this role is of interest, please send an updated CV to alex.hevey@darwinrecruitment.com.

Alex Hevey - Team Leader","INBOX","","No"
"2-MWI2MTA4ZDktZGFkOS01MDQ2LWE4M2UtNDY4YjM3NjQ3MWRiXzAxMw==","","Sandra Wagener","https://www.linkedin.com/in/sandrawagener","Robert Schäfer","https://www.linkedin.com/in/roschaefer","2021-05-04 12:47:08 UTC","Offen für Jobangebote","Super, Olaf wird dich dann Mittwoch um 14.30 Uhr anrufen.","INBOX","","No"
"2-MWI2MTA4ZDktZGFkOS01MDQ2LWE4M2UtNDY4YjM3NjQ3MWRiXzAxMw==","","Robert Schäfer","https://www.linkedin.com/in/roschaefer","Sandra Wagener","https://www.linkedin.com/in/sandrawagener","2021-05-04 09:58:29 UTC","Offen für Jobangebote","+4915110793987","INBOX","","No"
"2-MWI2MTA4ZDktZGFkOS01MDQ2LWE4M2UtNDY4YjM3NjQ3MWRiXzAxMw==","","Sandra Wagener","https://www.linkedin.com/in/sandrawagener","Robert Schäfer","https://www.linkedin.com/in/roschaefer","2021-05-03 14:45:11 UTC","Offen für Jobangebote","Alles klar! Dann bräuchte ich nur noch deine Handynummer.","INBOX","","No"
"2-MWI2MTA4ZDktZGFkOS01MDQ2LWE4M2UtNDY4YjM3NjQ3MWRiXzAxMw==","","Robert Schäfer","https://www.linkedin.com/in/roschaefer","Sandra Wagener","https://www.linkedin.com/in/sandrawagener","2021-05-02 11:09:24 UTC","Offen für Jobangebote","dann Mittwoch 14:30","INBOX","","No"
"2-MWI2MTA4ZDktZGFkOS01MDQ2LWE4M2UtNDY4YjM3NjQ3MWRiXzAxMw==","","Sandra Wagener","https://www.linkedin.com/in/sandrawagener","Robert Schäfer","https://www.linkedin.com/in/roschaefer","2021-05-02 09:49:34 UTC","Offen für Jobangebote","Dienstag geht es bei dem Kollegen leider nur zwischen 10 und 13 Uhr. Ich könnte dir aber auch Mittwoch irgendwann ab 14.30 Uhr anbieten.","INBOX","","No"
"2-MWI2MTA4ZDktZGFkOS01MDQ2LWE4M2UtNDY4YjM3NjQ3MWRiXzAxMw==","","Robert Schäfer","https://www.linkedin.com/in/roschaefer","Sandra Wagener","https://www.linkedin.com/in/sandrawagener","2021-05-01 11:51:40 UTC","Offen für Jobangebote","Nächsten Dienstag um 14:00?","INBOX","","No"
"2-MWI2MTA4ZDktZGFkOS01MDQ2LWE4M2UtNDY4YjM3NjQ3MWRiXzAxMw==","","Sandra Wagener","https://www.linkedin.com/in/sandrawagener","Robert Schäfer","https://www.linkedin.com/in/roschaefer","2021-05-01 11:02:40 UTC","Offen für Jobangebote","Dann würde ich gerne ein Telefonat mit meinem Kollegen Olaf Burkart vereinbaren. Wie sieht es denn zeitlich bei dir aus? Wann könnte er dich am besten erreichen?","INBOX","","No"
"2-MWI2MTA4ZDktZGFkOS01MDQ2LWE4M2UtNDY4YjM3NjQ3MWRiXzAxMw==","","Robert Schäfer","https://www.linkedin.com/in/roschaefer","Sandra Wagener","https://www.linkedin.com/in/sandrawagener","2021-04-30 12:25:09 UTC","Offen für Jobangebote","Das Produkt Yakindu sieht nach einer reinen Desktop-Anwendung aus, wie passe ich da als Fullstack-Entwickler rein? Also, wir können auch gerne einen Termin mit den Fachleuten ausmachen.","INBOX","","No"
"2-MWI2MTA4ZDktZGFkOS01MDQ2LWE4M2UtNDY4YjM3NjQ3MWRiXzAxMw==","","Sandra Wagener","https://www.linkedin.com/in/sandrawagener","Robert Schäfer","https://www.linkedin.com/in/roschaefer","2021-04-29 13:14:37 UTC","Offen für Jobangebote","Hi Robert,

dabei ist Lünen wunderschön :-) Derzeit ist remote-Arbeiten natürlich an der Tagesordnung und auch zukünftig dürfte das kein Problem sein. Schau dir doch gerne mal unsere Webseite an. Dort hast du einen guten Überblick über unsere Produkte und Dienstleistungen: 

https://www.itemis.com/yakindu-werkzeuge

Wenn du dann noch weitere Fragen hast, organisiere ich gerne ein Gespräch mit einem unserer Fachleute.

Viele Grüße,
Sandra

","INBOX","","No"
"2-MWI2MTA4ZDktZGFkOS01MDQ2LWE4M2UtNDY4YjM3NjQ3MWRiXzAxMw==","","Robert Schäfer","https://www.linkedin.com/in/roschaefer","Sandra Wagener","https://www.linkedin.com/in/sandrawagener","2021-04-29 11:35:03 UTC","Offen für Jobangebote","Hallo Sandra, an sich hört sich das interessant an. Kannst du mir vielleicht ein bisschen was erzählen, was für ein Produkt ihr herstellt? Wie sieht's aus mit remote-Arbeit? Ich werde nämlich nicht nach Lünen ziehen ;)","INBOX","","No"
"2-MWI2MTA4ZDktZGFkOS01MDQ2LWE4M2UtNDY4YjM3NjQ3MWRiXzAxMw==","","Sandra Wagener","https://www.linkedin.com/in/sandrawagener","Robert Schäfer","https://www.linkedin.com/in/roschaefer","2021-04-25 12:36:02 UTC","Offen für Jobangebote","Hi Robert,

ich habe gesehen, dass du offen für Jobangebote bist.

Vielleicht magst du dir ja mal unser aktuelles Stellenangebot hier bei LinkedIn ansehen:

Fullstack Software Engineer (all genders)

https://www.linkedin.com/jobs/view/2492648656/?refId=Rj5B8VWNIyJ%2FpiUf6%2FBTnA%3D%3D&trackingId=W1HqoaW%2BbtaKIZOhHhdP9g%3D%3D

Ansonsten würde ich mich aber auch einfach freuen, wenn wir uns hier vernetzen.

Viele Grüße,
Sandra

Sandra Wagener
Head of Recruiting at itemis AG","INBOX","","No"
"2-MWE4OTU3ODktNDczZS01Mzk1LTkxMTktZmZmMDQ0NTRiOGM4XzAxMg==","","Robert Schäfer","https://www.linkedin.com/in/roschaefer","Janina Maldonado Menéndez","https://www.linkedin.com/in/janina-maldonado-menendez","2021-05-03 09:43:45 UTC","Swipe right!","Hallo Janina,

vielen Dank für das Feedback und fürs Nachfragen. Ich hab mich ja für eine Stelle als Fullstack-Entwickler beworben, also ergibt es nicht so viel Sinn, würde ich nicht nach einer solchen Stelle suchen. Falls sich Yanis also zwischen den Zeilen geäußert hat, dann lass es mich gerne wissen, denn nur so kann ich etwas daraus lernen.

Viele Grüße
Robert","INBOX","","No"
"2-MWE4OTU3ODktNDczZS01Mzk1LTkxMTktZmZmMDQ0NTRiOGM4XzAxMg==","","Janina Maldonado Menéndez","https://www.linkedin.com/in/janina-maldonado-menendez","Robert Schäfer","https://www.linkedin.com/in/roschaefer","2021-05-03 07:59:20 UTC","Swipe right!","Hi Robert, entschuldige bitte die verspätete Rückmeldung! Ich habe mit Yanis und Sam gesprochen, Sam und ich waren derselben Meinung und hätten Dich gerne im Prozess behalten, Yanis hatte allerdings Bedenken, da es wohl in seinem Interview mit Dir so klang, als möchtest Du Dich zukünftig eher auf Deine Mentoren/Dozentenrolle konzentrieren und einen Job als Fullstack Entwickler/Lead eher nur nebenbei. Ich hoffe, das bringt ein wenig Licht in die Geschichte. Ich bedanke mich dennoch vielmals für das nette Gespräch mit Dir und würde gerne in Kontakt bleiben mit Dir! LG, Janina","INBOX","","No"
"2-MWE4OTU3ODktNDczZS01Mzk1LTkxMTktZmZmMDQ0NTRiOGM4XzAxMg==","","Robert Schäfer","https://www.linkedin.com/in/roschaefer","Janina Maldonado Menéndez","https://www.linkedin.com/in/janina-maldonado-menendez","2021-04-30 13:23:17 UTC","Swipe right!","(vielleicht bei der Gelegenheit auch nach einer kurzen Begründung fragen, ein Satz reicht)","INBOX","","No"
"2-MWE4OTU3ODktNDczZS01Mzk1LTkxMTktZmZmMDQ0NTRiOGM4XzAxMg==","","Robert Schäfer","https://www.linkedin.com/in/roschaefer","Janina Maldonado Menéndez","https://www.linkedin.com/in/janina-maldonado-menendez","2021-04-30 13:17:29 UTC","Swipe right!","Hallo Janina, nach dem letzten Gespräch mit dem CEO von Kosy Office habe ich von denen nichts weiter gehört. Wenn der Prozess beendet ist, dann würde ic es gerne wissen - könntest du bitte mal nachfragen, wie der Status ist?","INBOX","","No"
"2-MWE4OTU3ODktNDczZS01Mzk1LTkxMTktZmZmMDQ0NTRiOGM4XzAxMg==","","Janina Maldonado Menéndez","https://www.linkedin.com/in/janina-maldonado-menendez","Robert Schäfer","https://www.linkedin.com/in/roschaefer","2021-04-13 20:13:22 UTC","Swipe right!","Wunderbar, ich bin gespannt! :)","INBOX","","No"
"2-MWE4OTU3ODktNDczZS01Mzk1LTkxMTktZmZmMDQ0NTRiOGM4XzAxMg==","","Robert Schäfer","https://www.linkedin.com/in/roschaefer","Janina Maldonado Menéndez","https://www.linkedin.com/in/janina-maldonado-menendez","2021-04-13 10:48:38 UTC","Swipe right!",".. gebucht.","INBOX","","No"
"2-MWE4OTU3ODktNDczZS01Mzk1LTkxMTktZmZmMDQ0NTRiOGM4XzAxMg==","","Janina Maldonado Menéndez","https://www.linkedin.com/in/janina-maldonado-menendez","Robert Schäfer","https://www.linkedin.com/in/roschaefer","2021-04-12 20:09:30 UTC","Swipe right!","Hallo Robert, ich habe heute mit Sam gesprochen und er fand Dich sehr interessant. Gerne möchten wir Dich zum nächsten Schritt einladen - Ein Gespräch mit Yanis! Über den Link kannst Du direkt eine Zeit buchen: https://calendly.com/yanis-kosy/45-min

Gib Bescheid, falls Du Fragen hast! :)

LG, Janina","INBOX","","No"
"2-MWE4OTU3ODktNDczZS01Mzk1LTkxMTktZmZmMDQ0NTRiOGM4XzAxMg==","","Janina Maldonado Menéndez","https://www.linkedin.com/in/janina-maldonado-menendez","Robert Schäfer","https://www.linkedin.com/in/roschaefer","2021-04-02 20:15:28 UTC","Swipe right!","Hallo Robert, wie gestern schon besprochen, möchte ich Dich gerne zum nächsten Prozessschritt einladen - Ein Gespräch mit Sam. Über den Link kannst Du direkt einen Slot buchen - https://calendly.com/sam-kosy/60min

Gib mir gerne Bescheid, falls Du Fragen hast!

Liebe Grüße und frohe Ostertage, Janina","INBOX","","No"
"2-MWE4OTU3ODktNDczZS01Mzk1LTkxMTktZmZmMDQ0NTRiOGM4XzAxMg==","","Robert Schäfer","https://www.linkedin.com/in/roschaefer","Janina Maldonado Menéndez","https://www.linkedin.com/in/janina-maldonado-menendez","2021-03-31 13:01:00 UTC","Swipe right!","received","INBOX","","No"
"2-MWE4OTU3ODktNDczZS01Mzk1LTkxMTktZmZmMDQ0NTRiOGM4XzAxMg==","","Robert Schäfer","https://www.linkedin.com/in/roschaefer","Janina Maldonado Menéndez","https://www.linkedin.com/in/janina-maldonado-menendez","2021-03-31 12:29:13 UTC","Swipe right!","hello-janina-maldonado@roschaefer.de","INBOX","","No"
"2-MWE4OTU3ODktNDczZS01Mzk1LTkxMTktZmZmMDQ0NTRiOGM4XzAxMg==","","Janina Maldonado Menéndez","https://www.linkedin.com/in/janina-maldonado-menendez","Robert Schäfer","https://www.linkedin.com/in/roschaefer","2021-03-31 12:28:12 UTC","Swipe right!","Awesome :) Just send me your Email please and I will send out the invite!","INBOX","","No"
"2-MWE4OTU3ODktNDczZS01Mzk1LTkxMTktZmZmMDQ0NTRiOGM4XzAxMg==","","Robert Schäfer","https://www.linkedin.com/in/roschaefer","Janina Maldonado Menéndez","https://www.linkedin.com/in/janina-maldonado-menendez","2021-03-31 12:27:16 UTC","Swipe right!","I go for 1pm CEST tomorrow ;)","INBOX","","No"
"2-MWE4OTU3ODktNDczZS01Mzk1LTkxMTktZmZmMDQ0NTRiOGM4XzAxMg==","","Janina Maldonado Menéndez","https://www.linkedin.com/in/janina-maldonado-menendez","Robert Schäfer","https://www.linkedin.com/in/roschaefer","2021-03-31 12:25:56 UTC","Swipe right!","Tomorrow unfortunately only 1pm would work before 6 -.- Is that somehow possible for you? If not, what about today later around 4/4.30?
","INBOX","","No"
"2-MWE4OTU3ODktNDczZS01Mzk1LTkxMTktZmZmMDQ0NTRiOGM4XzAxMg==","","Robert Schäfer","https://www.linkedin.com/in/roschaefer","Janina Maldonado Menéndez","https://www.linkedin.com/in/janina-maldonado-menendez","2021-03-31 12:15:54 UTC","Swipe right!","Sorry again, but that's already too late. Tomorrow at 14:00 CEST?","INBOX","","No"
"2-MWE4OTU3ODktNDczZS01Mzk1LTkxMTktZmZmMDQ0NTRiOGM4XzAxMg==","","Janina Maldonado Menéndez","https://www.linkedin.com/in/janina-maldonado-menendez","Robert Schäfer","https://www.linkedin.com/in/roschaefer","2021-03-31 11:34:37 UTC","Swipe right!","What about 6pm tomorrow? ","INBOX","","No"
"2-MWE4OTU3ODktNDczZS01Mzk1LTkxMTktZmZmMDQ0NTRiOGM4XzAxMg==","","Robert Schäfer","https://www.linkedin.com/in/roschaefer","Janina Maldonado Menéndez","https://www.linkedin.com/in/janina-maldonado-menendez","2021-03-30 11:52:07 UTC","Swipe right!","Unfortunately I have to supervise an exam tomorrow on 14:00 CEST. Late afternoon or Thursday/Friday I would say.","INBOX","","No"
"2-MWE4OTU3ODktNDczZS01Mzk1LTkxMTktZmZmMDQ0NTRiOGM4XzAxMg==","","Janina Maldonado Menéndez","https://www.linkedin.com/in/janina-maldonado-menendez","Robert Schäfer","https://www.linkedin.com/in/roschaefer","2021-03-29 19:47:59 UTC","Swipe right!","Hi Robert, sorry, I can't make it tomorrow, what about Wednesday 13.45h? Best, Janina","INBOX","","No"
"2-MWE4OTU3ODktNDczZS01Mzk1LTkxMTktZmZmMDQ0NTRiOGM4XzAxMg==","","Robert Schäfer","https://www.linkedin.com/in/roschaefer","Janina Maldonado Menéndez","https://www.linkedin.com/in/janina-maldonado-menendez","2021-03-29 18:18:59 UTC","Swipe right!","OK fine, we can have a call and you can explain me more. Could you send me a video conference link? Preferably some video conferencing software that works in the browser (BBB, Jitsi, Hangouts, Zoom). I'd have time tomorrow around noon and I'm on CEST.","INBOX","","No"
"2-MWE4OTU3ODktNDczZS01Mzk1LTkxMTktZmZmMDQ0NTRiOGM4XzAxMg==","","Janina Maldonado Menéndez","https://www.linkedin.com/in/janina-maldonado-menendez","Robert Schäfer","https://www.linkedin.com/in/roschaefer","2021-03-28 23:09:57 UTC","Swipe right!","Hi Robert, yes, they offer 100% remote. The CTO is from Belgium, but they are based in the UK. Currently they are working with many people around Europe remotely. If someone doesn't want to work from home, they offer co-working space passes, for example. I would be happy to explain you a bit more, if you are up for a quick phone call! Best, Janina
","INBOX","","No"
"2-MWE4OTU3ODktNDczZS01Mzk1LTkxMTktZmZmMDQ0NTRiOGM4XzAxMg==","","Robert Schäfer","https://www.linkedin.com/in/roschaefer","Janina Maldonado Menéndez","https://www.linkedin.com/in/janina-maldonado-menendez","2021-03-26 14:26:48 UTC","Swipe right!","Hi Janina, I'm sorry but the company doesn't do 100% remote and I'm not willing to move to Belgium.","INBOX","","No"
"2-MWE4OTU3ODktNDczZS01Mzk1LTkxMTktZmZmMDQ0NTRiOGM4XzAxMg==","","Janina Maldonado Menéndez","https://www.linkedin.com/in/janina-maldonado-menendez","Robert Schäfer","https://www.linkedin.com/in/roschaefer","2021-03-25 22:23:10 UTC","Swipe right!","Hello Robert,

During my search for a Lead Fullstack Developer for Kosy Office, a really cool, young, and fast-growing company, I came across your profile!

I can see that you already have a lot of experience and I think that this position could be very interesting for you!

You can find more information about the position here: https://bit.ly/3cm3WaX

If this could be an interesting match for you, swipe right and get back to me! :)

Best,

 Janina","INBOX","","No"
"2-YzcxYjlkMmEtYmQ1ZC01YTc2LTkxYWMtNGI4YzJkNmVkNmJkXzAxMg==","","Burim Hykaj","https://www.linkedin.com/in/burimhykaj","Robert Schäfer","https://www.linkedin.com/in/roschaefer","2021-04-29 13:55:41 UTC","RE: Message replied: Using tech to disrupt the eCommerce market","Thanks Robert,

Essentially what they get is the video of the interview itself, which they then watch again internally to ratify the decision that Karat made, and then 3 paragraphs as feedback so let me know what they can share with you 

Sent from my iPhone","INBOX","","No"
"2-YzcxYjlkMmEtYmQ1ZC01YTc2LTkxYWMtNGI4YzJkNmVkNmJkXzAxMg==","","Robert Schäfer","https://www.linkedin.com/in/roschaefer","Burim Hykaj","https://www.linkedin.com/in/burimhykaj","2021-04-29 13:51:41 UTC","Using tech to disrupt the eCommerce market","Sure, I'm talking about the data that Karat has sent to Deliveroo. Since Karat didn't tell me what they have I don't know exactly what kind of data it is. At least it is a video and I'm expecting a score as well. Simply all the data that Deliveroo has about me. It would be Karat's responsibility to send me a copy, but they refuse although legally obliged because of GDPR.","INBOX","","No"
"2-YzcxYjlkMmEtYmQ1ZC01YTc2LTkxYWMtNGI4YzJkNmVkNmJkXzAxMg==","","Burim Hykaj","https://www.linkedin.com/in/burimhykaj","Robert Schäfer","https://www.linkedin.com/in/roschaefer","2021-04-29 13:32:14 UTC","Using tech to disrupt the eCommerce market","Hey Robert,

Hope you are well The Team Lead Recruiter has contacted us in regards to your last email for the Kara interview.  Are you able to elaborate for him on what you are looking for so he can help on that? 

Thanks,
Burim","INBOX","","No"
"2-YzcxYjlkMmEtYmQ1ZC01YTc2LTkxYWMtNGI4YzJkNmVkNmJkXzAxMg==","","Burim Hykaj","https://www.linkedin.com/in/burimhykaj","Robert Schäfer","https://www.linkedin.com/in/roschaefer","2021-04-23 06:23:20 UTC","Using tech to disrupt the eCommerce market","No worries, ive emailed Deliveroo and will come back to you once they reply to me","INBOX","","No"
"2-YzcxYjlkMmEtYmQ1ZC01YTc2LTkxYWMtNGI4YzJkNmVkNmJkXzAxMg==","","Robert Schäfer","https://www.linkedin.com/in/roschaefer","Burim Hykaj","https://www.linkedin.com/in/burimhykaj","2021-04-22 18:35:59 UTC","Using tech to disrupt the eCommerce market","That's alright! I was expecting that after the really awkward session with Karat. Can you tell me if there's a way to receive the data that Karat has sent to Deliveroo? I made a GDPR request and they refuse, although legally obliged.","INBOX","","No"
"2-YzcxYjlkMmEtYmQ1ZC01YTc2LTkxYWMtNGI4YzJkNmVkNmJkXzAxMg==","","Burim Hykaj","https://www.linkedin.com/in/burimhykaj","Robert Schäfer","https://www.linkedin.com/in/roschaefer","2021-04-22 10:36:29 UTC","Using tech to disrupt the eCommerce market","Hey Robert,

My apologies for the delay but Ive just received the feedback from Deliveroo. Its a no Im afraid. See below their feedback

Robert produced a fully working, optimal solution to the first coding question and a fully working. He coded at an average pace but struggled with Ruby syntax and spent several minutes looking up syntax. Robert demonstrated limited fluency in Ruby.
 
Robert performed fairly on the JavaScript knowledge questions. He provided some clear responses but overall demonstrated a basic grasp of most concepts.
 
Im sorry it didnt work out with them

Regards,
Burim","INBOX","","No"
"2-YzcxYjlkMmEtYmQ1ZC01YTc2LTkxYWMtNGI4YzJkNmVkNmJkXzAxMg==","","Robert Schäfer","https://www.linkedin.com/in/roschaefer","Burim Hykaj","https://www.linkedin.com/in/burimhykaj","2021-04-07 13:40:54 UTC","Using tech to disrupt the eCommerce market","Hey Burim, thanks for the update.","INBOX","","No"
"2-YzcxYjlkMmEtYmQ1ZC01YTc2LTkxYWMtNGI4YzJkNmVkNmJkXzAxMg==","","Burim Hykaj","https://www.linkedin.com/in/burimhykaj","Robert Schäfer","https://www.linkedin.com/in/roschaefer","2021-04-07 11:38:57 UTC","Using tech to disrupt the eCommerce market","Hey Robert,

Hope you had a lovely Easter break! Im still waiting for the feedback from Deliveroo following your technical interview. We chased them this morning and they came back saying its still pending for a review. I'll let you know as soon as I get an update

Regards,
Burim","INBOX","","No"
"2-YzcxYjlkMmEtYmQ1ZC01YTc2LTkxYWMtNGI4YzJkNmVkNmJkXzAxMg==","","Robert Schäfer","https://www.linkedin.com/in/roschaefer","Burim Hykaj","https://www.linkedin.com/in/burimhykaj","2021-03-29 15:51:35 UTC","Using tech to disrupt the eCommerce market","Always happy to contribute to better hiring workflows 👍","INBOX","","No"
"2-YzcxYjlkMmEtYmQ1ZC01YTc2LTkxYWMtNGI4YzJkNmVkNmJkXzAxMg==","","Burim Hykaj","https://www.linkedin.com/in/burimhykaj","Robert Schäfer","https://www.linkedin.com/in/roschaefer","2021-03-29 15:48:56 UTC","Using tech to disrupt the eCommerce market","Thanks Robert, ill pass your comments to Deliveroo as another candidate mentioned the same thing.","INBOX","","No"
"2-YzcxYjlkMmEtYmQ1ZC01YTc2LTkxYWMtNGI4YzJkNmVkNmJkXzAxMg==","","Robert Schäfer","https://www.linkedin.com/in/roschaefer","Burim Hykaj","https://www.linkedin.com/in/burimhykaj","2021-03-29 15:47:21 UTC","Using tech to disrupt the eCommerce market","JavaScript: default arguments, destructuring, function.bind, classes, promises, error handling
Ruby:
* From a array of pairs (student ids => course name) create a dictionary matching all possible combinations of two students to their respective shared courses.
* From an array of pairs representing edges, create an array with all connected nodes in succession and return the ""middle"" element.
 
To give an example of a great technical interview: I once did a pair-programming with the tech lead who shared some productive code and we implemented a regression test. After the experience at Karat, I get the feeling I'm supposed to perform at textbook programming quizzes that one would never come across in real life.","INBOX","","No"
"2-YzcxYjlkMmEtYmQ1ZC01YTc2LTkxYWMtNGI4YzJkNmVkNmJkXzAxMg==","","Burim Hykaj","https://www.linkedin.com/in/burimhykaj","Robert Schäfer","https://www.linkedin.com/in/roschaefer","2021-03-29 13:42:26 UTC","Using tech to disrupt the eCommerce market","Hey Robert,

Thanks for the update. Im sorry to hear that. What sort of questions did the ask you? I'll let you know as soon as I receive an update

Regards,
Burim","INBOX","","No"
"2-YzcxYjlkMmEtYmQ1ZC01YTc2LTkxYWMtNGI4YzJkNmVkNmJkXzAxMg==","","Robert Schäfer","https://www.linkedin.com/in/roschaefer","Burim Hykaj","https://www.linkedin.com/in/burimhykaj","2021-03-29 13:18:10 UTC","Using tech to disrupt the eCommerce market","Just did the interview and absolutely hated it :) these quizzes are far off from the professional work and I wonder if Deliveroo does itself a favour of choosing  employees based on these tests.","INBOX","","No"
"2-YzcxYjlkMmEtYmQ1ZC01YTc2LTkxYWMtNGI4YzJkNmVkNmJkXzAxMg==","","Burim Hykaj","https://www.linkedin.com/in/burimhykaj","Robert Schäfer","https://www.linkedin.com/in/roschaefer","2021-03-25 12:29:16 UTC","Using tech to disrupt the eCommerce market","Its quick for the contractors because for the perm roles is very long:)","INBOX","","No"
"2-YzcxYjlkMmEtYmQ1ZC01YTc2LTkxYWMtNGI4YzJkNmVkNmJkXzAxMg==","","Robert Schäfer","https://www.linkedin.com/in/roschaefer","Burim Hykaj","https://www.linkedin.com/in/burimhykaj","2021-03-25 12:25:54 UTC","Using tech to disrupt the eCommerce market","Unusual that their hiring process is so flat/quick. Anyways, thanks for the info","INBOX","","No"
"2-YzcxYjlkMmEtYmQ1ZC01YTc2LTkxYWMtNGI4YzJkNmVkNmJkXzAxMg==","","Robert Schäfer","https://www.linkedin.com/in/roschaefer","Burim Hykaj","https://www.linkedin.com/in/burimhykaj","2021-03-25 12:24:40 UTC","Using tech to disrupt the eCommerce market","OK, interesting. Getting feedback during the coding exercise is crucial. I once failed a coding exercise which was by mail without intermediate feedback and the reviewer expected ""a solution with some concurrency"" which wasn't even mentioned in the task description.","INBOX","","No"
"2-YzcxYjlkMmEtYmQ1ZC01YTc2LTkxYWMtNGI4YzJkNmVkNmJkXzAxMg==","","Burim Hykaj","https://www.linkedin.com/in/burimhykaj","Robert Schäfer","https://www.linkedin.com/in/roschaefer","2021-03-25 12:17:44 UTC","Using tech to disrupt the eCommerce market","It will be another interview 30 mins which is a behavioural one and it will be the last stage. The recruitment process is very quick","INBOX","","No"
"2-YzcxYjlkMmEtYmQ1ZC01YTc2LTkxYWMtNGI4YzJkNmVkNmJkXzAxMg==","","Burim Hykaj","https://www.linkedin.com/in/burimhykaj","Robert Schäfer","https://www.linkedin.com/in/roschaefer","2021-03-25 12:17:07 UTC","Using tech to disrupt the eCommerce market","The first question you will be asked will be to give a one minute overview of you skills/career so far. Then, its about 10 minutes of questions, they include general programming fundamentals (example question topic being OOP), web and API (example topic being API versioning), and another that was data-oriented.

For the coding part you are given 45 minutes and it was really pretty straightforward - it starts off with a task which you talk through as you write the code to solve, and then there are additional parts added on if there's time.  A lot of candidates found looking over examples on leetcode good to get them in the headspace of these sorts of coding puzzles. Please make sure you answer the questions as soon as possible as lot of candidates have run out of time. 

Hope that helps!

","INBOX","","No"
"2-YzcxYjlkMmEtYmQ1ZC01YTc2LTkxYWMtNGI4YzJkNmVkNmJkXzAxMg==","","Robert Schäfer","https://www.linkedin.com/in/roschaefer","Burim Hykaj","https://www.linkedin.com/in/burimhykaj","2021-03-25 12:13:37 UTC","Using tech to disrupt the eCommerce market","By the way, how does the entire hiring process look like? Ie. how many interviews are coming (given I would pass them all?).","INBOX","","No"
"2-YzcxYjlkMmEtYmQ1ZC01YTc2LTkxYWMtNGI4YzJkNmVkNmJkXzAxMg==","","Robert Schäfer","https://www.linkedin.com/in/roschaefer","Burim Hykaj","https://www.linkedin.com/in/burimhykaj","2021-03-25 12:12:27 UTC","Using tech to disrupt the eCommerce market","2pm CEST. Uhm, sure, send me some tips. According to the invitation I'm going to be asked some basic JavaScript questions and a longer Ruby coding exercise.","INBOX","","No"
"2-YzcxYjlkMmEtYmQ1ZC01YTc2LTkxYWMtNGI4YzJkNmVkNmJkXzAxMg==","","Burim Hykaj","https://www.linkedin.com/in/burimhykaj","Robert Schäfer","https://www.linkedin.com/in/roschaefer","2021-03-25 12:05:39 UTC","Using tech to disrupt the eCommerce market","Thanks Robert, what time is it for? Do you want me to send you some tips for the interview? But you have to keep it strictly confidential though:)","INBOX","","No"
"2-YzcxYjlkMmEtYmQ1ZC01YTc2LTkxYWMtNGI4YzJkNmVkNmJkXzAxMg==","","Robert Schäfer","https://www.linkedin.com/in/roschaefer","Burim Hykaj","https://www.linkedin.com/in/burimhykaj","2021-03-25 12:02:55 UTC","Using tech to disrupt the eCommerce market","scheduled for Monday","INBOX","","No"
"2-YzcxYjlkMmEtYmQ1ZC01YTc2LTkxYWMtNGI4YzJkNmVkNmJkXzAxMg==","","Robert Schäfer","https://www.linkedin.com/in/roschaefer","Burim Hykaj","https://www.linkedin.com/in/burimhykaj","2021-03-25 10:47:09 UTC","Using tech to disrupt the eCommerce market","I have not been contacted yet","INBOX","","No"
"2-YzcxYjlkMmEtYmQ1ZC01YTc2LTkxYWMtNGI4YzJkNmVkNmJkXzAxMg==","","Burim Hykaj","https://www.linkedin.com/in/burimhykaj","Robert Schäfer","https://www.linkedin.com/in/roschaefer","2021-03-25 10:46:53 UTC","Using tech to disrupt the eCommerce market","Thanks Robert:) Have you been contacted by Karat yet? Burim","INBOX","","No"
"2-YzcxYjlkMmEtYmQ1ZC01YTc2LTkxYWMtNGI4YzJkNmVkNmJkXzAxMg==","","Robert Schäfer","https://www.linkedin.com/in/roschaefer","Burim Hykaj","https://www.linkedin.com/in/burimhykaj","2021-03-25 10:45:23 UTC","Using tech to disrupt the eCommerce market","Hey Burim, sorry! Of course I can tell you when the interview is booked in and I'm glad the job application has been successful up to this point. 👍","INBOX","","No"
"2-YzcxYjlkMmEtYmQ1ZC01YTc2LTkxYWMtNGI4YzJkNmVkNmJkXzAxMg==","","Burim Hykaj","https://www.linkedin.com/in/burimhykaj","Robert Schäfer","https://www.linkedin.com/in/roschaefer","2021-03-25 09:23:23 UTC","Using tech to disrupt the eCommerce market","Morning Robert,

Can I check you have seen my last message please?

Thanks,
Burim","INBOX","","No"
"2-YzcxYjlkMmEtYmQ1ZC01YTc2LTkxYWMtNGI4YzJkNmVkNmJkXzAxMg==","","Burim Hykaj","https://www.linkedin.com/in/burimhykaj","Robert Schäfer","https://www.linkedin.com/in/roschaefer","2021-03-24 10:46:40 UTC","Using tech to disrupt the eCommerce market","Morning Robert,

Hope you are well! Good news, your job application with Deliveroo has been successful. You will receive an email from a company called Karat to arrange the technical interview.

Can you let me know once the interview is booked in please?

Thanks,
Burim","INBOX","","No"
"2-YzcxYjlkMmEtYmQ1ZC01YTc2LTkxYWMtNGI4YzJkNmVkNmJkXzAxMg==","","Robert Schäfer","https://www.linkedin.com/in/roschaefer","Burim Hykaj","https://www.linkedin.com/in/burimhykaj","2021-03-18 16:45:51 UTC","Using tech to disrupt the eCommerce market","Yes, received and you're the first person who spoke to me about the role","INBOX","","No"
"2-YzcxYjlkMmEtYmQ1ZC01YTc2LTkxYWMtNGI4YzJkNmVkNmJkXzAxMg==","","Burim Hykaj","https://www.linkedin.com/in/burimhykaj","Robert Schäfer","https://www.linkedin.com/in/roschaefer","2021-03-18 16:44:20 UTC","Using tech to disrupt the eCommerce market","Hi Robert,

It was nice talking to you earlier. This is to confirm that your CV has been submitted to Deliveroo (https://deliveroo.co.uk/) based in London for their fully remote role.  I will be in touch as soon as I have any feedback, but feel free to contact me should you have any questions in the meantime. Please keep the details of the company strictly confidential.
Please could you confirm receipt of this message and that you are happy for the Venture Up to handle your application to this role. Please also confirm no one else has spoken to you about the role.

Thanks,
Burim","INBOX","","No"
"2-YzcxYjlkMmEtYmQ1ZC01YTc2LTkxYWMtNGI4YzJkNmVkNmJkXzAxMg==","","Burim Hykaj","https://www.linkedin.com/in/burimhykaj","Robert Schäfer","https://www.linkedin.com/in/roschaefer","2021-03-18 16:31:57 UTC","Using tech to disrupt the eCommerce market","https://meet.google.com/gmi-oqvw-oct","INBOX","","No"
"2-YzcxYjlkMmEtYmQ1ZC01YTc2LTkxYWMtNGI4YzJkNmVkNmJkXzAxMg==","","Robert Schäfer","https://www.linkedin.com/in/roschaefer","Burim Hykaj","https://www.linkedin.com/in/burimhykaj","2021-03-18 16:27:16 UTC","Using tech to disrupt the eCommerce market","+4915110793987","INBOX","","No"
"2-YzcxYjlkMmEtYmQ1ZC01YTc2LTkxYWMtNGI4YzJkNmVkNmJkXzAxMg==","","Robert Schäfer","https://www.linkedin.com/in/roschaefer","Burim Hykaj","https://www.linkedin.com/in/burimhykaj","2021-03-18 16:26:35 UTC","Using tech to disrupt the eCommerce market","","INBOX","https://www.linkedin.com/dms/prv/vid/v2/C4E06AQGy2-mYq1IcXA/messaging-attachmentFile/messaging-attachmentFile/0/1616084791751?m=AQJhgHo0_p1U8wAAAaA2BetpX9iwX0jKeTEWRu8X0-4iEaVGsmg4qs9X8A&ne=1&v=beta&t=omGJ0HFAv1GAgTi8pnyUtftuMkQre2mmBACbL-vNuB4","No"
"2-YzcxYjlkMmEtYmQ1ZC01YTc2LTkxYWMtNGI4YzJkNmVkNmJkXzAxMg==","","Burim Hykaj","https://www.linkedin.com/in/burimhykaj","Robert Schäfer","https://www.linkedin.com/in/roschaefer","2021-03-18 16:25:51 UTC","Using tech to disrupt the eCommerce market","it will take less  than 5 mins. ","INBOX","","No"
"2-YzcxYjlkMmEtYmQ1ZC01YTc2LTkxYWMtNGI4YzJkNmVkNmJkXzAxMg==","","Robert Schäfer","https://www.linkedin.com/in/roschaefer","Burim Hykaj","https://www.linkedin.com/in/burimhykaj","2021-03-18 16:25:16 UTC","Using tech to disrupt the eCommerce market","If it's less than 30mins we can have a call right now. Otherwise tomorrow","INBOX","","No"
"2-YzcxYjlkMmEtYmQ1ZC01YTc2LTkxYWMtNGI4YzJkNmVkNmJkXzAxMg==","","Burim Hykaj","https://www.linkedin.com/in/burimhykaj","Robert Schäfer","https://www.linkedin.com/in/roschaefer","2021-03-18 16:23:55 UTC","Using tech to disrupt the eCommerce market","Can you send me your updated CV and the best time to give you a call? Thanks ","INBOX","","No"
"2-YzcxYjlkMmEtYmQ1ZC01YTc2LTkxYWMtNGI4YzJkNmVkNmJkXzAxMg==","","Robert Schäfer","https://www.linkedin.com/in/roschaefer","Burim Hykaj","https://www.linkedin.com/in/burimhykaj","2021-03-18 16:22:58 UTC","Using tech to disrupt the eCommerce market","Ok, fine. I'm ready to give this a try.
 
The technologies that I know and love are VueJS, NuxtJS (Frontend) GraphQL and Apollo (Backend) and Docker + Kubernetes (DevOps). My interests are TypeScript, Golang and Flutter. The ideal job would combine some familiar technologies with some technologies that I find interesting.","INBOX","","No"
"2-YzcxYjlkMmEtYmQ1ZC01YTc2LTkxYWMtNGI4YzJkNmVkNmJkXzAxMg==","","Burim Hykaj","https://www.linkedin.com/in/burimhykaj","Robert Schäfer","https://www.linkedin.com/in/roschaefer","2021-03-18 16:06:59 UTC","Using tech to disrupt the eCommerce market","Hi Robert,

We currently have 25 contractors who are paid the same daily rate or even more. What tech stack are you looking for? Deliveroo is looking for engineers with various OO programming skills .

Happy to discuss it further over the phone.

Thanks,
Burim","INBOX","","No"
"2-YzcxYjlkMmEtYmQ1ZC01YTc2LTkxYWMtNGI4YzJkNmVkNmJkXzAxMg==","","Robert Schäfer","https://www.linkedin.com/in/roschaefer","Burim Hykaj","https://www.linkedin.com/in/burimhykaj","2021-03-18 16:01:56 UTC","Using tech to disrupt the eCommerce market","Thank you for the job ad. I am more interested in other technologies than Ruby at the moment so I think someone else would be a better fit for this position.","INBOX","","No"
"2-YzcxYjlkMmEtYmQ1ZC01YTc2LTkxYWMtNGI4YzJkNmVkNmJkXzAxMg==","","Robert Schäfer","https://www.linkedin.com/in/roschaefer","Burim Hykaj","https://www.linkedin.com/in/burimhykaj","2021-03-18 16:01:42 UTC","Using tech to disrupt the eCommerce market","II mean ""unrealistic"" because it would mean £ 126,000 a year and it's way too much for a back end job. Deliveroo even paid dumping prices to drivers. So why should they pay such high salaries to their developers?","INBOX","","No"
"2-YzcxYjlkMmEtYmQ1ZC01YTc2LTkxYWMtNGI4YzJkNmVkNmJkXzAxMg==","","Burim Hykaj","https://www.linkedin.com/in/burimhykaj","Robert Schäfer","https://www.linkedin.com/in/roschaefer","2021-03-18 15:33:12 UTC","Using tech to disrupt the eCommerce market","Hi Robert,

Thanks for coming back. Please see attached the job spec for the fully remote role with Deliveroo (https://deliveroo.co.uk/) based in London . If the role and company is of interest to you, please do not hesitate to contact me. The job spec if very generic but you will be happy to find out more about the role and projects on the call with the hiring manager. Happy to discuss it further over the phone.

What do you mean by the role sounds unrealistic? 

Regards,
Burim","INBOX","https://www.linkedin.com/dms/prv/vid/v2/C4E06AQHNbMu0FLHDMQ/messaging-attachmentFile/messaging-attachmentFile/0/1616081592478?m=AQLa1EzXuG9l9gAAAaA2BetkNrPIptGUsZ_14xyNGNdvn1-x0D05vcX-Mw&ne=1&v=beta&t=t8D3KBywcS9Jt49Y5rFd189l4Nj3vh69SLstMTf-ynE","No"
"2-YzcxYjlkMmEtYmQ1ZC01YTc2LTkxYWMtNGI4YzJkNmVkNmJkXzAxMg==","","Robert Schäfer","https://www.linkedin.com/in/roschaefer","Burim Hykaj","https://www.linkedin.com/in/burimhykaj","2021-03-18 14:53:35 UTC","Using tech to disrupt the eCommerce market","Hey Burim, 525£ per day for a full time contract for 12 months sounds quite unrealistic. It's like choosing  ""any""-option from the salary dropdown menu. Can you tell me something else about the role? (other than full stack + ruby?)","INBOX","","No"
"2-YzcxYjlkMmEtYmQ1ZC01YTc2LTkxYWMtNGI4YzJkNmVkNmJkXzAxMg==","","Burim Hykaj","https://www.linkedin.com/in/burimhykaj","Robert Schäfer","https://www.linkedin.com/in/roschaefer","2021-03-18 13:09:32 UTC","Using tech to disrupt the eCommerce market","Hi Robert,

Hope you are well! 

I’m currently recruiting for a Fullstack engineer with some experience in Ruby for a leading UK tech company. They are looking for multiple contractors to start ASAP to work across 2 key projects – one on the consumer side, the other on production systems. They are experiencing a surge of business and are needing to rapidly add a software engineering resource to their two key teams.

The culture there is really open – they want people who are collaborative but also self-directed and driven. You’d be working under an awesome director of engineering who believes in really empowering her team.

The role is fully remote.  It would an initial 12 months contract but likely to keep on extending.

The role is paying up to £525 per day. Let me know if you are interested to hear more.

Looking forward to your response

Regards,

Burim Hykaj
Building Tech and Product teams across Europe and the USA! Co-Founder at Venture- Up ","INBOX","","No"
"2-Y2RjNzE0ZjAtNDg0MS01ZTBjLWFhMmYtZGI5ZjNlNzY0NWJjXzAxMw==","","Maya C","https://www.linkedin.com/in/maya-c-960020124","Robert Schäfer","https://www.linkedin.com/in/roschaefer","2021-04-29 13:24:46 UTC","Hiring Full-stack Developer","no ","INBOX","","No"
"2-Y2RjNzE0ZjAtNDg0MS01ZTBjLWFhMmYtZGI5ZjNlNzY0NWJjXzAxMw==","","Robert Schäfer","https://www.linkedin.com/in/roschaefer","Maya C","https://www.linkedin.com/in/maya-c-960020124","2021-04-29 11:52:33 UTC","Hiring Full-stack Developer","Hey Maya, does the company offer remote work after COVID?","INBOX","","No"
"2-Y2RjNzE0ZjAtNDg0MS01ZTBjLWFhMmYtZGI5ZjNlNzY0NWJjXzAxMw==","","Maya C","https://www.linkedin.com/in/maya-c-960020124","Robert Schäfer","https://www.linkedin.com/in/roschaefer","2021-04-27 11:15:22 UTC","Hiring Full-stack Developer","Hello, we are looking for a ""Full-stack Developer “position in Frankfurt, Germany (Remote Work during COVID) please let me know if you are interested. You can also mail me at maheshwari@onesource.one  
Regards, 
Maya

Regards,
Maya C
Talent Acquisition Specialist at OneSource Consulting","INBOX","","No"
"2-YTU0NzViN2ItYjAyNi00M2IzLTljYmUtYzc3YmUyYjk1Mzc3XzAxMw==","Silicon Brighton","Robert Schäfer","https://www.linkedin.com/in/roschaefer","Steve Rackley","https://www.linkedin.com/in/rackley","2021-04-29 12:19:28 UTC","Silicon Brighton","Hey Steve, so you want to hire me as a speaker, right? Always keen to share knowledge. From the mentioned topics I'd be most experienced with Vue.js+GraphQL. Is it this community? https://siliconbrighton.com/ What's the experience level of the audience?","INBOX","","No"
"2-YTU0NzViN2ItYjAyNi00M2IzLTljYmUtYzc3YmUyYjk1Mzc3XzAxMw==","Silicon Brighton","Steve Rackley","https://www.linkedin.com/in/rackley","Robert Schäfer","https://www.linkedin.com/in/roschaefer","2021-04-28 11:49:59 UTC","Silicon Brighton","Hi Robert, 

I help run an initiative called Silicon Brighton, a community project to drive digital growth in the Brighton/Sussex region. One aspect of the project is helping communities come together, and one we support is in the JavaScript space called Aysnc.

With everything being online now we’ve been using this opportunity to bring in speakers from outside the area and I wanted to ask if you might be open to discussing completing a talk for us? Areas we're keen to hear more on are GraphQL, Vue.js and Svelte. 

We can provide a great engaged audience and can also focus our marketing efforts on drawing in attendees who you would be keen to get in front of.

Thanks Robert, appreciate you reading this, and hope to speak soon.

Best Regards, 
Steve

Steve Rackley
Co-Founder & Director at James Chase & Silicon Brighton","INBOX","","No"
"2-MzIyYjAwNmUtMzJiNC01ZjY5LWIyNGMtYTM0YmEzOTk4MGEzXzAxMg==","","Robert Schäfer","https://www.linkedin.com/in/roschaefer","Jordan Helps","https://www.linkedin.com/in/jordanhelps93","2021-04-29 11:41:10 UTC","Freelance Role - Lead Fullstack Developer - React/Node - Remote","Hey Jordan, I would be interested. Is the company aware, that I have a lot of experience with Vue.js, but not with its older competitor React?","INBOX","","No"
"2-MzIyYjAwNmUtMzJiNC01ZjY5LWIyNGMtYTM0YmEzOTk4MGEzXzAxMg==","","Jordan Helps","https://www.linkedin.com/in/jordanhelps93","Robert Schäfer","https://www.linkedin.com/in/roschaefer","2021-04-26 12:47:11 UTC","Freelance Role - Lead Fullstack Developer - React/Node - Remote","Hi Robert, 

I hope you're well!

I've picked up an urgent freelance requirement for lead developers specialising in React & Node with an innovative organisation in Munich.

- Node/React app development
- Leading team of 5 fullstack devs
- Immediate start
- Competitive hourly rate
- 100% remote
- Initial 3 month contract with offer to extend long-term

Please can you let me know if you're interested/available?

Kind regards,
Jordan

Jordan Helps
Senior Consultant - SW Engineering, Cloud & DevOps - DE","INBOX","","No"
"2-M2Q4OGIyYzQtY2Q1Zi01MGFkLWEwOGQtMTJiYjU2ZTY3ODU5XzAxMw==","","Robert Schäfer","https://www.linkedin.com/in/roschaefer","Jamie Rogers","https://www.linkedin.com/in/thehuntr","2021-04-27 10:54:43 UTC","Vue Frontend - Predictive analytics product","Hey Jamie, thanks I again for the feedback. Today I learned ""I have too many professional interests, companies might feel intimidated""

 Besides that I wanted to ask you to please double-check with Actineo, if my explanation was right. To my understanding, they predict the compensation based on the medical data of the victim and that number will be compared with the claim (possibly used in court). It's better to talk first-hand with the company about their business model, not with a candidate ;)","INBOX","","No"
"2-M2Q4OGIyYzQtY2Q1Zi01MGFkLWEwOGQtMTJiYjU2ZTY3ODU5XzAxMw==","","Robert Schäfer","https://www.linkedin.com/in/roschaefer","Jamie Rogers","https://www.linkedin.com/in/thehuntr","2021-04-26 14:06:29 UTC","Vue Frontend - Predictive analytics product","Hey Jamie, I'm still waiting for a coding exercise from Actineo. I've mailed Florian but he doesn't respond. You maybe have more E-Mail addresses, could you ask them if the process is still running?","INBOX","","No"
"2-M2Q4OGIyYzQtY2Q1Zi01MGFkLWEwOGQtMTJiYjU2ZTY3ODU5XzAxMw==","","Robert Schäfer","https://www.linkedin.com/in/roschaefer","Jamie Rogers","https://www.linkedin.com/in/thehuntr","2021-03-25 10:46:23 UTC","Vue Frontend - Predictive analytics product","Wow, I'm wishing all the best for you and your young family! 👪","INBOX","","No"
"2-M2Q4OGIyYzQtY2Q1Zi01MGFkLWEwOGQtMTJiYjU2ZTY3ODU5XzAxMw==","","Jamie Rogers","https://www.linkedin.com/in/thehuntr","Robert Schäfer","https://www.linkedin.com/in/roschaefer","2021-03-24 14:46:58 UTC","Vue Frontend - Predictive analytics product","Thanks for the CV, looks great! I've reserved 4pm CET in my calendar tomorrow.

There is a small chance that between now and 4pm tomorrow I might have to stop working (girlfriend is pregnant and the baby is due any day now) so if that happens, I'll get a colleague of mine to take the call with you instead

Just an early heads-up so you are aware it's a sincere reason :p","INBOX","","No"
"2-M2Q4OGIyYzQtY2Q1Zi01MGFkLWEwOGQtMTJiYjU2ZTY3ODU5XzAxMw==","","Jamie Rogers","https://www.linkedin.com/in/thehuntr","Robert Schäfer","https://www.linkedin.com/in/roschaefer","2021-03-24 14:45:03 UTC","Vue Frontend - Predictive analytics product","Ah, thanks for flagging that - I usually distribute PDF files rather than website links and forgot to change my InMail signature...","INBOX","","No"
"2-M2Q4OGIyYzQtY2Q1Zi01MGFkLWEwOGQtMTJiYjU2ZTY3ODU5XzAxMw==","","Robert Schäfer","https://www.linkedin.com/in/roschaefer","Jamie Rogers","https://www.linkedin.com/in/thehuntr","2021-03-24 14:02:16 UTC","Vue Frontend - Predictive analytics product","Speaking of attachments.. In your message above you are mentioning an attachment, but I don't see any attachment. Just for your information","INBOX","","No"
"2-M2Q4OGIyYzQtY2Q1Zi01MGFkLWEwOGQtMTJiYjU2ZTY3ODU5XzAxMw==","","Robert Schäfer","https://www.linkedin.com/in/roschaefer","Jamie Rogers","https://www.linkedin.com/in/thehuntr","2021-03-24 14:01:11 UTC","Vue Frontend - Predictive analytics product","Here you go","INBOX","https://www.linkedin.com/dms/prv/vid/v2/C4E06AQH68AmSIqyzgw/messaging-attachmentFile/messaging-attachmentFile/0/1616594440303?m=AQIsS1aPPeHsBAAAAaA2Betm8PxPb-xc7t_nEk1M9x2KFIyxnbyqgvtA1w&ne=1&v=beta&t=kyOyUuHGc0GyfObQgmvAjZEi4TcdJE2kSeH3hVPSMl4","No"
"2-M2Q4OGIyYzQtY2Q1Zi01MGFkLWEwOGQtMTJiYjU2ZTY3ODU5XzAxMw==","","Jamie Rogers","https://www.linkedin.com/in/thehuntr","Robert Schäfer","https://www.linkedin.com/in/roschaefer","2021-03-24 13:59:35 UTC","Vue Frontend - Predictive analytics product","Super, let's go for a Zoom call then, here's my link:
https://us02web.zoom.us/j/2406032217?pwd=blBnekxSOXJKRHJmZmNqc0laWkpBZz09 

Also, do you have a CV you could share with me? It may save me asking some extra questions","INBOX","","No"
"2-M2Q4OGIyYzQtY2Q1Zi01MGFkLWEwOGQtMTJiYjU2ZTY3ODU5XzAxMw==","","Robert Schäfer","https://www.linkedin.com/in/roschaefer","Jamie Rogers","https://www.linkedin.com/in/thehuntr","2021-03-24 13:45:45 UTC","Vue Frontend - Predictive analytics product","Tomorrow, 4pm CET works for me.  I'm OK with any browser-based video-conferencing software. Some of the proprietary softwares don't like my operating system.","INBOX","","No"
"2-M2Q4OGIyYzQtY2Q1Zi01MGFkLWEwOGQtMTJiYjU2ZTY3ODU5XzAxMw==","","Jamie Rogers","https://www.linkedin.com/in/thehuntr","Robert Schäfer","https://www.linkedin.com/in/roschaefer","2021-03-24 13:43:35 UTC","Vue Frontend - Predictive analytics product","Great, how does 4pm CET work for you?

They will remain remote-first forever, 100% remote is now the default company policy","INBOX","","No"
"2-M2Q4OGIyYzQtY2Q1Zi01MGFkLWEwOGQtMTJiYjU2ZTY3ODU5XzAxMw==","","Robert Schäfer","https://www.linkedin.com/in/roschaefer","Jamie Rogers","https://www.linkedin.com/in/thehuntr","2021-03-24 13:39:24 UTC","Vue Frontend - Predictive analytics product","I am. Tomorrow afternoon I would be available. Forgot one question: What's the company's post-pandemic plan for remote work?","INBOX","","No"
"2-M2Q4OGIyYzQtY2Q1Zi01MGFkLWEwOGQtMTJiYjU2ZTY3ODU5XzAxMw==","","Jamie Rogers","https://www.linkedin.com/in/thehuntr","Robert Schäfer","https://www.linkedin.com/in/roschaefer","2021-03-24 13:36:38 UTC","Vue Frontend - Predictive analytics product","Hey Robert,
That is indeed Darwin's website and me hosting the conversation with the CTO and Head of HR from Actineo - their business model is quite complex so probably I can explain better in a conversation with you rather than message exchanges.

Are you available for a short talk sometime this week?","INBOX","","No"
"2-M2Q4OGIyYzQtY2Q1Zi01MGFkLWEwOGQtMTJiYjU2ZTY3ODU5XzAxMw==","","Robert Schäfer","https://www.linkedin.com/in/roschaefer","Jamie Rogers","https://www.linkedin.com/in/thehuntr","2021-03-24 13:32:37 UTC","Vue Frontend - Predictive analytics product","Hi Jamie, is that your website and are you yourself in the video? I watched the first one and I have 0 idea what the business model of Actineo is nor why they're looking for a VueJS developer - predictive analytics sounds very backend centric to me. Nevertheless, I would be interested, so feel free to tell me a little more about the role.","INBOX","","No"
"2-M2Q4OGIyYzQtY2Q1Zi01MGFkLWEwOGQtMTJiYjU2ZTY3ODU5XzAxMw==","","Jamie Rogers","https://www.linkedin.com/in/thehuntr","Robert Schäfer","https://www.linkedin.com/in/roschaefer","2021-03-24 08:27:21 UTC","Vue Frontend - Predictive analytics product","Robert,

You could be an interesting person to talk to about this Frontend role at Actineo GmbH, a business having real-world implications for real people.

- Up to €75,000 salary + 100% remote & flexi-hours
- Profitable, stable employer
- Modern Vue.js stack

We've put much more information about the role online here: www.darwinpartners.de 

Do you think it could be interesting?

Jamie

Open the PDF attached for more info!","INBOX","","No"
"2-ZmIzMjFhMjUtYWUxMC01MTVjLWFhMmEtNWI0ODNiYTljZDQ3XzAxMw==","","Edis Pfann","https://www.linkedin.com/in/edisgenc","Robert Schäfer","https://www.linkedin.com/in/roschaefer","2021-04-27 06:46:50 UTC","IU - Did someone say Team Lead Tech? :O","Hi Robert, ich hoffe Dir geht es gut! :) Du, ich habe Dir gestern eine Mail geschickt, hast du sie denn bekommen? :) Es geht um ein finales Interview heute um 16 Uhr. :) Kannst Du da teilnehmen? :) 

LG
Edis","INBOX","","No"
"2-ZmIzMjFhMjUtYWUxMC01MTVjLWFhMmEtNWI0ODNiYTljZDQ3XzAxMw==","","Edis Pfann","https://www.linkedin.com/in/edisgenc","Robert Schäfer","https://www.linkedin.com/in/roschaefer","2021-04-15 13:31:08 UTC","IU - Did someone say Team Lead Tech? :O","Hi Robert, 

perfekt - der 16.04.21 ist geblockt für Dich! :) LG Edis","INBOX","","No"
"2-ZmIzMjFhMjUtYWUxMC01MTVjLWFhMmEtNWI0ODNiYTljZDQ3XzAxMw==","","Robert Schäfer","https://www.linkedin.com/in/roschaefer","Edis Pfann","https://www.linkedin.com/in/edisgenc","2021-04-12 19:20:04 UTC","IU - Did someone say Team Lead Tech? :O","Ja, habe ich!

> Liebe Edis,
>
> heute nachmittag war ich gar nicht mehr am Rechner und hab meine E-Mails nicht mehr gelesen.
>
> Dann würde ich den Termin am 16.04.2021 nehmen. Mikro und Kamera sollten funktionieren. Ich freue mich auch!
>
> Viele Grüße
> Robert","INBOX","","No"
"2-ZmIzMjFhMjUtYWUxMC01MTVjLWFhMmEtNWI0ODNiYTljZDQ3XzAxMw==","","Edis Pfann","https://www.linkedin.com/in/edisgenc","Robert Schäfer","https://www.linkedin.com/in/roschaefer","2021-04-12 14:21:28 UTC","IU - Did someone say Team Lead Tech? :O","Hellooo :) Ich hab Dir ne Mail geschickt mit zwei Terminvorschlägen :) fyi - hast Du die Mail bekommen? ","INBOX","","No"
"2-ZmIzMjFhMjUtYWUxMC01MTVjLWFhMmEtNWI0ODNiYTljZDQ3XzAxMw==","","Edis Pfann","https://www.linkedin.com/in/edisgenc","Robert Schäfer","https://www.linkedin.com/in/roschaefer","2021-04-12 12:46:38 UTC","IU - Did someone say Team Lead Tech? :O","perfekt! Danke dir!! :) ","INBOX","","No"
"2-ZmIzMjFhMjUtYWUxMC01MTVjLWFhMmEtNWI0ODNiYTljZDQ3XzAxMw==","","Robert Schäfer","https://www.linkedin.com/in/roschaefer","Edis Pfann","https://www.linkedin.com/in/edisgenc","2021-04-12 12:41:05 UTC","IU - Did someone say Team Lead Tech? :O","das .pdf enthält Verlinkungen in dieses Internet","INBOX","","No"
"2-ZmIzMjFhMjUtYWUxMC01MTVjLWFhMmEtNWI0ODNiYTljZDQ3XzAxMw==","","Robert Schäfer","https://www.linkedin.com/in/roschaefer","Edis Pfann","https://www.linkedin.com/in/edisgenc","2021-04-12 12:40:01 UTC","IU - Did someone say Team Lead Tech? :O","mail@roschaefer.de","INBOX","https://www.linkedin.com/dms/prv/vid/v2/C4E06AQEgo4A5vyzLWA/messaging-attachmentFile/messaging-attachmentFile/0/1618231194163?m=AQJQw2x2MSnnGQAAAaA2BetpgLkaZbFwuakFKsvQAxrGhvmplQ9ijE10yw&ne=1&v=beta&t=x5tBgEKB_3c6kr-Jod7SNTZakiKIGe7WBjMTjG9Zzdc","No"
"2-ZmIzMjFhMjUtYWUxMC01MTVjLWFhMmEtNWI0ODNiYTljZDQ3XzAxMw==","","Edis Pfann","https://www.linkedin.com/in/edisgenc","Robert Schäfer","https://www.linkedin.com/in/roschaefer","2021-04-12 07:14:28 UTC","IU - Did someone say Team Lead Tech? :O","Hi Robert, 

sehr cool! Dann telefonieren wir heute um 14 Uhr! :) Anbei meine Nummer, unter der Du mich später erreichen kannst: +49 173 7530816. 

Ich freue mich auf unser Gespräch! :) 

Liebe Grüße
Edis","INBOX","","No"
"2-ZmIzMjFhMjUtYWUxMC01MTVjLWFhMmEtNWI0ODNiYTljZDQ3XzAxMw==","","Robert Schäfer","https://www.linkedin.com/in/roschaefer","Edis Pfann","https://www.linkedin.com/in/edisgenc","2021-04-10 12:37:07 UTC","IU - Did someone say Team Lead Tech? :O","Dann lass uns doch mal telefonieren, wie wär's mit Montag 14:00?","INBOX","","No"
"2-ZmIzMjFhMjUtYWUxMC01MTVjLWFhMmEtNWI0ODNiYTljZDQ3XzAxMw==","","Edis Pfann","https://www.linkedin.com/in/edisgenc","Robert Schäfer","https://www.linkedin.com/in/roschaefer","2021-04-09 12:29:46 UTC","IU - Did someone say Team Lead Tech? :O","Hi Robert, 

ich freu mich über deine Antwort! :) Es geht hier hauptsächlich um eine Team Lead-Funktion in der Software-Entwicklung. Das heißt, du hättest disziplinarische Führungsverantwortung und würdest tatsächlich selber auch noch entwickeln. Gleichzeitig, da wir seniorige Entwickler suchen, soll diese Person durch die eigene Erfahrung die anderen  Kollegen/innen coachen können. Wenn du dann auch noch Lust hast, beispielsweises Online-Kurse im IT-Bereich zu halten, kann man da sicher ebenfalls was machen. Sind ja schließlich eine Uni. :) 

Wenn du willst, können wir nächste Woche auch mal telefonieren dazu. :) 
Gib mir doch einfach Bescheid! :) 

Liebe Grüße und ein schönes Wochenende
Edis","INBOX","","No"
"2-ZmIzMjFhMjUtYWUxMC01MTVjLWFhMmEtNWI0ODNiYTljZDQ3XzAxMw==","","Robert Schäfer","https://www.linkedin.com/in/roschaefer","Edis Pfann","https://www.linkedin.com/in/edisgenc","2021-04-08 14:44:32 UTC","IU - Did someone say Team Lead Tech? :O","Hallo Edis, was wären denn meine Aufgaben: Geht es um eine Dozententätigkeit oder eine Entwicklertätigkeit?","INBOX","","No"
"2-ZmIzMjFhMjUtYWUxMC01MTVjLWFhMmEtNWI0ODNiYTljZDQ3XzAxMw==","","Edis Pfann","https://www.linkedin.com/in/edisgenc","Robert Schäfer","https://www.linkedin.com/in/roschaefer","2021-04-08 13:52:52 UTC","IU - Did someone say Team Lead Tech? :O","Hello und einen schönen Donnerstag Nachmittag schon einmal :) 👋

ich möchte Dich hier mit der Nachricht nicht erschlagen, aber hast Du schon einmal von der internationalen Hochschule, der IU, gehört? 

Auf Kununu.de ist sie deutschlandweit als bester Arbeitgeber im Sektor Bildung gekürt worden und als die größte private Hochschule Deutschlands sehr bekannt. 

Man kann uns als ein modernes, offenes und dynamisches Unternehmen beschreiben, in dem vor allem das Team im Vordergrund steht! Unter anderem wurde uns die „Great Place to Work“ Zertifizierung verliehen, denn bei uns muss man nicht perfekt sein – Authentizität, Passion und der Drang nach Wissen stehen bei uns an erster Stelle. 

Da wir einen Team Lead Tech (m/w/d) an unserem Standort in München oder wahlweise deutschlandweit remote suchen und Deine Kenntnisse sehr gut auf unsere Stelle passen, habe ich Dich einfach einmal angeschrieben. 

Falls Du auch einmal ein paar Gesichter aus unserer IT-Family sehen möchtest und hören willst, was sie dazu zu sagen haben, hier ein kleines Video für Dich: 
https://bit.ly/3rjTk0L

Falls Dich die Position als Festanstellung bei uns interessiert, dann melde Dich sehr gerne! 

Liebe Grüße und ein hoffentlich nicht zu wildes Aprilwetter! :)

Edis Genc
Recruiting Specialist bei IU Internationale Hochschule","INBOX","","No"
"2-OWRkM2VlMmEtNDExZi01NzAwLThjYWYtYjU1YjYyNDY2ODg2XzAxMg==","","Robert Schäfer","https://www.linkedin.com/in/roschaefer","Lisa Julia G.","https://www.linkedin.com/in/lisa-julia-gargulinska","2021-04-21 10:20:29 UTC","Neue Karrieremöglichkeit - FullStack Developer","Liebe Liza,
leider bin ich nicht der Richtige für diese Position. Ich bin JavaScript Entwickler, kein Java-Entwickler. Hier wird der Unterschied zwischen Java und JavaScript erklärt: https://stackoverflow.com/a/245068/2069431
","INBOX","","No"
"2-OWRkM2VlMmEtNDExZi01NzAwLThjYWYtYjU1YjYyNDY2ODg2XzAxMg==","","Lisa Julia G.","https://www.linkedin.com/in/lisa-julia-gargulinska","Robert Schäfer","https://www.linkedin.com/in/roschaefer","2021-04-21 10:17:27 UTC","Neue Karrieremöglichkeit - FullStack Developer","Guten Tag Robert,

ich hoffe Ihnen geht es gut. Mein Name ist Liza Julia und ich bin von dem Talent Sourcing Team - ManpowerGroup. Ich suche derzeit für meinen Kunden, den weltweit größten Dienstleister im Bereich der Unternehmens- und Strategieberatung nach einem Fullstack Developer mit Erfahrung in: 

• Entwicklung von (Web-)Anwendungen auf Basis von Java, Java EE etc.
• Kreierung von innovativen Konzepten und implementierung der finalen Software-Lösung
• Im Projektverlauf führen Siedie Workshops mit den Entscheidungsträgern durch
• Agiles arbeiten

Auf Ihrem Profil kann ich sehen, dass Sie bereits Erfahrung in diesen Bereichen gesammelt haben. Vielleicht könnte eine neue berufliche Herausforderung bei unserem Kunden genau das richtige für Sie sein? 

Falls Sie: 
• Deutsch mindestens B2 sprechen 
• remotely arbeiten möchten, aber nach COVID Projektbezogend Reisebereit sind

dann schicken Sie mir bitte Ihren Lebenslauf hier per Linkedin - ich wede Ihnen mehrere Details mitteilen. 

schöne Grüße,

Liza Julia Gargulinska
Senior Talent Acquisition Specialist @ManpowerGroup","INBOX","","No"
"2-N2UyYzdjMDktOWJkYS01YmNkLWI3MzQtMzk2NWQ3NzVhYWMwXzAxMw==","","Robert Schäfer","https://www.linkedin.com/in/roschaefer","Zoë Hendrika","https://www.linkedin.com/in/zoehendrika","2021-04-20 11:17:20 UTC","Lead TypeScript and Node Role at Stealth Healthcare Startup in Berlin","Hi Zoë, I'm sorry but I just had a couple of negative experiences with external recruiters, so I want to focus on internal recruiters (working at the company they're hiring for). Do you know if there is a button to show that on LinkedIn?","INBOX","","No"
"2-N2UyYzdjMDktOWJkYS01YmNkLWI3MzQtMzk2NWQ3NzVhYWMwXzAxMw==","","Zoë Hendrika","https://www.linkedin.com/in/zoehendrika","Robert Schäfer","https://www.linkedin.com/in/roschaefer","2021-04-20 11:13:49 UTC","Lead TypeScript and Node Role at Stealth Healthcare Startup in Berlin","Hi Robert,

I hope you're well.

I'm currently working exclusively with a fast growing Healthcare Startup currently in stealth mode who are looking for a TypeScript and Node expert to help build the platform and grow the team in Berlin as they expand following significant VC funding.

Might such a role be of interest? If so what's the best number to connect on?

If you're after a less senior role or a different stack what would be of interest so I can make sure to tell you about the right opportunities as I have some remote positions also.

Best regards
Zoe

Zoe Hendrika
Director at HiTalent","INBOX","","No"
"2-YzdiODNjZjktZjI0Mi01NDU3LWI1N2EtZTU0NmFkZmZkMzMwXzAxMw==","","Robert Schäfer","https://www.linkedin.com/in/roschaefer","Max D","https://www.linkedin.com/in/max-d-72869a101","2021-04-20 10:17:07 UTC","2 AWESOME Frontend React Opportunities - Remote","Hey Max, in fact I don't have professional experience with React, React Native is listed under my interests. Furthermore I start to believe it would be wise to accept offers from internal recruiters only. So, no, I think someone else would be a better fit for this role","INBOX","","No"
"2-YzdiODNjZjktZjI0Mi01NDU3LWI1N2EtZTU0NmFkZmZkMzMwXzAxMw==","","Max D","https://www.linkedin.com/in/max-d-72869a101","Robert Schäfer","https://www.linkedin.com/in/roschaefer","2021-04-20 10:09:12 UTC","2 AWESOME Frontend React Opportunities - Remote","Hi Robert,

I've checked out your profile and think your React experience could make you a great fit 2 roles I am hiring for.

I understand you may not be open to opportunities, but just wanted to make as I have representing 2 amazing companies who are building their React teams!

We recently placed a Front End React developer at one of them who said after his final interview ""it already feels like home"".

One is an award winning tech start up who are now going through hyper growth due to huge success of their product which focuses on AI and Cloud technologies.

The second company is a growing Fintech company with a platform already worth 2bn €

They both have a young, fun and dynamic culture that centres on collaboration, learning and pushing boundaries!

• Location: REMOTE -they do have a new office in Cologne/Munich but you can be fully remote

• Salary: Flexible - based on your experience and skills

• Experience you need: Solid React JS skills

• Technologies the team use: React, Javascript, API's, Python, Docker, Kubernetes, Microservices, RabbitMQ, Airflow, ETL, AWS

• Team size: 25 & 200

I like the look of your profile and skills and think it could be a great match, so if you’d like to hear more details please let me know and we can schedule in a call!

If you’re not interested please let me know too 😊

Thanks

Max Davey ☁
Helping Start-ups scale their DevOps and Software Engineering Teams🚀","INBOX","","No"
"2-MmNlMzBmZWYtY2I3Ni01NjkzLWFiYjItM2NhYmE0NDE5ZDllXzAxMw==","","Calvin David","https://www.linkedin.com/in/calvinpropel","Robert Schäfer","https://www.linkedin.com/in/roschaefer","2021-04-19 15:58:53 UTC","✔ New Contract Role - Golang - Remote - Video Intro","meet.google.com/bvf-djtn-kcb","INBOX","","No"
"2-MmNlMzBmZWYtY2I3Ni01NjkzLWFiYjItM2NhYmE0NDE5ZDllXzAxMw==","","Calvin David","https://www.linkedin.com/in/calvinpropel","Robert Schäfer","https://www.linkedin.com/in/roschaefer","2021-04-19 15:58:50 UTC","✔ New Contract Role - Golang - Remote - Video Intro","Perfect :) See you tomorrow!","INBOX","","No"
"2-MmNlMzBmZWYtY2I3Ni01NjkzLWFiYjItM2NhYmE0NDE5ZDllXzAxMw==","","Robert Schäfer","https://www.linkedin.com/in/roschaefer","Calvin David","https://www.linkedin.com/in/calvinpropel","2021-04-19 15:47:32 UTC","✔ New Contract Role - Golang - Remote - Video Intro","Tomorrow at 1pm CEST  and a browser-based video call would be great","INBOX","","No"
"2-MmNlMzBmZWYtY2I3Ni01NjkzLWFiYjItM2NhYmE0NDE5ZDllXzAxMw==","","Calvin David","https://www.linkedin.com/in/calvinpropel","Robert Schäfer","https://www.linkedin.com/in/roschaefer","2021-04-19 15:43:50 UTC","✔ New Contract Role - Golang - Remote - Video Intro","Awesome! What is the best time and contact number  for you tomorrow? ","INBOX","","No"
"2-MmNlMzBmZWYtY2I3Ni01NjkzLWFiYjItM2NhYmE0NDE5ZDllXzAxMw==","","Robert Schäfer","https://www.linkedin.com/in/roschaefer","Calvin David","https://www.linkedin.com/in/calvinpropel","2021-04-19 15:41:39 UTC","✔ New Contract Role - Golang - Remote - Video Intro","OK, fine, I'm ready to give it a try. We can have a phone call tomorrow, if you like.","INBOX","","No"
"2-MmNlMzBmZWYtY2I3Ni01NjkzLWFiYjItM2NhYmE0NDE5ZDllXzAxMw==","","Calvin David","https://www.linkedin.com/in/calvinpropel","Robert Schäfer","https://www.linkedin.com/in/roschaefer","2021-04-19 15:16:50 UTC","✔ New Contract Role - Golang - Remote - Video Intro","Hey Robert - short video  to give you a little more info https://app.hint.video/AKQYLv

Let me know when you are free to discuss!","INBOX","","No"
"2-MmNlMzBmZWYtY2I3Ni01NjkzLWFiYjItM2NhYmE0NDE5ZDllXzAxMw==","","Calvin David","https://www.linkedin.com/in/calvinpropel","Robert Schäfer","https://www.linkedin.com/in/roschaefer","2021-04-19 08:15:09 UTC","✔ New Contract Role - Golang - Remote - Video Intro","Hi Robert, great to hear from you - I apologise I believe I sent you the wrong message - the team are looking for Golang and Ruby engineers to join the tea,. Would you be interested in a Ruby position - also full stack positions are attractive for them!","INBOX","","No"
"2-MmNlMzBmZWYtY2I3Ni01NjkzLWFiYjItM2NhYmE0NDE5ZDllXzAxMw==","","Robert Schäfer","https://www.linkedin.com/in/roschaefer","Calvin David","https://www.linkedin.com/in/calvinpropel","2021-04-17 15:43:10 UTC","✔ New Contract Role - Golang - Remote - Video Intro","Hey Calvin, with that information I don't know much about the role except that it requires a Golang developer, so I would rather say that someone else who comes from a Go background would be a better fit.","INBOX","","No"
"2-MmNlMzBmZWYtY2I3Ni01NjkzLWFiYjItM2NhYmE0NDE5ZDllXzAxMw==","","Calvin David","https://www.linkedin.com/in/calvinpropel","Robert Schäfer","https://www.linkedin.com/in/roschaefer","2021-04-15 16:40:52 UTC","✔ New Contract Role - Golang - Remote - Video Intro","Hi Robert, 

I hope you are well.

https://app.hint.video/2VB6xb

Above is a link to a video giving you details of a new Contract Opportunity that I think you look great for and I hope you find interesting!

Overview in case the video is not for you:

Role: Software Engineer - Golang
Duration: 12-18 Months + Extensions
Location: Remote
Rate: Competitive

If you are available for a new and exciting contract with an organisation that are having a huge impact, please let me know when you are free for a call and we can start the process.

Looking forward to hearing from you :-)

Calvin David
Senior Consultant  at Initi8 Recruitment","INBOX","","No"
"2-ZjA1NzE5NWItMjc3ZS01NTFkLTk2NTQtOWIyY2ZmMTk5Y2UyXzAxMg==","","Aruna Sharma","https://www.linkedin.com/in/aruna-sharma-70544b55","Robert Schäfer","https://www.linkedin.com/in/roschaefer","2021-04-19 15:53:02 UTC","New Full time Position for Full Stack Developer in Berlin.","I am managing the internal recruitment of the Adecco Group. I took a glance at your profile and we do have a current opening which might suit your interest multiple open role for Full Stack Developer in Berlin.
 	Minimum 3 years of commercial experience with Node JS and React.
https://careers.adeccogroup.com/job/berlin/front-end-and-full-stack-developer/22630/4601008528
 	Minimum 3 to 6 years of commercial experience as Full-stack Developer or similar role along with JavaScript. Experience with OO languages like C++, C#, Python as well as JS or similar scripting language.
https://careers.adeccogroup.com/job/berlin/full-stack-developer/22630/5242628144

If you are interested, please contact me directly or apply on our website. Or share me your CV at Aruna.Sharma@pontoonsolutions.com.

Kind regards 
Aruna Sharma
Sr.Recruiter - Adecco Group AG Headquarter
Email :-  Aruna.Sharma@pontoonsolutions.com","INBOX","","No"
"2-NzdlNzliODQtNGY0Ni00OWY3LTg1ZmUtNTY5MWE2NGFhMzM1XzAxMg==","Neue Technologien leben - Low Code","Anna-Maria Meichsner","https://www.linkedin.com/in/anna-maria-meichsner-b9206391","Robert Schäfer","https://www.linkedin.com/in/roschaefer","2021-04-19 14:40:36 UTC","Neue Technologien leben - Low Code","Hallo Robert,

ich bin auf dein sympathisches Profil gestoßen! Keine Sorge ich bin kein Kopfgeldjäger, sondern möchte dir einen Karriere-Floh ins Ohr setzen :) 

Wir sind Scopeland ein innovatives Softwareunternehmen aus Berlin und für den weiteren Ausbau unserer Projektabteilung in Bonn suchen wir einen kreativen Kopf. Deine Arbeit kannst du dabei ganz bequem von zuhause erledigen, denn eine remote-Arbeit ist bei uns möglich. 

Aufgrund deines erfolgreich abgeschlossenen Studiums Computer Science sowie deinen hervorragenden Berufserfahrungen u. a. bei tactile.news gepaart mit deinen Kenntnissen im Web Development bist du der Kollege, den wir uns für unser Team wünschen.

Damit du einen kleinen Eindruck von unserer Arbeit bekommst, hier einen Link zu einem Artikel der Computerwoche, der sich mit einem unserer Großprojekte beschäftigt. 
https://www.computerwoche.de/a/low-code-fuer-ein-fischerei-management-system,3546273

Klingt spannend für dich? Gerne können wir uns telefonisch austauschen. Unter der Nummer +49 (171) 38 60 565 kannst du mich prima erreichen. 

Ich freue mich auf deine Rückmeldung und hoffe, dass du gut in die neue Woche gestartet bist?!

Lieben Gruß aus Berlin

Anna-Maria Meichsner
Human Resources Manager 
030 209 670 147
ameichsner@scopeland.de
https://www.scopeland.de/transparenzerklaerung","INBOX","","No"
"2-OGVlZDdkMmQtYmM5My01N2Y2LTgzOWQtOWUxMjI1M2MyZWY0XzAxMg==","","Robert Schäfer","https://www.linkedin.com/in/roschaefer","Laura Watermann","https://www.linkedin.com/in/laura-watermann-859766138","2021-04-19 10:05:19 UTC","Offen für Jobangebote","Hi Robert, 

Vielen Dank für die Zusendung deines CV und deine Geduld. Wie ich von Laura erfahren habe, hat sie dir dein Profil  bereits geschickt. Schön, dass das geklappt hat.

Bezüglich des weiteren Prozesses habe ich nun auch konkrete Neuigkeiten für dich. Nach interner Beratung sind wir hier leider zu dem Schluss gekommen, dass wir  unseren gemeinsamen Weg an dieser Stelle nicht fortsetzen möchten. Trotz deiner beeindruckenden Fachkenntnisse und deiner Erfahrung glauben wir, dass unsere Arbeitsweisen unglücklicherweise nicht kompatibel sind und du in einer Entwickler-Position bei uns, so wie wir sie dir bieten können, nicht zufrieden sein würdest. Weiteres Feedback hierzu kann dir auch Laura gerne geben. 

Dennoch möchten wir uns sehr herzlich bei dir für deine Zeit und die vielen spannenden Impulse bedanken. 
Wir wünschen dir für deine Zukunft alles, alles Gute - beruflich wie privat! 

Viele Grüße

Friederike Pekel","INBOX","","No"
"2-OGVlZDdkMmQtYmM5My01N2Y2LTgzOWQtOWUxMjI1M2MyZWY0XzAxMg==","","Robert Schäfer","https://www.linkedin.com/in/roschaefer","Laura Watermann","https://www.linkedin.com/in/laura-watermann-859766138","2021-04-19 10:00:00 UTC","Offen für Jobangebote","HHallo Laura, ticketio haben sich gemeldet und mir abgesagt. Sie haben mir geschrieben, dass ich mir genaueres Feedback von dir einholen kann. Weißt du da mehr?","INBOX","","No"
"2-OGVlZDdkMmQtYmM5My01N2Y2LTgzOWQtOWUxMjI1M2MyZWY0XzAxMg==","","Laura Watermann","https://www.linkedin.com/in/laura-watermann-859766138","Robert Schäfer","https://www.linkedin.com/in/roschaefer","2021-04-16 15:12:27 UTC","Offen für Jobangebote","Hallo Robert,

danke dir dafür! Das werde ich auf jeden Fall ändern.

Wie viel auch einfach von meiner Seite aus falsch beschrieben wird. Ich werde zukünftig die Profile an die Entwickler schicken die ich betreue. Damit die Entwickler das jeweilige  Profil verbessern können. Du bist aber wirklich gesagt der erste der mich dies je gefragt hat.

Ich hätte auch vorgeschlagen, dass wir an der Stelle erst einmal abwarten. Ich bin gespannt!

Ich wünsche dir ein schönes Wochenende  :)","INBOX","","No"
"2-OGVlZDdkMmQtYmM5My01N2Y2LTgzOWQtOWUxMjI1M2MyZWY0XzAxMg==","","Robert Schäfer","https://www.linkedin.com/in/roschaefer","Laura Watermann","https://www.linkedin.com/in/laura-watermann-859766138","2021-04-16 14:15:21 UTC","Offen für Jobangebote","Ansonsten würde ich vorschlagen, dass wir es nach der European Clearance Group erstmal dabei belassen. Ich bin in meinen anderen Bewerbungsprozessen nämlich schon recht fortgeschritten.","INBOX","","No"
"2-OGVlZDdkMmQtYmM5My01N2Y2LTgzOWQtOWUxMjI1M2MyZWY0XzAxMg==","","Robert Schäfer","https://www.linkedin.com/in/roschaefer","Laura Watermann","https://www.linkedin.com/in/laura-watermann-859766138","2021-04-16 14:11:14 UTC","Offen für Jobangebote","Hallo Laura,

ich habe mir das .pdf mal durchgelesen und mir fallen zwei Dinge besonders ins Auge, die geändert werden müssen:

1) ""Für Ihn ist Geld nicht wichtig [..]""
Bitte rausnehmen. Ich würde das niemals schreiben, wenn ich mich selber bewerbe. Es ist auch nicht korrekt: Aktuell möchte ich mein Gehalt verbessern.

2) Die Übersetzung auf Englisch.
Dafür hat sich die Anfrage gelohnt. Ich wäre nie auf die Idee gekommen, dass mein CV bzw. mein LinkedIn-Profil auf Deutsch übersetzt wird. Hier sind ein paar Korrekturen der Übersetzung:
- ""ArchLinux, Fish Shell,SwayWM"" müssen raus, das sind Programme auf meinem eigenen Laptop (irrelevant).
- ""Er favorisiert die Programmiersprachen JavaScript/TypeScript, Ruby, Golang""
- ""Freies, Open-Source und Soziales Netzwerk für zivilgesellschaftliches Engagement""
- ""Programmierkurse für mehr Diversität in der IT-Branche""
- ""Rapid Prototype"" ist ein Fachwort und muss nicht übersetzt werden
- ""Entwicklung einer Webanwendung für Funktionäre, Schiedsrichter und Trainer.""

Prozessverbesserung: Einfach das anonymisierte .pdf an die Kandidaten vorab schicken, dann fällt sowas gleich auf.","INBOX","","No"
"2-OGVlZDdkMmQtYmM5My01N2Y2LTgzOWQtOWUxMjI1M2MyZWY0XzAxMg==","","Laura Watermann","https://www.linkedin.com/in/laura-watermann-859766138","Robert Schäfer","https://www.linkedin.com/in/roschaefer","2021-04-15 13:36:38 UTC","Offen für Jobangebote","Achsoooo ""fruchtbar"", ich habe einfach furchtbar gelesen xDDDD
Das freut mich natürlich. Habt Ihr denn schon ein zweites Gespräch ausgemacht?
","INBOX","","No"
"2-OGVlZDdkMmQtYmM5My01N2Y2LTgzOWQtOWUxMjI1M2MyZWY0XzAxMg==","","Robert Schäfer","https://www.linkedin.com/in/roschaefer","Laura Watermann","https://www.linkedin.com/in/laura-watermann-859766138","2021-04-15 13:24:26 UTC","Offen für Jobangebote","die beiden haben sich gefreut, es ist etwas Gutes :D","INBOX","","No"
"2-OGVlZDdkMmQtYmM5My01N2Y2LTgzOWQtOWUxMjI1M2MyZWY0XzAxMg==","","Robert Schäfer","https://www.linkedin.com/in/roschaefer","Laura Watermann","https://www.linkedin.com/in/laura-watermann-859766138","2021-04-15 13:23:08 UTC","Offen für Jobangebote","""fruchtbar""! also es hat Früchte getragen. Damit meine ich, dass ich den beiden viel Wissen schonmal mitgegeben habe. Unabhängig davon, ob es zu einer Anstellung kommt.","INBOX","","No"
"2-OGVlZDdkMmQtYmM5My01N2Y2LTgzOWQtOWUxMjI1M2MyZWY0XzAxMg==","","Laura Watermann","https://www.linkedin.com/in/laura-watermann-859766138","Robert Schäfer","https://www.linkedin.com/in/roschaefer","2021-04-15 13:07:25 UTC","Offen für Jobangebote","Hallo Robert,
oh okay. Was hast du denn so als furchtbar empfunden?
Und meine nächste Frage wäre, warum du ein weiteres Gespräch dort wahrnehmen möchtest, wenn es so furchtbar gewesen ist?

Oder habe ich vielleicht etwas falsch verstanden?
Wann wäre das nächste Gespräch denn?

","INBOX","","No"
"2-OGVlZDdkMmQtYmM5My01N2Y2LTgzOWQtOWUxMjI1M2MyZWY0XzAxMg==","","Robert Schäfer","https://www.linkedin.com/in/roschaefer","Laura Watermann","https://www.linkedin.com/in/laura-watermann-859766138","2021-04-15 12:55:52 UTC","Offen für Jobangebote","Hey Laura, wie versprochen ein kurzes Feedback: Ich fand das Gespräch sehr fruchtbar, ich glaube, dass ich Christian und Friederike sehr viel Input schonmal geben konnte (sogar unabhängig vom Bewerbungsprozess). Ich werde die direkten Kollegen im nächsten Gespräch kennenlernen. Leider habe ich um 15:00 schon einen Termin, ich hoffe, das ist als Feedback soweit OK?","INBOX","","No"
"2-OGVlZDdkMmQtYmM5My01N2Y2LTgzOWQtOWUxMjI1M2MyZWY0XzAxMg==","","Robert Schäfer","https://www.linkedin.com/in/roschaefer","Laura Watermann","https://www.linkedin.com/in/laura-watermann-859766138","2021-04-09 13:47:22 UTC","Offen für Jobangebote","mail@roschaefer.de","INBOX","https://www.linkedin.com/dms/prv/vid/v2/C4E06AQF7gv_KNSdKtQ/messaging-attachmentFile/messaging-attachmentFile/0/1617976037214?m=AQLBz7cfCf5-IQAAAaA2BetXMecAdiCxCGFFeOAujYS4-l0iTjGMhvZCqg&ne=1&v=beta&t=ThlawPSuZGrrBVRRnVRfH3OWcGu2Z4OYbAEB7mGabLg","No"
"2-OGVlZDdkMmQtYmM5My01N2Y2LTgzOWQtOWUxMjI1M2MyZWY0XzAxMg==","","Robert Schäfer","https://www.linkedin.com/in/roschaefer","Laura Watermann","https://www.linkedin.com/in/laura-watermann-859766138","2021-04-09 13:03:18 UTC","Offen für Jobangebote","kann losgehen!","INBOX","","No"
"2-OGVlZDdkMmQtYmM5My01N2Y2LTgzOWQtOWUxMjI1M2MyZWY0XzAxMg==","","Laura Watermann","https://www.linkedin.com/in/laura-watermann-859766138","Robert Schäfer","https://www.linkedin.com/in/roschaefer","2021-04-09 13:02:11 UTC","Offen für Jobangebote","Ich rufe einfach nochmal um 15.15 uhr an ","INBOX","","No"
"2-OGVlZDdkMmQtYmM5My01N2Y2LTgzOWQtOWUxMjI1M2MyZWY0XzAxMg==","","Laura Watermann","https://www.linkedin.com/in/laura-watermann-859766138","Robert Schäfer","https://www.linkedin.com/in/roschaefer","2021-04-09 13:02:01 UTC","Offen für Jobangebote","Ja klar doch :)","INBOX","","No"
"2-OGVlZDdkMmQtYmM5My01N2Y2LTgzOWQtOWUxMjI1M2MyZWY0XzAxMg==","","Laura Watermann","https://www.linkedin.com/in/laura-watermann-859766138","Robert Schäfer","https://www.linkedin.com/in/roschaefer","2021-04-09 13:01:08 UTC","Offen für Jobangebote","Hallo Robert, 

ich habe dich soeben probiert anzurufen, leider ohne Erfolg.

Vielleicht magst du mich zurück rufen sofern du kannst :)","INBOX","","No"
"2-OGVlZDdkMmQtYmM5My01N2Y2LTgzOWQtOWUxMjI1M2MyZWY0XzAxMg==","","Robert Schäfer","https://www.linkedin.com/in/roschaefer","Laura Watermann","https://www.linkedin.com/in/laura-watermann-859766138","2021-04-09 13:00:43 UTC","Offen für Jobangebote","hey kannst du mir noch ein paar Minuten geben?","INBOX","","No"
"2-OGVlZDdkMmQtYmM5My01N2Y2LTgzOWQtOWUxMjI1M2MyZWY0XzAxMg==","","Laura Watermann","https://www.linkedin.com/in/laura-watermann-859766138","Robert Schäfer","https://www.linkedin.com/in/roschaefer","2021-04-08 11:53:55 UTC","Offen für Jobangebote","Ok super! Dann rufe ich dich um 15 Uhr morgen an :))))","INBOX","","No"
"2-OGVlZDdkMmQtYmM5My01N2Y2LTgzOWQtOWUxMjI1M2MyZWY0XzAxMg==","","Robert Schäfer","https://www.linkedin.com/in/roschaefer","Laura Watermann","https://www.linkedin.com/in/laura-watermann-859766138","2021-04-08 11:53:28 UTC","Offen für Jobangebote","Dann freue ich mich auf morgen","INBOX","","No"
"2-OGVlZDdkMmQtYmM5My01N2Y2LTgzOWQtOWUxMjI1M2MyZWY0XzAxMg==","","Robert Schäfer","https://www.linkedin.com/in/roschaefer","Laura Watermann","https://www.linkedin.com/in/laura-watermann-859766138","2021-04-08 11:53:00 UTC","Offen für Jobangebote","na gut +4915110793987","INBOX","","No"
"2-OGVlZDdkMmQtYmM5My01N2Y2LTgzOWQtOWUxMjI1M2MyZWY0XzAxMg==","","Laura Watermann","https://www.linkedin.com/in/laura-watermann-859766138","Robert Schäfer","https://www.linkedin.com/in/roschaefer","2021-04-08 11:51:39 UTC","Offen für Jobangebote","Hallo Robert, ich telefoniere ausschließlich xD Dann lass und gerne 15 Uhr sagen. Unter welcher Nummer kann ich dich dann am besten erreichen?","INBOX","","No"
"2-OGVlZDdkMmQtYmM5My01N2Y2LTgzOWQtOWUxMjI1M2MyZWY0XzAxMg==","","Robert Schäfer","https://www.linkedin.com/in/roschaefer","Laura Watermann","https://www.linkedin.com/in/laura-watermann-859766138","2021-04-08 11:49:13 UTC","Offen für Jobangebote","Am Liebsten per browserbasierter Videokonferenz. Du kannst mir gerne einfach einen Link zuschicken","INBOX","","No"
"2-OGVlZDdkMmQtYmM5My01N2Y2LTgzOWQtOWUxMjI1M2MyZWY0XzAxMg==","","Robert Schäfer","https://www.linkedin.com/in/roschaefer","Laura Watermann","https://www.linkedin.com/in/laura-watermann-859766138","2021-04-08 11:47:53 UTC","Offen für Jobangebote","15 Uhr","INBOX","","No"
"2-OGVlZDdkMmQtYmM5My01N2Y2LTgzOWQtOWUxMjI1M2MyZWY0XzAxMg==","","Laura Watermann","https://www.linkedin.com/in/laura-watermann-859766138","Robert Schäfer","https://www.linkedin.com/in/roschaefer","2021-04-08 11:43:37 UTC","Offen für Jobangebote","Ok super :) Wann passt es dir am besten? Bei mir passt es um 10 Uhr oder 15 Uhr gut.","INBOX","","No"
"2-OGVlZDdkMmQtYmM5My01N2Y2LTgzOWQtOWUxMjI1M2MyZWY0XzAxMg==","","Robert Schäfer","https://www.linkedin.com/in/roschaefer","Laura Watermann","https://www.linkedin.com/in/laura-watermann-859766138","2021-04-08 11:37:52 UTC","Offen für Jobangebote","Joa können wir machen","INBOX","","No"
"2-OGVlZDdkMmQtYmM5My01N2Y2LTgzOWQtOWUxMjI1M2MyZWY0XzAxMg==","","Laura Watermann","https://www.linkedin.com/in/laura-watermann-859766138","Robert Schäfer","https://www.linkedin.com/in/roschaefer","2021-04-08 11:25:32 UTC","Offen für Jobangebote","Hallo Robert,

das hört sich doch gut an :)

Ja das hilft auf jeden Fall. Wärst du vielleicht daran interessiert, dass wir uns einmal im Detail darüber austauschen? Gerne würde ich deine entsprechenden Anforderungen aufnehmen.

Würde es dir vielleicht morgen passen?","INBOX","","No"
"2-OGVlZDdkMmQtYmM5My01N2Y2LTgzOWQtOWUxMjI1M2MyZWY0XzAxMg==","","Robert Schäfer","https://www.linkedin.com/in/roschaefer","Laura Watermann","https://www.linkedin.com/in/laura-watermann-859766138","2021-04-08 10:12:34 UTC","","Hallo Laura, ich bin Full-Stack Entwickler und suche eine entsprechende Aufgabe. Ein paar Stichwörter: 100% remote ist möglich, der Technologie-Stack kombiniert Bekanntes und Unbekanntes, das Onboarding von Entwicklern ist Teil meiner Aufgaben. Hilft das schonmal?","INBOX","","No"
"2-OGVlZDdkMmQtYmM5My01N2Y2LTgzOWQtOWUxMjI1M2MyZWY0XzAxMg==","","Laura Watermann","https://www.linkedin.com/in/laura-watermann-859766138","Robert Schäfer","https://www.linkedin.com/in/roschaefer","2021-04-08 08:13:53 UTC","Offen für Jobangebote","Hallo Robert,

ich bin soeben auf dein Profil hier bei Linkedin gestoßen. Wie ich sehe hast du deinen Status auf ""Offen für Jobangebote"" eingestellt.

Gerne würde ich dich fragen, ob du schon was gefunden hast oder ob du dich immer noch umschaust?

Ich betreue derzeit einige Klienten im Raum NRW und auch in Köln. Vielleicht ist hier ja das passende Unternehmen für dich mit dabei.

Was hättest du denn für Anforderungen damit ein Wechsel Sinn für dich ergibt?

Laura Lumare
Senior Recruitment Consultant bei Ardekay","INBOX","","No"
"2-MGNkMzNiZDQtNzdhZS00OGJiLTkwMGItNGU2NWRhYjc0ODcxXzAxMw==","Java Opportunities In Germany - 65K€ - 104K€","Robert Schäfer","https://www.linkedin.com/in/roschaefer","Hoda Medhat","https://www.linkedin.com/in/hodamedhat","2021-04-16 10:22:48 UTC","Java Opportunities In Germany - 65K€ - 104K€","Hey Hoda, that's a nice video :D nevertheless I'm not very interested to work with a Java backend (Java != JavaScript) they do JavaScript in the frontend but I think someone else would be a better fit for this position. Good luck! :)","INBOX","","No"
"2-MGNkMzNiZDQtNzdhZS00OGJiLTkwMGItNGU2NWRhYjc0ODcxXzAxMw==","Java Opportunities In Germany - 65K€ - 104K€","Hoda Medhat","https://www.linkedin.com/in/hodamedhat","Robert Schäfer","https://www.linkedin.com/in/roschaefer","2021-04-16 09:44:38 UTC","Java Opportunities In Germany - 65K€ - 104K€","Hey Robert,

I created this video for you by mean of introduction! :) 

https://app.hint.video/1rj40a

If you would like to explore the role further, please feel free to book yourself in my calendar and we can perhaps run through the opportunity in more detail this week.

In the mean time feel free to ask me any questions.

https://calendly.com/h-medhat/30min

Sincerely,
Hoda

Hoda Attia
Customer Success Consultant at Annapurna Recruitment","INBOX","","No"
"2-MTBkZTA3MzAtYWM4NS01Mzc1LTg2MWQtOWQxYzVhZDYzNGQxXzAxMw==","","Robert Schäfer","https://www.linkedin.com/in/roschaefer","Phil Heath","https://www.linkedin.com/in/phil-heath-6aa794b2","2021-04-15 15:35:48 UTC","Full Stack Developer - Germany","Here you go.","INBOX","https://www.linkedin.com/dms/prv/vid/v2/C4E06AQF9VnO6s1OkYQ/messaging-attachmentFile/messaging-attachmentFile/0/1618500894741?m=AQJna3Za3asANwAAAaA2BetqtFJQpcNm6neIoikOMcJ6TmxJ6xGyH2LHkA&ne=1&v=beta&t=ddl1kLfU9t5eYwrAsdSRbudv8jGUEgsA290AnJldPfY","No"
"2-MTBkZTA3MzAtYWM4NS01Mzc1LTg2MWQtOWQxYzVhZDYzNGQxXzAxMw==","","Phil Heath","https://www.linkedin.com/in/phil-heath-6aa794b2","Robert Schäfer","https://www.linkedin.com/in/roschaefer","2021-04-14 14:03:34 UTC","Full Stack Developer - Germany","Hi Robert

We here at Spinks have just had some great calls today with a couple of clients in Germany that are looking for freelance Fullstack Developers to help on a number of projects.

Contract Length - 3- 6 months
Day rate - €550-600
Location - Remote working offered
Start Date - End of April

Experience needed;

- JavaScript - React/Angular
- Python
- HTML
- CSS
- AWS

If interested please send an up to date CV and i will arrange a call ASAP.

Thanks,

Phil Heath
Team Leader - Software Development | Germany at Spinks","INBOX","","No"
"2-ZjNmNjg4NGMtYzkzMy01MGRkLWJmZGQtMDQwYWQ2ZDNhNDM5XzAxMw==","","Robert Schäfer","https://www.linkedin.com/in/roschaefer","David M.","https://www.linkedin.com/in/david-moore-kariuki","2021-04-12 19:23:28 UTC","DevOps Engineer - Germany","Hi David, thanks for reaching out but I don't want to work as a Java developer. JavaScript is a completely different programming language: https://stackoverflow.com/a/245068/2069431","INBOX","","No"
"2-ZjNmNjg4NGMtYzkzMy01MGRkLWJmZGQtMDQwYWQ2ZDNhNDM5XzAxMw==","","David M.","https://www.linkedin.com/in/david-moore-kariuki","Robert Schäfer","https://www.linkedin.com/in/roschaefer","2021-04-12 19:04:29 UTC","DevOps Engineer - Germany","Hi Robert,

My client has a strong presence in over 100 countries in various industries including Digital, Security and Cloud technologies.

With over half a million staff worldwide they have been very active in delivering high level services to their clients across the globe. Having won various awards, they have a strong track record of innovation with all their partners globally.

Presently they want full stack engineers to join them In Germany as they have several projects and clients who are in needed of candidates with a good level of experience in both front and back end development with skills including: Java, Java EE, Spring, Hibernate, REST, Angular, React, Docker or Kubernetes and AWS

Your profile is a strong match for what they are looking for so send me your updated resume as soon as you can as they are interviewing soon! :) 

Let’s arrange a call via my Calendly link provided below.

Calendly: https://calendly.com/d-kariuki/15min

David Moore Kariuki
Delivery Consultant at Annapurna Recruitment
Email: d.kariuki@annapurnarecruitment.com
Number: + 49 228 30402780","INBOX","","No"
"2-ZGZiNzQ2Y2QtNjQ3OC01ODVmLTkzYWYtYzQ1MTdjODQ4M2MwXzAxMw==","","April Risbridger","https://www.linkedin.com/in/april-risbridger","Robert Schäfer","https://www.linkedin.com/in/roschaefer","2021-04-07 13:55:04 UTC","Software Engineer - Remote working in Germany - TypeScript / Backend","Thanks I have sorted it","INBOX","","No"
"2-ZGZiNzQ2Y2QtNjQ3OC01ODVmLTkzYWYtYzQ1MTdjODQ4M2MwXzAxMw==","","Robert Schäfer","https://www.linkedin.com/in/roschaefer","April Risbridger","https://www.linkedin.com/in/april-risbridger","2021-04-07 13:52:56 UTC","Software Engineer - Remote working in Germany - TypeScript / Backend","Silly LinkedIn.. It doesn't show a download button if I send the picture as normal attachment. But does that help?","INBOX","","No"
"2-ZGZiNzQ2Y2QtNjQ3OC01ODVmLTkzYWYtYzQ1MTdjODQ4M2MwXzAxMw==","","Robert Schäfer","https://www.linkedin.com/in/roschaefer","April Risbridger","https://www.linkedin.com/in/april-risbridger","2021-04-07 13:52:05 UTC","Software Engineer - Remote working in Germany - TypeScript / Backend","Because LinkedIn doesn't show a download button? You can always ""Right Click + View Image + Save""","INBOX","https://www.linkedin.com/dms/prv/vid/v2/C4E06AQHzlS81muG3QQ/messaging-attachmentFile/messaging-attachmentFile/0/1617803484314?m=AQLrFKUxmZ0-iQAAAaA2Betisoge12IaZPh37EqA65StHWaS6KVmpvTgLg&ne=1&v=beta&t=wxRr5xNj_bVKIdn2meCWEkamxDztcj-H10lSUFMymK4","No"
"2-ZGZiNzQ2Y2QtNjQ3OC01ODVmLTkzYWYtYzQ1MTdjODQ4M2MwXzAxMw==","","April Risbridger","https://www.linkedin.com/in/april-risbridger","Robert Schäfer","https://www.linkedin.com/in/roschaefer","2021-04-07 13:46:16 UTC","Software Engineer - Remote working in Germany - TypeScript / Backend","Hi Robert, 

Would you mind sending it as a screenshot image or over email so I can attach it?

Thanks, April ","INBOX","","No"
"2-ZGZiNzQ2Y2QtNjQ3OC01ODVmLTkzYWYtYzQ1MTdjODQ4M2MwXzAxMw==","","Robert Schäfer","https://www.linkedin.com/in/roschaefer","April Risbridger","https://www.linkedin.com/in/april-risbridger","2021-04-07 13:43:41 UTC","Software Engineer - Remote working in Germany - TypeScript / Backend","","INBOX","https://www.linkedin.com/dms/prv/vid/v2/C4E06AQGie_QBX4oKxg/messaging-attachmentFile/messaging-attachmentFile/0/1617803017175?m=AQJMaBewZ7_r0QAAAaA2BetndGVmQ9qdr_787d8eu2eRnwsuHQnyqbzJSQ&ne=1&v=beta&t=7oFLkDp6FalxhZt7-Zm68ZXRReLeJix1lr8AJ47L5s0","No"
"2-ZGZiNzQ2Y2QtNjQ3OC01ODVmLTkzYWYtYzQ1MTdjODQ4M2MwXzAxMw==","","April Risbridger","https://www.linkedin.com/in/april-risbridger","Robert Schäfer","https://www.linkedin.com/in/roschaefer","2021-04-06 10:56:18 UTC","Software Engineer - Remote working in Germany - TypeScript / Backend","Hi Robert, 

Great, now that this is done they will be able to review your application and go from there. 

Keep me updated if/when they reach out to you :) 

Thanks, April ","INBOX","","No"
"2-ZGZiNzQ2Y2QtNjQ3OC01ODVmLTkzYWYtYzQ1MTdjODQ4M2MwXzAxMw==","","Robert Schäfer","https://www.linkedin.com/in/roschaefer","April Risbridger","https://www.linkedin.com/in/april-risbridger","2021-04-06 10:54:00 UTC","Software Engineer - Remote working in Germany - TypeScript / Backend","Created the account, now it's their turn, right?","INBOX","","No"
"2-ZGZiNzQ2Y2QtNjQ3OC01ODVmLTkzYWYtYzQ1MTdjODQ4M2MwXzAxMw==","","April Risbridger","https://www.linkedin.com/in/april-risbridger","Robert Schäfer","https://www.linkedin.com/in/roschaefer","2021-04-01 14:57:42 UTC","Software Engineer - Remote working in Germany - TypeScript / Backend","Thanks Robert for your confirmation. I have now made the introduction to LogMeIn. 

Please keep an eye out for an email for them. You have to follow and link and set up an account before they can review your profile, so do make sure you do this. 

Once they have reviewed your profile they will reach out to you directly if they wish to setup an interview, so do keep me updated :) 

Thanks, April ","INBOX","","No"
"2-ZGZiNzQ2Y2QtNjQ3OC01ODVmLTkzYWYtYzQ1MTdjODQ4M2MwXzAxMw==","","Robert Schäfer","https://www.linkedin.com/in/roschaefer","April Risbridger","https://www.linkedin.com/in/april-risbridger","2021-04-01 12:15:06 UTC","Software Engineer - Remote working in Germany - TypeScript / Backend","Hey April, I received your two e-mails and confirm the following:

* You have not applied to LogMeIn in the last 12 months?
* You are happy for me to represent your CV?
* You are happy to consider a salary around €60,000 - €70,000?

My CV is attached","INBOX","https://www.linkedin.com/dms/prv/vid/v2/C4E06AQEdYTcrysWZbg/messaging-attachmentFile/messaging-attachmentFile/0/1617279197466?m=AQINVxB3O1chbwAAAaA2BetjkbrAUCGYbANz6Q65zkyI0BSPegZkGqpbBw&ne=1&v=beta&t=HtI9DXWOG2cMmFgIVU1TWxP4U3GctGW9dtSbbVeqQ7k","No"
"2-ZGZiNzQ2Y2QtNjQ3OC01ODVmLTkzYWYtYzQ1MTdjODQ4M2MwXzAxMw==","","Robert Schäfer","https://www.linkedin.com/in/roschaefer","April Risbridger","https://www.linkedin.com/in/april-risbridger","2021-04-01 08:52:43 UTC","Software Engineer - Remote working in Germany - TypeScript / Backend","hello-april@roschaefer.de","INBOX","","No"
"2-ZGZiNzQ2Y2QtNjQ3OC01ODVmLTkzYWYtYzQ1MTdjODQ4M2MwXzAxMw==","","April Risbridger","https://www.linkedin.com/in/april-risbridger","Robert Schäfer","https://www.linkedin.com/in/roschaefer","2021-03-31 13:26:22 UTC","Software Engineer - Remote working in Germany - TypeScript / Backend","Great speak to you then ","INBOX","","No"
"2-ZGZiNzQ2Y2QtNjQ3OC01ODVmLTkzYWYtYzQ1MTdjODQ4M2MwXzAxMw==","","Robert Schäfer","https://www.linkedin.com/in/roschaefer","April Risbridger","https://www.linkedin.com/in/april-risbridger","2021-03-31 12:14:27 UTC","Software Engineer - Remote working in Germany - TypeScript / Backend","That's fine for me. Please not that Germany is on CEST *not CET* since last Sunday. You can call me tomorrow on 10:30 CEST, +4915110793987","INBOX","","No"
"2-ZGZiNzQ2Y2QtNjQ3OC01ODVmLTkzYWYtYzQ1MTdjODQ4M2MwXzAxMw==","","April Risbridger","https://www.linkedin.com/in/april-risbridger","Robert Schäfer","https://www.linkedin.com/in/roschaefer","2021-03-31 08:34:46 UTC","Software Engineer - Remote working in Germany - TypeScript / Backend","No problem Robert. We can speak tomorrow at 10:30am CET. 

A phone call will be best if that suits you. Please share your contact details? 

Speak to you then.

April ","INBOX","","No"
"2-ZGZiNzQ2Y2QtNjQ3OC01ODVmLTkzYWYtYzQ1MTdjODQ4M2MwXzAxMw==","","Robert Schäfer","https://www.linkedin.com/in/roschaefer","April Risbridger","https://www.linkedin.com/in/april-risbridger","2021-03-30 17:34:07 UTC","Software Engineer - Remote working in Germany - TypeScript / Backend","Preferably *after* tomorrow. You could send me a link to a video conference.","INBOX","","No"
"2-ZGZiNzQ2Y2QtNjQ3OC01ODVmLTkzYWYtYzQ1MTdjODQ4M2MwXzAxMw==","","April Risbridger","https://www.linkedin.com/in/april-risbridger","Robert Schäfer","https://www.linkedin.com/in/roschaefer","2021-03-30 12:49:46 UTC","Software Engineer - Remote working in Germany - TypeScript / Backend","Hi Robert, 

Sure, tomorrow afternoon anytime from 3:30pm CET works for me. 

Pleas share your contact details?

Thanks, April ","INBOX","","No"
"2-ZGZiNzQ2Y2QtNjQ3OC01ODVmLTkzYWYtYzQ1MTdjODQ4M2MwXzAxMw==","","Robert Schäfer","https://www.linkedin.com/in/roschaefer","April Risbridger","https://www.linkedin.com/in/april-risbridger","2021-03-30 11:50:50 UTC","Software Engineer - Remote working in Germany - TypeScript / Backend","OK, we can have a quick call. Preferably after tomorrow, what is a good time for you?","INBOX","","No"
"2-ZGZiNzQ2Y2QtNjQ3OC01ODVmLTkzYWYtYzQ1MTdjODQ4M2MwXzAxMw==","","April Risbridger","https://www.linkedin.com/in/april-risbridger","Robert Schäfer","https://www.linkedin.com/in/roschaefer","2021-03-30 09:01:46 UTC","Software Engineer - Remote working in Germany - TypeScript / Backend","Hi Robert, 

Thanks for your reply. 

The main tech stack they use is TypeScript, Node.js, Git, WebRTC and C++. 

For this role C++ is only an advantage - it is not a required skill. 

Let me know if you wish to chat further about this on a call? :)

Thanks, April ","INBOX","","No"
"2-ZGZiNzQ2Y2QtNjQ3OC01ODVmLTkzYWYtYzQ1MTdjODQ4M2MwXzAxMw==","","Robert Schäfer","https://www.linkedin.com/in/roschaefer","April Risbridger","https://www.linkedin.com/in/april-risbridger","2021-03-29 18:14:26 UTC","Software Engineer - Remote working in Germany - TypeScript / Backend","Hey April, could you tell me a little more about the technology stack of that company? For which task do they use C++?","INBOX","","No"
"2-ZGZiNzQ2Y2QtNjQ3OC01ODVmLTkzYWYtYzQ1MTdjODQ4M2MwXzAxMw==","","April Risbridger","https://www.linkedin.com/in/april-risbridger","Robert Schäfer","https://www.linkedin.com/in/roschaefer","2021-03-29 13:44:09 UTC","Software Engineer - Remote working in Germany - TypeScript / Backend","Hi Robert, 

I hope you are well. 

I am working with a rapidly growing SaaS provider of cloud based video tools who is looking for multiple Software Engineers to join them on a remote basis in Germany.

Requirements for the Software Engineer:
- MSc in Computer Science or similar field
- Excellent knowledge of TypeScript and Node.js
- Experience with the full development lifecycle and general backend experience
- Working knowledge of C++ is advantageous
- Interest in Cloud technologies and video processing

If this sounds like a role of interest, it would be great to have a call in more detail. Please share your CV and phone number. 

I look forward to hearing your thoughts. 

Thanks, 
April

April Warde
Senior Consultant - Cyber Security / NLP / Machine Learning at European & USA Recruitment","INBOX","","No"
"2-ODhjM2MxYWEtNTVkYS01YTNlLTk2MGUtMWU5MTU5OWNhZTNjXzAxMA==","","Robert Schäfer","https://www.linkedin.com/in/roschaefer","Natália Kováčová","https://www.linkedin.com/in/natália-kováčová-8400854","2021-04-07 13:40:14 UTC","SAP re-connecting","Hey Natalia, thank you for you message but I don't want to work for SAP or with SAP software anymore.","INBOX","","No"
"2-ODhjM2MxYWEtNTVkYS01YTNlLTk2MGUtMWU5MTU5OWNhZTNjXzAxMA==","","Natália Kováčová","https://www.linkedin.com/in/natália-kováčová-8400854","Robert Schäfer","https://www.linkedin.com/in/roschaefer","2021-04-01 12:28:13 UTC","SAP re-connecting","Dear Robert,

looking at your profile, I understand that SAP is not a stranger knocking on your door. Few years passed and I´d like to ask how things are going on your side and if you would be open for an informal chat. 
I'm part of SAP Talent Intelligence Team, which focuses on most transformative roles and functions in the organization in order to amplify SAP’s ongoing reinvention of the way our business is run.  
In the scope of ""talent socialization"" initiative, our team engages with high caliber Tech talents across EMEA with aim to build and nurture solid, trustworthy relationships with SAP. 
I would be very keen to have an exploratory conversation with you, to learn more about your thoughts and future career aspirations and ask how you perceive SAP´s further acceleration to the cloud.  
Would you be open to have a short chat and get to know each other better?
  
Kind regards,

Natália Jakobe
Team Lead EMEA Talent Relationship Consultants
SAP Services
natalia.jakobe@sap.com","INBOX","","No"
"2-ZDEzOWM5ODEtYWU4Ny00NTc2LWI1ZDUtODAyNGE0OTUxZmI4XzAxMg==","","Nick Oestreich","https://www.linkedin.com/in/nick-oestreich","Robert Schäfer","https://www.linkedin.com/in/roschaefer","2021-04-06 11:53:51 UTC","",":)","INBOX","","No"
"2-ZDEzOWM5ODEtYWU4Ny00NTc2LWI1ZDUtODAyNGE0OTUxZmI4XzAxMg==","","Nick Oestreich","https://www.linkedin.com/in/nick-oestreich","Robert Schäfer","https://www.linkedin.com/in/roschaefer","2021-04-06 11:53:48 UTC","","Hi Robert, 

Du bekommst gleich noch eine Willkommensmail mit allen weiteren Infos und eine Einladung zum Slack. Wir hatten gerade einen kleinen Bug beim Versenden der Nachricht.","INBOX","","No"
"2-ZDEzOWM5ODEtYWU4Ny00NTc2LWI1ZDUtODAyNGE0OTUxZmI4XzAxMg==","","Robert Schäfer","https://www.linkedin.com/in/roschaefer","Nick Oestreich","https://www.linkedin.com/in/nick-oestreich","2021-04-06 10:57:50 UTC","","Hallo Nick, bekomme ich noch irgendwelche Zugangsdaten?","INBOX","","No"
"2-ZDEzOWM5ODEtYWU4Ny00NTc2LWI1ZDUtODAyNGE0OTUxZmI4XzAxMg==","","Nick Oestreich","https://www.linkedin.com/in/nick-oestreich","Robert Schäfer","https://www.linkedin.com/in/roschaefer","2021-04-06 09:16:04 UTC","","Hi Robert, 

willkommen bei Uplink! :) 


Cheers, 
Nick ","INBOX","","No"
"2-ZWViYmRjNzUtNzc5Zi00MWM4LTg5NTItMmQyYjQzZTFlOGU1XzAxMg==","","Robert Schäfer","https://www.linkedin.com/in/roschaefer","Maria McGrogan","https://www.linkedin.com/in/maria-mcgrogan","2021-04-01 19:47:37 UTC","","Hi Maria, can you tell me for which task the company uses GraphQL and Flutter?","INBOX","","No"
"2-ZWViYmRjNzUtNzc5Zi00MWM4LTg5NTItMmQyYjQzZTFlOGU1XzAxMg==","","Maria McGrogan","https://www.linkedin.com/in/maria-mcgrogan","Robert Schäfer","https://www.linkedin.com/in/roschaefer","2021-04-01 19:47:36 UTC","","Hi Herr Schaefer, are you only open to roles in Siegburg / NRW? I have a client, no1 certified company in their industry. They offer a security as a service platform. They are really open to GraphQL. and noticed you are into flutter etc. Based in Munich, Let me know. Best
Maria ","INBOX","","No"
"2-NjE1MmVhYjUtMWRlYy00YjViLTk5NDYtNDM1ODE3YTA0NTMwXzAxMg==","","Robert Schäfer","https://www.linkedin.com/in/roschaefer","Gabriela Morua","https://www.linkedin.com/in/gabrielamorua","2021-03-31 12:21:01 UTC","","VueJS, Nuxt, GraphQL, Apollo, Node, Docker, Kubernetes","INBOX","","No"
"2-NjE1MmVhYjUtMWRlYy00YjViLTk5NDYtNDM1ODE3YTA0NTMwXzAxMg==","","Gabriela Morua","https://www.linkedin.com/in/gabrielamorua","Robert Schäfer","https://www.linkedin.com/in/roschaefer","2021-03-31 12:20:22 UTC","","So what would you say is your main tech stack? ","INBOX","","No"
"2-NjE1MmVhYjUtMWRlYy00YjViLTk5NDYtNDM1ODE3YTA0NTMwXzAxMg==","","Gabriela Morua","https://www.linkedin.com/in/gabrielamorua","Robert Schäfer","https://www.linkedin.com/in/roschaefer","2021-03-31 12:19:43 UTC","","Yes I could, but sometimes people get a new gig and forget to turn it off ","INBOX","","No"
"2-NjE1MmVhYjUtMWRlYy00YjViLTk5NDYtNDM1ODE3YTA0NTMwXzAxMg==","","Robert Schäfer","https://www.linkedin.com/in/roschaefer","Gabriela Morua","https://www.linkedin.com/in/gabrielamorua","2021-03-31 12:18:52 UTC","","Out of curiosity: Can you see since when I activated ""Open for jobs""?","INBOX","","No"
"2-NjE1MmVhYjUtMWRlYy00YjViLTk5NDYtNDM1ODE3YTA0NTMwXzAxMg==","","Robert Schäfer","https://www.linkedin.com/in/roschaefer","Gabriela Morua","https://www.linkedin.com/in/gabrielamorua","2021-03-31 12:17:35 UTC","","Yup","INBOX","","No"
"2-NjE1MmVhYjUtMWRlYy00YjViLTk5NDYtNDM1ODE3YTA0NTMwXzAxMg==","","Gabriela Morua","https://www.linkedin.com/in/gabrielamorua","Robert Schäfer","https://www.linkedin.com/in/roschaefer","2021-03-31 12:17:34 UTC","","Hey Robert, how are you? Are you still looking for a job?","INBOX","","No"
"2-NjI4ZTBkMTUtYWZhZS01MmYyLTg3OTYtZTI3YjM5OTk3MmM2XzAxMA==","","Abdul Salifu","https://www.linkedin.com/in/abdul-salifu","Robert Schäfer","https://www.linkedin.com/in/roschaefer","2021-03-30 20:02:17 UTC","Why do Java Programmers wear glasses?","Vielen lieben Dank nochmal für das Telefonat. 
Sobald ich was passendes für Sie habe, melde ich mich bei Ihnen. 

","INBOX","","No"
"2-NjI4ZTBkMTUtYWZhZS01MmYyLTg3OTYtZTI3YjM5OTk3MmM2XzAxMA==","","Robert Schäfer","https://www.linkedin.com/in/roschaefer","Abdul Salifu","https://www.linkedin.com/in/abdul-salifu","2021-03-30 17:34:44 UTC","Why do Java Programmers wear glasses?","Wie gewünscht..","INBOX","https://www.linkedin.com/dms/prv/vid/v2/C4E06AQGtv-WfRthy1g/messaging-attachmentFile/messaging-attachmentFile/0/1617125671057?m=AQKf6hy7m8DpAwAAAaA2BetmOggrb-2sCyBp5_vDYUx9A2nVr8JBZY4iAw&ne=1&v=beta&t=0RZu9e-m9ZFZAXNJKM-sdeyRdkhJ4KwvT5qRIuh9tzo","No"
"2-NjI4ZTBkMTUtYWZhZS01MmYyLTg3OTYtZTI3YjM5OTk3MmM2XzAxMA==","","Abdul Salifu","https://www.linkedin.com/in/abdul-salifu","Robert Schäfer","https://www.linkedin.com/in/roschaefer","2021-03-30 12:05:48 UTC","Why do Java Programmers wear glasses?","gerne, dann bis um 15 Uhr ","INBOX","","No"
"2-NjI4ZTBkMTUtYWZhZS01MmYyLTg3OTYtZTI3YjM5OTk3MmM2XzAxMA==","","Robert Schäfer","https://www.linkedin.com/in/roschaefer","Abdul Salifu","https://www.linkedin.com/in/abdul-salifu","2021-03-30 11:49:27 UTC","Why do Java Programmers wear glasses?","ist gut, dann nach 15:00","INBOX","","No"
"2-NjI4ZTBkMTUtYWZhZS01MmYyLTg3OTYtZTI3YjM5OTk3MmM2XzAxMA==","","Abdul Salifu","https://www.linkedin.com/in/abdul-salifu","Robert Schäfer","https://www.linkedin.com/in/roschaefer","2021-03-29 21:35:02 UTC","Why do Java Programmers wear glasses?","morgen klingt gut nur 14 Uhr schaffe ich leider nicht, ich bin bis 15 uhr in einem Meeting. Wenn es danach für Sie noch möglich ist gerne.
","INBOX","","No"
"2-NjI4ZTBkMTUtYWZhZS01MmYyLTg3OTYtZTI3YjM5OTk3MmM2XzAxMA==","","Robert Schäfer","https://www.linkedin.com/in/roschaefer","Abdul Salifu","https://www.linkedin.com/in/abdul-salifu","2021-03-29 18:04:51 UTC","Why do Java Programmers wear glasses?","OK, morgen um 14:00? +4915110793987","INBOX","","No"
"2-NjI4ZTBkMTUtYWZhZS01MmYyLTg3OTYtZTI3YjM5OTk3MmM2XzAxMA==","","Abdul Salifu","https://www.linkedin.com/in/abdul-salifu","Robert Schäfer","https://www.linkedin.com/in/roschaefer","2021-03-29 16:09:54 UTC","Why do Java Programmers wear glasses?","=) 
wann passt es Ihnen denn am besten, ich würde dann versuchen mich nach Ihnen zu richten. 

Viele Grüße
Abdul ","INBOX","","No"
"2-NjI4ZTBkMTUtYWZhZS01MmYyLTg3OTYtZTI3YjM5OTk3MmM2XzAxMA==","","Robert Schäfer","https://www.linkedin.com/in/roschaefer","Abdul Salifu","https://www.linkedin.com/in/abdul-salifu","2021-03-29 15:55:45 UTC","Why do Java Programmers wear glasses?","OK, 10-15 Minuten Zeit habe ich immer","INBOX","","No"
"2-NjI4ZTBkMTUtYWZhZS01MmYyLTg3OTYtZTI3YjM5OTk3MmM2XzAxMA==","","Abdul Salifu","https://www.linkedin.com/in/abdul-salifu","Robert Schäfer","https://www.linkedin.com/in/roschaefer","2021-03-29 14:14:47 UTC","Why do Java Programmers wear glasses?","Hallo Herr Schäfer, 

Wenn Sie Interesse daran hätten und irgendwann 10-15 min Zeit hätten, würde ich mir gerne 2-3 dinge zu dem Thema von Ihnen erklären lassen. 
Da ich selber kein Entwickler bin, versuche ich mich mit besten gewissen in dieses komplexe Thema rein zu arbeiten. Gerne nehme alles an, wissen und Informationen auf die mir helfen, Ihre Entwicklerarbeit besser zu verstehen.

Viele Grüße
Abdul Salifu 
","INBOX","","No"
"2-NjI4ZTBkMTUtYWZhZS01MmYyLTg3OTYtZTI3YjM5OTk3MmM2XzAxMA==","","Robert Schäfer","https://www.linkedin.com/in/roschaefer","Abdul Salifu","https://www.linkedin.com/in/abdul-salifu","2021-03-26 14:23:09 UTC","Why do Java Programmers wear glasses?","Lieber Abdul Salifu,
ich habe kein Interesse an einer Stelle als Java-Entwickler. Hier wird übrigens der Unterschied zwischen Java und JavaScript erklärt: https://stackoverflow.com/a/245068/2069431","INBOX","","No"
"2-NjI4ZTBkMTUtYWZhZS01MmYyLTg3OTYtZTI3YjM5OTk3MmM2XzAxMA==","","Abdul Salifu","https://www.linkedin.com/in/abdul-salifu","Robert Schäfer","https://www.linkedin.com/in/roschaefer","2021-03-25 21:16:16 UTC","Why do Java Programmers wear glasses?","Because they don´t C#.... =)


Guten Tag Herr Schäfer,

bei so einem interessantem Profil, bin ich sicherlich nicht der erste Personalberater, der Sie kontaktiert.

Durch Ihre Berufserfahrung, die Sie bei der bei der Firma tactile.news gesammelt haben und Ihren fachlichen Fähigkeiten im Bereich der Full stack Entwicklung bin ich auf Ihr Profil sehr positiv aufmerksam geworden.

Gerne würde ich jetzt noch in Erfahrung bringen, welche Persönlichkeit hinter diesem beruflichen Werdegang steckt und ob Sie grundsätzlich offen für eine berufliche Veränderung sind.

Auch in der derzeitigen Lage, stehe ich mit einigen renommierten Unternehmen aus Ihrer direkten Umgebung in Kontakt, welche nach Talenten mit Ihren Fähigkeiten für ihr Team suchen.

Unter anderem betreue ich momentan eine Position als Senior Java Entwickler (m/w/d) für eine Inhouse-Stelle in unbefristeter Festanstellung, bei einem Kunden aus dem Banken und Finanzsektor am Standort Köln. 

Dieses bietet Vorteile wie z.B.:

•	Keine Reisetätigkeit 
•	Moderner Technologiestack 
•	Fixgehalt + Bonus on top
•	Flexible Gleitzeitregelung bei 39h Woche
•	33 Urlaubstage 
•	Betriebliche Krankenzusatzversicherung 
•	Betriebliche Altersvorsorge
•	Firmeneigener Fitnessraum
•	E-Bike Leasing

Wenn ich Ihr Interesse wecken konnte, lassen Sie mir doch Ihren aktuellen Lebenslauf sowie Rahmendaten (Kündigungsfrist & Gehaltsvorstellung) per E-Mail zukommen.

Anschließend werde ich mit Ihnen telefonischen Kontakt aufnehmen, um Ihnen mehr Informationen zum Unternehmen (und weiteren Möglichkeiten) zu geben.
Gerne können Sie mir auch Terminvorschläge vorab zukommen lassen, wann Sie am besten zu erreichen sind.

Ich freue mich auf Ihre Rückmeldung und bedanke mich im Voraus.

Viele Grüße
Abdul Salifu

RED COMMERCE GmbH 
E-Mail: asalifu@redsapsolutions.de 
Telefon: +4922168943051

Sales Consultant bei RED - Spezialisiert auf den Bereich Java bei RED","INBOX","","No"
"2-OTE2MTA1YWEtODk5ZC01ZDg3LThlZjAtMDU2NDJkNDM1ZDJjXzAxMg==","","Aleksandra Izbińska","https://www.linkedin.com/in/alexizb","Robert Schäfer","https://www.linkedin.com/in/roschaefer","2021-03-25 15:33:38 UTC","Robert, talent.io are looking for specialists like you!","Hey Robert,
I hope you’re keeping well!

My name is Aleksandra and I’m a Talent Advocate at talent.io, a revolutionary recruitment platform for top-notch tech talent.
I noticed that you’re open to new opportunities at the moment and I wanted to reach out because your profile would be a great fit for some of our clients! Especially your knowledge of RoR and Vue.js would be nice to them.

We are a unique platform on which companies in Europe apply to you directly (i.e. no middle man or applications). If you’re interested, you can sign up by importing your LinkedIn profile here: https://www.talent.io/go-ali (it’s free, quick and completely private!)

I look forward to hearing from you!

Kind Regards,

Aleksandra Izbińska
Tech Sourcer at talent.io","INBOX","","No"
"2-ODJmMDYxYWMtY2JkNC01NDYyLTg4ZjEtMTBmZDQ4OWE1N2E5XzAxMA==","","Robert Schäfer","https://www.linkedin.com/in/roschaefer","Ben MORTIMORE","https://www.linkedin.com/in/benmortimore4mationpartners","2021-03-24 13:47:17 UTC","New Job Opportunity: Lead IoT Developer - Remote","silly me: ...would combine technologies that I want to *learn* as well as technologies that I know and love.","INBOX","","No"
"2-ODJmMDYxYWMtY2JkNC01NDYyLTg4ZjEtMTBmZDQ4OWE1N2E5XzAxMA==","","Robert Schäfer","https://www.linkedin.com/in/roschaefer","Ben MORTIMORE","https://www.linkedin.com/in/benmortimore4mationpartners","2021-03-24 13:43:39 UTC","New Job Opportunity: Lead IoT Developer - Remote","I am interested in Golang but I don't have professional experience with it, yet. The ideal job would combine familiar technologies as well as technologies that I know and love. For self-development, makes sense?","INBOX","","No"
"2-ODJmMDYxYWMtY2JkNC01NDYyLTg4ZjEtMTBmZDQ4OWE1N2E5XzAxMA==","","Ben MORTIMORE","https://www.linkedin.com/in/benmortimore4mationpartners","Robert Schäfer","https://www.linkedin.com/in/roschaefer","2021-03-24 13:41:28 UTC","New Job Opportunity: Lead IoT Developer - Remote","I see that you're interested in Golang. I have a golang focused role on at the moment. Could this be of interest to you?","INBOX","","No"
"2-ODJmMDYxYWMtY2JkNC01NDYyLTg4ZjEtMTBmZDQ4OWE1N2E5XzAxMA==","","Robert Schäfer","https://www.linkedin.com/in/roschaefer","Ben MORTIMORE","https://www.linkedin.com/in/benmortimore4mationpartners","2021-03-24 13:14:02 UTC","New Job Opportunity: Lead IoT Developer - Remote","Hey Ben, I have no experience with Kotlin so I don't think I would be a good fit.","INBOX","","No"
"2-ODJmMDYxYWMtY2JkNC01NDYyLTg4ZjEtMTBmZDQ4OWE1N2E5XzAxMA==","","Ben MORTIMORE","https://www.linkedin.com/in/benmortimore4mationpartners","Robert Schäfer","https://www.linkedin.com/in/roschaefer","2021-03-23 16:52:37 UTC","New Job Opportunity: Lead IoT Developer - Remote","Hi Robert,

I really need your help, we have a critical project open with a client at the moment and have seen your profile I believe you might have the necessary experience to give us a hand.

I’m Ben, I work for Paratus, perhaps you’ve heard of the business? 

One of our key customers in Germany are looking to bring in an experienced developer who has an understanding of Java or Kotlin and has good exposure to the IoT industry. While this is a hands-on position there will be the requirement to mentor and oversee the team's activity.

Getting to the point, I know you probably get a lot of messages from people with general or vanilla roles, but I promise you, this isn’t the case here. I don’t know your situation but either way, I think it’s probably worth us having a chat even if you are busy? Let me know your number and I can give you a quick call tomorrow!

Thanks

Ben MORTIMORE
Project Coordinator - Talent Consultant  at Paratus People","INBOX","","No"
"2-ZDE1Y2ZlMzgtMmJjYi01ZjcxLWJkY2YtNzM2YzM4MDQ5ZWM2XzAxMg==","","Robert Schäfer","https://www.linkedin.com/in/roschaefer","Olivier Mbalili Schneider","https://www.linkedin.com/in/olivier-mbalili","2021-03-24 13:16:09 UTC","Positionen mit 100% Remote Work?","Hallo Olivier, ich fürchte ich bin kein passender Kandidat für diesen Job. Zwar interessiere ich mich auch für Golang, habe aber mit React Native und Angular keine Erfahrung ","INBOX","","No"
"2-ZDE1Y2ZlMzgtMmJjYi01ZjcxLWJkY2YtNzM2YzM4MDQ5ZWM2XzAxMg==","","Olivier Mbalili Schneider","https://www.linkedin.com/in/olivier-mbalili","Robert Schäfer","https://www.linkedin.com/in/roschaefer","2021-03-23 17:18:46 UTC","Positionen mit 100% Remote Work?","Hi Robert, 

ich suche derzeit für einen Kunden deutschlandweit:

1. Angular.js Developer idealerweise mit React Native Kenntnissen, aber kein Muss.
2. Go Developer idealerweise auch mit React Native Kenntnissen, aber kein Muss.

Beide Jobs können 100% remote/ortunabhängig erledigt werden.
Budget des Kunden:  bis zu 80.000 EUR p.a.

Hast du selbst Interesse oder kennst vielleicht jemanden? Dann melde dich gerne bei mir!

Vielen Dank und herzliche Grüße,

Olivier Mbalili
Senior Recruitment Consultant bei Robert Half","INBOX","","No"
"2-YWZjZGQzOTItZTJiOC01ZmZiLTliMzUtZjEyMDdmMzE3M2YyXzAxMA==","","Robert Schäfer","https://www.linkedin.com/in/roschaefer","Scott Elgar","https://www.linkedin.com/in/scott-elgar","2021-03-23 12:57:12 UTC","Senior Software Engineer | Fully Remote (12 months) | eCommerce","I guess, I wish you a good success finding other people?","INBOX","","No"
"2-YWZjZGQzOTItZTJiOC01ZmZiLTliMzUtZjEyMDdmMzE3M2YyXzAxMA==","","Robert Schäfer","https://www.linkedin.com/in/roschaefer","Scott Elgar","https://www.linkedin.com/in/scott-elgar","2021-03-23 12:56:01 UTC","Senior Software Engineer | Fully Remote (12 months) | eCommerce","They should have. I've send them my CV already.","INBOX","","No"
"2-YWZjZGQzOTItZTJiOC01ZmZiLTliMzUtZjEyMDdmMzE3M2YyXzAxMA==","","Scott Elgar","https://www.linkedin.com/in/scott-elgar","Robert Schäfer","https://www.linkedin.com/in/roschaefer","2021-03-23 12:55:07 UTC","Senior Software Engineer | Fully Remote (12 months) | eCommerce","Okay, it depends whether they put your CV forward to the team?

If they have shared your profile then there is not much I can do. I can chase up the hiring team and do a name check to see whether they have your details.","INBOX","","No"
"2-YWZjZGQzOTItZTJiOC01ZmZiLTliMzUtZjEyMDdmMzE3M2YyXzAxMA==","","Robert Schäfer","https://www.linkedin.com/in/roschaefer","Scott Elgar","https://www.linkedin.com/in/scott-elgar","2021-03-23 12:53:31 UTC","Senior Software Engineer | Fully Remote (12 months) | eCommerce","Not ""familiar"" but someone reached out to me already. How does it work for headhunters? I guess you only get compensated for folks who haven't been reached out for yet and therefore I'm not so interesting anymore, correct?","INBOX","","No"
"2-YWZjZGQzOTItZTJiOC01ZmZiLTliMzUtZjEyMDdmMzE3M2YyXzAxMA==","","Scott Elgar","https://www.linkedin.com/in/scott-elgar","Robert Schäfer","https://www.linkedin.com/in/roschaefer","2021-03-23 12:51:21 UTC","Senior Software Engineer | Fully Remote (12 months) | eCommerce","Hi Robert, it does indeed haha!

I take it you are familiar with these guys?","INBOX","","No"
"2-YWZjZGQzOTItZTJiOC01ZmZiLTliMzUtZjEyMDdmMzE3M2YyXzAxMA==","","Robert Schäfer","https://www.linkedin.com/in/roschaefer","Scott Elgar","https://www.linkedin.com/in/scott-elgar","2021-03-23 12:50:09 UTC","Senior Software Engineer | Fully Remote (12 months) | eCommerce","Hey Scott, does the name of the company start with ""D"" and end with ""o""?","INBOX","","No"
"2-YWZjZGQzOTItZTJiOC01ZmZiLTliMzUtZjEyMDdmMzE3M2YyXzAxMA==","","Scott Elgar","https://www.linkedin.com/in/scott-elgar","Robert Schäfer","https://www.linkedin.com/in/roschaefer","2021-03-23 09:22:32 UTC","Senior Software Engineer | Fully Remote (12 months) | eCommerce","Hi Robert,

I think you look a good fit for a software engineer position for a well known organisation based in London.

The teams are hiring 90+ developer over the next few months and are keen on people with strong software experience, utilising; Scala, GO, Ruby and many other languages/frameworks.

This position is 100% remote and has a flexible budget depending on experience.

Would you be keen to discuss this opportunity further?

Many thanks,

Scott Elgar
Technical Consultant at Digitech Resourcing","INBOX","","No"
"2-YmZkNTFlNTUtOWUzYS01YmVlLWE0ODYtNDk1M2YzYzRkZDRhXzAxMg==","","Robert Schäfer","https://www.linkedin.com/in/roschaefer","Nicole G.","https://www.linkedin.com/in/nicole-g-27977123","2021-03-23 12:49:25 UTC","Wir suchen einen Fullstack / Frontend Developer","Hi Nicole, thank you for reaching out, but I am not interested at this time.","INBOX","","No"
"2-YmZkNTFlNTUtOWUzYS01YmVlLWE0ODYtNDk1M2YzYzRkZDRhXzAxMg==","","Nicole G.","https://www.linkedin.com/in/nicole-g-27977123","Robert Schäfer","https://www.linkedin.com/in/roschaefer","2021-03-22 09:00:49 UTC","Wir suchen einen Fullstack / Frontend Developer","Hallo Herr Schäfer,

mein Name ist Nicole Goretzki und ich arbeite bei der Firma Xantaro (www.xantaro.net) im Personalbereich. Hier in LinkedIn bin ich auf Ihr Profil aufmerksam geworden.

Sie haben angegeben, dass Sie offen für Jobangebote sind und wir (Xantaro) suchen ein/e Developer für unser DevOps Team.

Wir suchen jemanden mit Leidenschaft und Interesse für Technologien.

Um einen ersten Eindruck von unseren Technologien zu bekommen, können Sie ein Beispiel auch gerne hier mal schauen: https://www.youtube.com/watch?v=uas4MdFspTk

Die Aufgabe bestünde darin bei der Entwicklung und Implementierung von Xantaro-eigenen Software Projekten im Bereich Netzwerkmanagement & Netzautomation mitzuwirken. Schwerpunkt dabei ist die Entwicklung von Frontend-Funktionalitäten sowie REST-API Programmierung.

Hätten Sie generell Interesse und wollen wir uns telefonisch austauschen? Oder schicken Sie gleich eine Bewerbung/Lebenslauf. Ich würde mich freuen.

Meine Nummer ist: 040-413498 204 / 0170 -6361552
hr@xantaro.net

Wenn Sie jetzt einen Schreck bekommst, weil die Vorwahl aus Hamburg kommt, brauchen Sie keine Bedenken zu haben. Wir haben u.a. einen Standort in Köln und mobiles Arbeiten, bzw. Home-Office Regelungen sind auch möglich.

Viele Grüße und schönen Wochenstart

Nicole Goretzki
HR-Administration (Recruiting) and Assistant to Strategic Board 
at Xantaro","INBOX","","No"
"2-Y2EwMjc5MDMtM2FhNi01MzQwLTlkODQtYmUzMmFkYjIxNWMyXzAxMw==","","Robert Schäfer","https://www.linkedin.com/in/roschaefer","Jeshaja Rottenberg","https://www.linkedin.com/in/jeshajarottenberg","2021-03-18 15:37:17 UTC","Ruby and/or Python jobs in the Netherlands!","Hi Jeshaja, thank you for reaching out, but I am not interested at this time.","INBOX","","No"
"2-Y2EwMjc5MDMtM2FhNi01MzQwLTlkODQtYmUzMmFkYjIxNWMyXzAxMw==","","Jeshaja Rottenberg","https://www.linkedin.com/in/jeshajarottenberg","Robert Schäfer","https://www.linkedin.com/in/roschaefer","2021-03-18 15:09:33 UTC","Ruby and/or Python jobs in the Netherlands!","Good afternoon!

Are you interested in a new challenging job in the Netherlands? For our company in Amsterdam and Rotterdam, we are looking for Ruby-on-Rails developers and/or Python skills. Preferably between 3 to 6 years of experience.
(permanent contract, relocation, 65K Gross, 53K NET per year)

About our client

The client has a modern and easy-to-use web application that offers real-time visibility, the opportunity for companies to search, compare, book and track shipments for air, rail, and sea freight directly. They not only give companies the key to a more efficient and optimized way of working but a whole new perspective of the supply chain. They believe the solution behind disrupting a traditional industry is a perfect combination of a smart developed system and a high-quality customer experience. 63 employees, IT team 15 developers.
Will expand this year with around 10 extra IT people.

In the attachment you can see the job description.

If this job is not the right one for you at the moment, please share the job within your network. It will be much appreciated!

Kind regards,

Jeshaja Rottenberg
Business Partner @ TechRise
+31646227475
jeshaja@techrise.ventures","INBOX","https://www.linkedin.com/dms/prv/vid/v2/C4D06AQFR6R6FfSHBbA/messaging-attachmentFile/messaging-attachmentFile/0/1616080173907?m=AQIx5pCtATxO_AAAAaA2BetmHk58--YOwF-TyS71t5cfxihC26RsFAKNOQ&ne=1&v=beta&t=TsCP1aHvrAAwSL6y7sMxzEHEDQd9ahAO-HSwL7f6blQ","No"
"2-MjA5NmIzYzktOWU3ZC01N2M3LTg0NGEtNDk5NzQ4MjRmZmFjXzAxMw==","","Robert Schäfer","https://www.linkedin.com/in/roschaefer","Andrew Moncaster","https://www.linkedin.com/in/andrewmoncaster","2021-03-18 10:27:39 UTC","I'd Love To Talk!","Hi Andrew,
 
I'm fairly experienced with Ruby and wanted to learn something new, at the moment I'm interested in Typescript, Golang and Flutter.
 
If the role would include working on Open-Source code I might change my mind. But assuming it doesn't, I think that someone else would be a better fit.
 
Best,
Robert","INBOX","","No"
"2-MjA5NmIzYzktOWU3ZC01N2M3LTg0NGEtNDk5NzQ4MjRmZmFjXzAxMw==","","Andrew Moncaster","https://www.linkedin.com/in/andrewmoncaster","Robert Schäfer","https://www.linkedin.com/in/roschaefer","2021-03-18 08:55:36 UTC","I'd Love To Talk!","Hi Robert,

I wanted to reach out today given your experience with Ruby. I'm currently working with a client of mine who are looking to make a number of hires to their ever expanding team.

They have won a number of large contracts recently and the current team cannot possibly keep up with the amount of work they have ongoing. The role would be 100% fully remote and they have built a fantastic team environment built upon that. They are paying up to £50k dependent on experience and will consider a wide range of experiences. 

It'd be great to run through this in more detail will you, are you free this week for a chat?

Thanks,

Andrew Moncaster
AWS Recruitment Consultant at Jefferson Frank","INBOX","","No"
"2-YWIxMTQxMTItOWE4Yi01OTNjLWFkYmYtZDg1MDA5Yjk5YjU1XzAxMw==","","Robert Schäfer","https://www.linkedin.com/in/roschaefer","Michael Grohmann","https://www.linkedin.com/in/michael-missing-link","2021-03-17 12:23:34 UTC","HPI Connection?","+4915110793987","INBOX","","No"
"2-YWIxMTQxMTItOWE4Yi01OTNjLWFkYmYtZDg1MDA5Yjk5YjU1XzAxMw==","","Robert Schäfer","https://www.linkedin.com/in/roschaefer","Michael Grohmann","https://www.linkedin.com/in/michael-missing-link","2021-03-17 12:18:08 UTC","HPI Connection?","und weg isser..","INBOX","","No"
"2-YWIxMTQxMTItOWE4Yi01OTNjLWFkYmYtZDg1MDA5Yjk5YjU1XzAxMw==","","Michael Grohmann","https://www.linkedin.com/in/michael-missing-link","Robert Schäfer","https://www.linkedin.com/in/roschaefer","2021-03-17 12:17:26 UTC","HPI Connection?","und dabei haben wir hangouts noch gelobt... 
Willst du mir kurz deine Handynummer hinterlassen?","INBOX","","No"
"2-YWIxMTQxMTItOWE4Yi01OTNjLWFkYmYtZDg1MDA5Yjk5YjU1XzAxMw==","","Michael Grohmann","https://www.linkedin.com/in/michael-missing-link","Robert Schäfer","https://www.linkedin.com/in/roschaefer","2021-03-16 11:14:14 UTC","HPI Connection?","Hey Robert, danke fürs Picken. Lass uns gern folgenden Link morgen nutzen: meet.google.com/xdp-uhzp-zyp

Viele Grüße,
Michael ","INBOX","","No"
"2-YWIxMTQxMTItOWE4Yi01OTNjLWFkYmYtZDg1MDA5Yjk5YjU1XzAxMw==","","Michael Grohmann","https://www.linkedin.com/in/michael-missing-link","Robert Schäfer","https://www.linkedin.com/in/roschaefer","2021-03-13 10:34:39 UTC","HPI Connection?","Hey Robert, danke fürs Feedback, klingt gut. Du kannst dir gern der Einfachheit halber einen Termin picken, der für dich passt via https://calendly.com/michaelmissinglink/45min

Ansonsten dir erstmal ein schönes Wochenende,
Michael","INBOX","","No"
"2-YWIxMTQxMTItOWE4Yi01OTNjLWFkYmYtZDg1MDA5Yjk5YjU1XzAxMw==","","Robert Schäfer","https://www.linkedin.com/in/roschaefer","Michael Grohmann","https://www.linkedin.com/in/michael-missing-link","2021-03-12 16:20:21 UTC","HPI Connection?","Hallo Michael, stimmt ich hab gerade wieder Kapazität. Wir können gerne mal quatschen.
 
An die beiden Gründer von neXenio kann ich mich noch vom Studium erinnern, die waren bei Meinel. Naja und die Corona-Warn-App und Luca kennt man natürlich.","INBOX","","No"
"2-YWIxMTQxMTItOWE4Yi01OTNjLWFkYmYtZDg1MDA5Yjk5YjU1XzAxMw==","","Michael Grohmann","https://www.linkedin.com/in/michael-missing-link","Robert Schäfer","https://www.linkedin.com/in/roschaefer","2021-03-12 15:18:57 UTC","HPI Connection?","Hey Robert, ich habe gesehen, dass du frisch aus der HTW raus bist.
Wir bauen gerade gemeinsam mit nexenio ihr Team weiter auf. Nexenio könnte dir aufgrund des HPI-Hintergrunds vermutlich bereits ein Begriff sein, falls nicht: die Gründer sowie ein Großteil der MA stammen vom HPI und sie bauen hochsichere und benutzerfreundliche, skalierbare Produkte (4 erfolgreich auf dem Markt. Eines davon ist Luca: eine Lösung, die eine schnelle, datenschutzkonforme Kontaktdatenverwaltung und Kontaktverfolgung für private Meetings und öffentliche Veranstaltungen, für Unternehmen und Restaurants ermöglicht und gleichzeitig Gesundheitsämter einbindet und deren Arbeit stark vereinfacht).
Aktuell suchen wir in vielen Feldern (native Mobile (iOS & Android), FE, BE). Solltest du prinzipiell Interesse haben, lass uns doch gern mal hierzu sprechen, damit ich dir zudem etwas mehr über die Kultur, das Umfeld etc erzählen kann.

Ich freue mich, von dir zu hören.

Ansonsten dir nen schönen Start ins Wochenende,
Michael","INBOX","","No"
"2-N2I2YzBlN2ItM2I2MS00NTJiLTlkOTctYjg0NmY0M2E3MGRlXzAxMw==","","Veronica Lago Vilaro","https://www.linkedin.com/in/veronica-lago-vilaro-54b24b9a","Robert Schäfer","https://www.linkedin.com/in/roschaefer","2021-02-16 12:30:24 UTC","","Forget it!","INBOX","","No"
"2-N2I2YzBlN2ItM2I2MS00NTJiLTlkOTctYjg0NmY0M2E3MGRlXzAxMw==","","Veronica Lago Vilaro","https://www.linkedin.com/in/veronica-lago-vilaro-54b24b9a","Robert Schäfer","https://www.linkedin.com/in/roschaefer","2021-02-16 12:30:10 UTC","","?","INBOX","","No"
"2-N2I2YzBlN2ItM2I2MS00NTJiLTlkOTctYjg0NmY0M2E3MGRlXzAxMw==","","Robert Schäfer","https://www.linkedin.com/in/roschaefer","Veronica Lago Vilaro","https://www.linkedin.com/in/veronica-lago-vilaro-54b24b9a","2021-02-16 12:14:19 UTC","","Johannes has signed up at LinkedIn - You can send him this message!","INBOX","","No"
"2-N2I2YzBlN2ItM2I2MS00NTJiLTlkOTctYjg0NmY0M2E3MGRlXzAxMw==","","Veronica Lago Vilaro","https://www.linkedin.com/in/veronica-lago-vilaro-54b24b9a","Robert Schäfer","https://www.linkedin.com/in/roschaefer","2021-02-16 02:39:58 UTC","","Für johannes ","INBOX","","No"
"2-MTI1MDVjYjEtMTIzYy01ODEwLWI4NTktNDY4MTQ0NTUyMmRiXzAxMA==","","Girish  Iyer","https://www.linkedin.com/in/girishiyer7","Robert Schäfer","https://www.linkedin.com/in/roschaefer","2020-12-08 11:17:13 UTC","Greetings from Hexad.","Dear All,

Here is an exciting opportunity for Fullstack Developer with Digital Transformation partner Hexad GmbH on long-term commitment in Berlin Location. Please share your updated resume copy to my colleague email id sridevi.k@hexad.de would you be interested in discussing more in detail about this opportunity?

Regards,

Girish Iyer
Human Resources Manager at Hexad GmbH","INBOX","","No"
"2-MTI1MDVjYjEtMTIzYy01ODEwLWI4NTktNDY4MTQ0NTUyMmRiXzAxMA==","","Girish  Iyer","https://www.linkedin.com/in/girishiyer7","Robert Schäfer","https://www.linkedin.com/in/roschaefer","2020-04-14 09:48:25 UTC","Greetings from Hexad.","Dear,

I saw your profile on Linkedin and impressed by your skills and achievements.

I am looking for someone who can fill up the role of Full Stack Developer. I think you could use and grow your expertise in this position. Please share your updated resume on shashikala.j@hexad.de

I would like to tell you more about the position and get to know you better 
Our Company, Hexad GmbH is an internationally reputed enterprise specialized in state-of-the-art technologies based in Wolfsburg, Germany, and branches in Hannover, Berlin, Ingolstadt, and Barcelona/Spain.   

Our company is the fastest-growing company in the sector of internet software and services. 

Check out our company website with the link below. 

www.hexad.de

Would you be interested in talking more about this role?

Regards,

Girish Iyer
Human Resources Manager at Hexad GmbH","INBOX","","No"
"2-ZWUwYmZjNmItODRiYy01ZjU5LTk5MTUtNjJiOGRmNzAzOTRmXzAxMw==","","Katrin F.","https://www.linkedin.com/in/katfries","Robert Schäfer","https://www.linkedin.com/in/roschaefer","2020-07-15 08:11:11 UTC","Sustainable and innovative smart home solutions: IoT data platform","Hi Robert, 

I'm impressed by your professional record and I want to hear more about your experiences. We are currently looking for a strong addition to our engineering team. 

GROPYUS is a prop-tech startup. We are creating buildings with a strong focus on sustainability and innovation by using timber-based hybrid modules. Our work is highly digitalized, automized, and prefabricated. We are changing the way people build and live. We're very ambitious and need experienced people who help us reach our goals.

As part of our team you'll have the opportunity to shape an organization in its early stage and be part of an entrepreneurial environment open for your ideas and initiatives! We offer a generous compensation package that reflects your skills and experience.

Together, we will be working on products with a high impact on our society.

I want to have a chat with you to tell you more about us and your opportunities here. What day and time work best for you?

Best,

Katrin Friesenbichler
Recruiter at GROPYUS","INBOX","","No"
"2-MWU5NjI1NmQtYTAwYi01YzI5LTk3NTEtOGJjNDU0ZGY3OGI1XzAxMg==","","João Louza Brito","https://www.linkedin.com/in/joaolouzabrito","Robert Schäfer","https://www.linkedin.com/in/roschaefer","2020-04-16 08:26:47 UTC","Connecting with great tech people, Robert!","Hi Robert, 

Hope you're safe and healthy, and you don't mind my cold approach! I'm part of the talent.io team, the first reverse recruitment platform in Europe.

I noticed you are now looking for a new challenge and I wish you all the success in your job hunt! I decided to reach out to let you know about our solution to disrupt the tech recruitment market, where companies apply to you and not the other way around, where hopefully we can work together to find your next career move! You can sign up using this link: https://www.talent.io/go-jbo. It's totally free and easy, you just need to import your LinkedIn profile and that's it!

In the meantime, have a look at the file attached with an overview of your next steps at talent.io :)
Let me know if you have any questions!
Cheers and stay safe,

 João Louza Brito
Tech Talent Sourcer at talent.io","INBOX","https://www.linkedin.com/dms/prv/vid/v2/C5606AQFKikC5Lve4zA/messaging-attachmentFile/messaging-attachmentFile/0/1587025607434?m=AQLTNnvf50t_cQAAAaA2BetoNHvIolcWIKSDB7Cm89R1DaJ-_b_Vki5Rmg&ne=1&v=beta&t=eXI4GFT4tKO15aK3RwKInwMwGtuct_R_7zhkQql78wo","No"
"2-OTIxMGE5YzUtMmU1My01NzEwLWIwNGEtNTI0NDU1Y2U5ZTc5XzAwMA==","","Steve Hook","https://www.linkedin.com/in/steve-hook-7817495a","Robert Schäfer","https://www.linkedin.com/in/roschaefer","2018-06-27 17:32:13 UTC","Careem. Berlin & Dubai's Billion Dollar Start-up & Tech Unicorn. A must read.","Robert Hi, 

I'm the Talent Partner for Careem, Berlin's Billion Dollar Start-up (a competitor to Uber). 

With a 1.5Billion Dollar evaluation and $500 Million in recent funding we're scaling our core R&D centre here in Berlin (and Dubai) at the speed of light. These are complex engineering problems focused within the Ride Hailing & Logistics Domain. 

Projects, technologies and roadmap are detailed in the attached FAQ document. 

Based on your profile and experience I would like to consider you for a Junior to Mid Level Engineering position in Berlin or Dubai where you can expect a starting salary from around 60K-70K EU. Dubai will attract a tax free equivalent. 

Please do come back to me. Thank you for your time.

 Stephen Hook
Snr Tech Recruiter @Careem","INBOX","https://www.linkedin.com/dms/prv/vid/v2/C4E06AQEo3OdqkNC3og/messaging-attachmentFile/messaging-attachmentFile/0/1537574573902?m=AQIOUEblWdIaVQAAAaA2BetiIXkEI3GOpq8WkltrV5k8d252Uvj4nvIzWw&ne=1&v=beta&t=XLXWIIkFX1vpPpPCZnZMveVGd5250jdXrQEUPli1ZVE","No"
"2-M2U2NDIwOTQtNGM3My01MTUwLTlhYWEtNTEyYzkwNjZjZmI1XzAwMA==","","Martina Schlager","https://www.linkedin.com/in/schlgr","Robert Schäfer","https://www.linkedin.com/in/roschaefer","2018-03-20 16:13:33 UTC","","freut mich!","INBOX","","No"
"2-M2U2NDIwOTQtNGM3My01MTUwLTlhYWEtNTEyYzkwNjZjZmI1XzAwMA==","","Robert Schäfer","https://www.linkedin.com/in/roschaefer","Martina Schlager","https://www.linkedin.com/in/schlgr","2018-03-20 15:55:44 UTC","","Okidoki, Freitag, 23. März, 16:00 Kantstrasse 34","INBOX","","No"
"2-M2U2NDIwOTQtNGM3My01MTUwLTlhYWEtNTEyYzkwNjZjZmI1XzAwMA==","","Martina Schlager","https://www.linkedin.com/in/schlgr","Robert Schäfer","https://www.linkedin.com/in/roschaefer","2018-03-20 15:16:45 UTC","","Komm doch Freitag Nachmittag rum so ab 16h? Cheers","INBOX","","No"
"2-M2U2NDIwOTQtNGM3My01MTUwLTlhYWEtNTEyYzkwNjZjZmI1XzAwMA==","","Robert Schäfer","https://www.linkedin.com/in/roschaefer","Martina Schlager","https://www.linkedin.com/in/schlgr","2018-03-20 15:06:32 UTC","","Hm, am liebsten wäre mir natürlich Donnerstag gewesen :D, dann ginge noch Freitag nachmittag, Montag kommende Woche.","INBOX","","No"
"2-M2U2NDIwOTQtNGM3My01MTUwLTlhYWEtNTEyYzkwNjZjZmI1XzAwMA==","","Martina Schlager","https://www.linkedin.com/in/schlgr","Robert Schäfer","https://www.linkedin.com/in/roschaefer","2018-03-20 14:57:53 UTC","","Wie siehts aus mit Morgen/Mittwoch oder Freitag?","INBOX","","No"
"2-M2U2NDIwOTQtNGM3My01MTUwLTlhYWEtNTEyYzkwNjZjZmI1XzAwMA==","","Robert Schäfer","https://www.linkedin.com/in/roschaefer","Martina Schlager","https://www.linkedin.com/in/schlgr","2018-03-20 14:54:34 UTC","","Wann habt ihr denn Zeit?","INBOX","","No"
"2-M2U2NDIwOTQtNGM3My01MTUwLTlhYWEtNTEyYzkwNjZjZmI1XzAwMA==","","Robert Schäfer","https://www.linkedin.com/in/roschaefer","Martina Schlager","https://www.linkedin.com/in/schlgr","2018-03-20 14:53:38 UTC","","Ja, hätte ich","INBOX","","No"
"2-M2U2NDIwOTQtNGM3My01MTUwLTlhYWEtNTEyYzkwNjZjZmI1XzAwMA==","","Robert Schäfer","https://www.linkedin.com/in/roschaefer","Martina Schlager","https://www.linkedin.com/in/schlgr","2018-03-20 14:53:32 UTC","","Die Mail wird verschickt...","INBOX","","No"
"2-M2U2NDIwOTQtNGM3My01MTUwLTlhYWEtNTEyYzkwNjZjZmI1XzAwMA==","","Martina Schlager","https://www.linkedin.com/in/schlgr","Robert Schäfer","https://www.linkedin.com/in/roschaefer","2018-03-20 14:51:44 UTC","","PS - schick mir den CV nochmal bitte an martina at seatris.com, danke.","INBOX","","No"
"2-M2U2NDIwOTQtNGM3My01MTUwLTlhYWEtNTEyYzkwNjZjZmI1XzAwMA==","","Martina Schlager","https://www.linkedin.com/in/schlgr","Robert Schäfer","https://www.linkedin.com/in/roschaefer","2018-03-20 14:51:25 UTC","","Hallo Robert - hast du mal Zeit und Lust bei uns in der Kantstraße vorbei zu kommen? Cheers Martina","INBOX","","No"
"2-M2U2NDIwOTQtNGM3My01MTUwLTlhYWEtNTEyYzkwNjZjZmI1XzAwMA==","","Robert Schäfer","https://www.linkedin.com/in/roschaefer","Martina Schlager","https://www.linkedin.com/in/schlgr","2018-03-20 14:26:03 UTC","","Yes, I've already sent you my CV via mail. We can talk by phone or face-to-face (I'm based in Berlin). Cheers, Robert","INBOX","","No"
"2-M2U2NDIwOTQtNGM3My01MTUwLTlhYWEtNTEyYzkwNjZjZmI1XzAwMA==","","Martina Schlager","https://www.linkedin.com/in/schlgr","Robert Schäfer","https://www.linkedin.com/in/roschaefer","2018-03-20 14:15:33 UTC","","Hello Robert - we - Seatris AI - are growing our team and we currently are hiring a Teamlead Frontend Development in Ember full-time. Is this interesting to you? Then let's talk! Cheers Martina","INBOX","","No"
"2-NzUyMTI1NTEtNzkzMS01NTFhLTk4MjktOGQxZjg3Zjk3ZThkXzAwMA==","","Robert Schäfer","https://www.linkedin.com/in/roschaefer","Rocky Neurock","https://www.linkedin.com/in/jneurock","2018-03-20 15:09:52 UTC","","I see. That's the connection. Thanks a lot for your info. Cheers","INBOX","","No"
"2-NzUyMTI1NTEtNzkzMS01NTFhLTk4MjktOGQxZjg3Zjk3ZThkXzAwMA==","","Rocky Neurock","https://www.linkedin.com/in/jneurock","Robert Schäfer","https://www.linkedin.com/in/roschaefer","2018-03-20 15:07:39 UTC","","Sure thing. Their COO, Martina, said she would reach out to you. I met with them to see if the position was a good fit. It sounded really nice but I'm not really motivated to leave Kloeckner. I hope all goes well.

Thanks,
-- Rocky","INBOX","","No"
"2-NzUyMTI1NTEtNzkzMS01NTFhLTk4MjktOGQxZjg3Zjk3ZThkXzAwMA==","","Robert Schäfer","https://www.linkedin.com/in/roschaefer","Rocky Neurock","https://www.linkedin.com/in/jneurock","2018-03-20 14:24:52 UTC","","Hi Rocky, yes I am interested. Feel free to forward me.","INBOX","","No"
"2-NzUyMTI1NTEtNzkzMS01NTFhLTk4MjktOGQxZjg3Zjk3ZThkXzAwMA==","","Rocky Neurock","https://www.linkedin.com/in/jneurock","Robert Schäfer","https://www.linkedin.com/in/roschaefer","2018-03-20 14:15:42 UTC","","Hi Robert, we met at the Ember meet up in January. Florian said you inquired about openings at Kloeckner but that we aren't hiring for a while. I wanted to connect and also see if you might be interested in an Ember gig at a company called Seatris, in Berlin.","INBOX","","No"
"2-Yjg4ZGJiYTEtY2IxZi01ODI1LTg5NDctNWEyZDFkNTI2MmVjXzAwMA==","","Robert Schäfer","https://www.linkedin.com/in/roschaefer","Benjamin Reißaus","https://www.linkedin.com/in/benjamin-reissaus","2018-03-13 22:54:05 UTC","","Alter wie dumm ist das denn?! Vorgefertigte Phrasen für die HR Leute, die nicht wissen, was man schreiben soll?","INBOX","","No"
"2-Yjg4ZGJiYTEtY2IxZi01ODI1LTg5NDctNWEyZDFkNTI2MmVjXzAwMA==","","Robert Schäfer","https://www.linkedin.com/in/roschaefer","Benjamin Reißaus","https://www.linkedin.com/in/benjamin-reissaus","2018-03-13 22:53:19 UTC","","Best regards","INBOX","","No"
"2-Yjg4ZGJiYTEtY2IxZi01ODI1LTg5NDctNWEyZDFkNTI2MmVjXzAwMA==","","Robert Schäfer","https://www.linkedin.com/in/roschaefer","Benjamin Reißaus","https://www.linkedin.com/in/benjamin-reissaus","2018-03-13 22:53:15 UTC","","Hope all is well","INBOX","","No"
"2-Yjg4ZGJiYTEtY2IxZi01ODI1LTg5NDctNWEyZDFkNTI2MmVjXzAwMA==","","Robert Schäfer","https://www.linkedin.com/in/roschaefer","Benjamin Reißaus","https://www.linkedin.com/in/benjamin-reissaus","2018-03-13 22:53:10 UTC","","Long time","INBOX","","No"
"2-Yjg4ZGJiYTEtY2IxZi01ODI1LTg5NDctNWEyZDFkNTI2MmVjXzAwMA==","","Robert Schäfer","https://www.linkedin.com/in/roschaefer","Benjamin Reißaus","https://www.linkedin.com/in/benjamin-reissaus","2018-03-13 22:53:06 UTC","","How are you?","INBOX","","No"
"2-Yjg4ZGJiYTEtY2IxZi01ODI1LTg5NDctNWEyZDFkNTI2MmVjXzAwMA==","","Robert Schäfer","https://www.linkedin.com/in/roschaefer","Benjamin Reißaus","https://www.linkedin.com/in/benjamin-reissaus","2018-03-13 22:53:03 UTC","","Nice to meet you","INBOX","","No"
"2-Yjg4ZGJiYTEtY2IxZi01ODI1LTg5NDctNWEyZDFkNTI2MmVjXzAwMA==","","Robert Schäfer","https://www.linkedin.com/in/roschaefer","Benjamin Reißaus","https://www.linkedin.com/in/benjamin-reissaus","2018-03-13 22:52:59 UTC","","Dear","INBOX","","No"
"2-Yjg4ZGJiYTEtY2IxZi01ODI1LTg5NDctNWEyZDFkNTI2MmVjXzAwMA==","","Robert Schäfer","https://www.linkedin.com/in/roschaefer","Benjamin Reißaus","https://www.linkedin.com/in/benjamin-reissaus","2018-03-13 22:52:55 UTC","","Tell me","INBOX","","No"
"2-Yjg4ZGJiYTEtY2IxZi01ODI1LTg5NDctNWEyZDFkNTI2MmVjXzAwMA==","","Robert Schäfer","https://www.linkedin.com/in/roschaefer","Benjamin Reißaus","https://www.linkedin.com/in/benjamin-reissaus","2018-03-13 22:52:45 UTC","","Yes","INBOX","","No"
"2-Yjg4ZGJiYTEtY2IxZi01ODI1LTg5NDctNWEyZDFkNTI2MmVjXzAwMA==","","Benjamin Reißaus","https://www.linkedin.com/in/benjamin-reissaus","Robert Schäfer","https://www.linkedin.com/in/roschaefer","2018-03-13 20:26:08 UTC","","süß","INBOX","","No"
"2-Yjg4ZGJiYTEtY2IxZi01ODI1LTg5NDctNWEyZDFkNTI2MmVjXzAwMA==","","Robert Schäfer","https://www.linkedin.com/in/roschaefer","Benjamin Reißaus","https://www.linkedin.com/in/benjamin-reissaus","2018-03-13 20:25:08 UTC","","Kackbratze","INBOX","","No"
"2-YzFlOGVmYTktMjM0ZS00MGNmLWJlOGUtZmJiYWM2Y2M4YjRhXzAxMA==","Sponsored Conversation","Robert Schäfer","https://www.linkedin.com/in/roschaefer","LinkedIn Member","","2024-10-12 13:04:02 UTC","","Remote jobs","ARCHIVE","","No"
"2-YzFlOGVmYTktMjM0ZS00MGNmLWJlOGUtZmJiYWM2Y2M4YjRhXzAxMA==","Sponsored Conversation","LinkedIn Member","","Robert Schäfer","https://www.linkedin.com/in/roschaefer","2024-09-16 21:12:29 UTC","","<p class=""spinmail-quill-editor__spin-break"">Hi %FIRSTNAME%,</p><p class=""spinmail-quill-editor__spin-break""><br></p><p class=""spinmail-quill-editor__spin-break"">My name is Kristen, and I’m from LinkedIn.</p><p class=""spinmail-quill-editor__spin-break""><br></p><p class=""spinmail-quill-editor__spin-break"">Here’s a helpful tip for quickly finding WFH opportunities. Use the search filter tool to feature only remote and hybrid roles. Give it a try.</p>","ARCHIVE","","No"
"2-Nzk3OTgxYzQtNDIwZi00MzgwLThkZWYtMzkzNDZkMTFmYmFmXzAxMA==","Sponsored Conversation","LinkedIn Member","","Robert Schäfer","https://www.linkedin.com/in/roschaefer","2024-07-29 07:35:48 UTC","","<p class=""spinmail-quill-editor__spin-break"">Hi there, %FIRSTNAME%! </p><p class=""spinmail-quill-editor__spin-break""><br></p><p class=""spinmail-quill-editor__spin-break"">My name is Franklin from the LinkedIn Premium team. Despite recent economic uncertainty, a number of companies are still posting jobs. Would you like to try Premium for free to accelerate your job search?</p>","ARCHIVE","","No"
"2-ZWI4MGY3ZWQtYmFiZS00OTRjLWIxNmMtNWNhYjQ5YmE0MGYwXzAxMA==","Sponsored Conversation","LinkedIn Member","","Robert Schäfer","https://www.linkedin.com/in/roschaefer","2024-06-05 11:55:10 UTC","","<p class=""spinmail-quill-editor__spin-break"">Hi there, %FIRSTNAME%!</p><p class=""spinmail-quill-editor__spin-break""><br></p><p class=""spinmail-quill-editor__spin-break"">My name is Franklin from the LinkedIn Premium team. The %INDUSTRY% sector is still posting jobs, despite recent economic uncertainty. Would you like to try Premium for free to find a job faster?</p>","ARCHIVE","","No"
"2-NTUyNzBmYTQtMzY0Zi00YzYxLWE4OTQtNWUzNGRmZjZlNjAxXzAxMA==","Sponsored Conversation","LinkedIn Member","","Robert Schäfer","https://www.linkedin.com/in/roschaefer","2024-02-08 07:20:20 UTC","","<p class=""spinmail-quill-editor__spin-break"">Hi there, %FIRSTNAME%! My name is Franklin from the LinkedIn Premium team and I’d like to invite you to try Premium for free. We’ve recently seen an increase in job postings that might be a good fit.</p><p class=""spinmail-quill-editor__spin-break""><br></p><p class=""spinmail-quill-editor__spin-break"">Are you focusing more on connecting to hiring managers or developing your professional skills?</p>","ARCHIVE","","No"
"2-YWNmNGFjZDktMjYwNi00NDYxLTk1ODYtMDk5YWU1ZjgzNTk0XzAxMw==","Sponsored Conversation","LinkedIn Member","","Robert Schäfer","https://www.linkedin.com/in/roschaefer","2023-11-14 19:13:22 UTC","","<p class=""spinmail-quill-editor__spin-break"">Hi there, %FIRSTNAME%! My name is Franklin from the LinkedIn Premium team. The %INDUSTRY% sector is still posting jobs, despite recent economic uncertainty. Would you like to try Premium for free to find a job faster?</p>","ARCHIVE","","No"
"2-NDFiYzI0ZDMtYTkwMy00ODg5LTgyODEtZDczZjBlNWZiNzkxXzAxMg==","Sponsored Conversation","LinkedIn Member","","Robert Schäfer","https://www.linkedin.com/in/roschaefer","2023-09-29 05:41:46 UTC","","<p class=""spinmail-quill-editor__spin-break"">Hi there, %FIRSTNAME%! My name is Franklin from the LinkedIn Premium team. Despite recent economic uncertainty, a number of companies are still posting jobs. Would you like to try Premium for free to accelerate your job search?</p>","ARCHIVE","","No"
"2-MmQ2OGEwN2EtOWMxMS00NTFiLTljMTQtNWNjNGE2M2ZlNjFiXzAxMg==","Kontaktaufnahme Majori","LinkedIn Member","","Robert Schäfer","https://www.linkedin.com/in/roschaefer","2023-08-30 18:22:58 UTC","Kontaktaufnahme Majori","Guten Abend Robert,
ohne dir einen ellenlangen Text zu schicken, möchte ich dich dennoch gerne fragen, ob du derzeit für attraktive Jobmöglichkeiten offen bist? 
Meine Partnerunternehmen suchen nach qualifizierten Softwareentwicklern wie dir! 

Wir vermitteln ausschließlich direkt in eine unbefristete Festanstellung. Keine ANÜ, Keine Zeitarbeit.

Falls das interessant klingt, freue ich mich auf deine Rückmeldung!
 
Liebe Grüße
Juliette","ARCHIVE","","No"
"2-MTkwZTczZjYtM2NjMC00MDEyLWJiM2QtMjFjYTdhYTVlZjUzXzAxMg==","Sponsored Conversation","LinkedIn Member","","Robert Schäfer","https://www.linkedin.com/in/roschaefer","2023-08-09 02:53:20 UTC","","Hi there, %FIRSTNAME%! My name is Diane from the LinkedIn Premium team. Despite recent economic uncertainty, a number of companies are still posting jobs. Would you like to try Premium for free to accelerate your job search?
","ARCHIVE","","No"
"2-ZTkwMWQ0YTUtOWNmMy00ZDUzLWJiYWQtNGUzMmMzYTNlYzdiXzAxMg==","Find your next job on LinkedIn","Melissa Torres","","Robert Schäfer","https://www.linkedin.com/in/roschaefer","2023-06-25 01:15:19 UTC","","<p class=""spinmail-quill-editor__spin-break"">Hi Robert,</p><p class=""spinmail-quill-editor__spin-break""><br></p><p class=""spinmail-quill-editor__spin-break""><strong>Looking for job openings?</strong></p><p class=""spinmail-quill-editor__spin-break"">Find open jobs near you that match your skills and experience.</p><p class=""spinmail-quill-editor__spin-break""><br></p><p class=""spinmail-quill-editor__spin-break""><strong>To get started:</strong></p><p class=""spinmail-quill-editor__spin-break""><br></p><ol><li><a rel=""noopener"" href=""https://www.linkedin.com/jobs/search?trk=li_LOL_SPIN_global_careers_jobsgtm_Acquisition_Sept2020_spinv4&amp;mcid=6714929004115234819&li_fat_id=b650b0ce-a6d0-4697-a208-4ea128b6983b"" target=""_blank"">Search</a> for open jobs.</li><li>Filter down to the jobs near you, based on experience level, salary, and more.</li><li>Create a search alert to be the first to know about new jobs.</li></ol><p class=""spinmail-quill-editor__spin-break""><a rel=""noopener"" href=""https://www.linkedin.com/jobs/search?trk=li_LOL_SPIN_global_careers_jobsgtm_Acquisition_Sept2020_spinv4&amp;mcid=6714929004115234819&li_fat_id=b650b0ce-a6d0-4697-a208-4ea128b6983b"" target=""_blank"">Start your search today</a>, and find people who are hiring on LinkedIn.</p><p class=""spinmail-quill-editor__spin-break""><br></p><p class=""spinmail-quill-editor__spin-break"">We’re in this together,</p><p class=""spinmail-quill-editor__spin-break"">Jason from LinkedIn</p>","ARCHIVE","","No"
"2-OGNmM2ViYzAtMWYzYi00YmYzLThmYmItZWViMmU5NWU5ZjUzXzAxMw==","Sponsored Conversation","LinkedIn Member","","Robert Schäfer","https://www.linkedin.com/in/roschaefer","2023-05-05 01:47:11 UTC","","Hi %FIRSTNAME%,

Are you currently exploring new job opportunities?

If so, I can introduce you to some of Linkedin’s tools to help with your search.
","ARCHIVE","","No"
"2-MDU0N2JiOTAtZjA0Yi00ZDBjLWFjZjMtODJhMmQ5OTcwOTU2XzAxMg==","Sponsored Conversation","LinkedIn Member","","Robert Schäfer","https://www.linkedin.com/in/roschaefer","2023-03-15 00:26:23 UTC","","Hi %FIRSTNAME%,

We'd like to invite you to try LinkedIn Learning free for one month. Whether you’re growing your career, job seeking, or leading a team, LinkedIn Learning has relevant on-demand courses to help you keep learning in the moments that matter.

Which courses would you like to explore first?","ARCHIVE","","No"
"2-ZDcxMGVlMGYtMzk0Mi00ZmEyLWE2NWEtODdiNmI1OTQwMTlmXzAxMg==","Sponsored Conversation","LinkedIn Member","","Robert Schäfer","https://www.linkedin.com/in/roschaefer","2023-01-05 08:34:15 UTC","","Hi there, %FIRSTNAME%! My name is Diane from the LinkedIn Premium team. We’ve recently seen an increase in job postings that might be a good fit. Would you like to try Premium for free to learn more about these opportunities?
","ARCHIVE","","No"
"2-MmZhOTkyNTMtOTA1Zi00NmE4LThlYzAtMGI1MDliZDdjOGRhXzAxMg==","Thanks for being a valued member","Diane from LinkedIn Premium","","Robert Schäfer","https://www.linkedin.com/in/roschaefer","2022-09-21 01:02:43 UTC","","<p class=""spinmail-quill-editor__spin-break"">Hi Robert,</p><p class=""spinmail-quill-editor__spin-break""><br></p><p class=""spinmail-quill-editor__spin-break"">I'd like to offer you a <a rel=""noopener"" href=""https://www.linkedin.com/comm/premium/products?family=jss&amp;type=premium&amp;src=li-in&amp;trk=spinml_mktg_jss_ha_c_PREMIUM_C_JSS_SM_MA_GLOBAL_EN_Prop_818_ACCN_SM_Jul-2021_V3_Firewood&amp;mcid=6816733381875834882&amp;utype=job&li_fat_id=3da59c77-6005-46c0-ac2c-54c95e2a67d0"" target=""_blank"">free trial of LinkedIn Premium</a>.</p><p class=""spinmail-quill-editor__spin-break""><br></p><p class=""spinmail-quill-editor__spin-break"">LinkedIn Premium gives you access to the following benefits:</p><p class=""spinmail-quill-editor__spin-break""><br></p><ul><li><strong>LinkedIn Learning Courses</strong> so you can sharpen your skills with 15,000+ expert-led video courses.</li><li><strong>InMail Messaging</strong> so you can contact anyone, even if you’re not connected.</li><li><strong>Who's Viewed Your Profile</strong>, to see everyone who viewed your profile over the last 90 days.</li><li><strong>Top Applicant</strong> to see a list of jobs where you’re a great fit.</li><li><strong>Competitive Insights</strong> on people who are applying to the same job as you.</li></ul><p class=""spinmail-quill-editor__spin-break"">Start your 1 month free trial today.</p><p class=""spinmail-quill-editor__spin-break""><br></p><p class=""spinmail-quill-editor__spin-break"">Sincerely,&nbsp;</p><p class=""spinmail-quill-editor__spin-break"">Diane &amp; the LinkedIn Premium Team&nbsp;</p>","ARCHIVE","","No"
"2-N2U0MTgwYzUtNzY3MS00ZDk0LThiYTEtZWVmZmQyMDIwYmE1XzAxMw==","Sponsored Conversation","LinkedIn Member","","Robert Schäfer","https://www.linkedin.com/in/roschaefer","2022-07-04 22:18:08 UTC","","Hi there, %FIRSTNAME%! My name is Diane from the LinkedIn Premium team. We’ve recently seen an increase in job postings that might be a good fit. Would you like to try Premium for free to learn more about these opportunities?","ARCHIVE","","No"
"2-NTcwODE5MTItNGU4ZS00MDc5LTgxOGMtOTEwM2Y3NDQzZmU0XzAxMw==","Unlock Premium, Try for Free","Diane from LinkedIn Premium","","Robert Schäfer","https://www.linkedin.com/in/roschaefer","2022-03-15 18:32:55 UTC","","<p class=""spinmail-quill-editor__spin-break"">Hi Robert,</p><p class=""spinmail-quill-editor__spin-break""><br></p><p class=""spinmail-quill-editor__spin-break"">I'd like to offer you a <a rel=""noopener"" href=""https://www.linkedin.com/comm/premium/products?family=jss&amp;type=premium&amp;src=li-in&amp;trk=spinml_mktg_jss_ha_c_PREMIUM_C_JSS_SM_MA_GLOBAL_EN_Prop_818_ACCN_SM_Jul-2021_V4_Firewood&amp;mcid=6816733381875834883&amp;utype=job&li_fat_id=b71362d9-67d9-46d8-ba12-14581c2bb8dc"" target=""_blank"">free trial of LinkedIn Premium</a>.</p><p class=""spinmail-quill-editor__spin-break""><br></p><p class=""spinmail-quill-editor__spin-break"">LinkedIn Premium gives you access to the following benefits:</p><p class=""spinmail-quill-editor__spin-break""><br></p><ul><li><strong>LinkedIn Learning Courses</strong> so you can sharpen your skills with 15,000+ expert-led video courses.</li><li><strong>InMail Messaging</strong> so you can contact anyone, even if you’re not connected.</li><li><strong>Who's Viewed Your Profile</strong>, to see everyone who viewed your profile over the last 90 days.</li><li><strong>Top Applicant</strong> to see a list of jobs where you’re a great fit.</li><li><strong>Competitive Insights</strong> on people who are applying to the same job as you.</li></ul><p class=""spinmail-quill-editor__spin-break"">Start your 1 month free trial today.</p><p class=""spinmail-quill-editor__spin-break""><br></p><p class=""spinmail-quill-editor__spin-break"">Sincerely,&nbsp;</p><p class=""spinmail-quill-editor__spin-break"">Diane &amp; the LinkedIn Premium Team&nbsp;</p>","ARCHIVE","","No"
"2-MDc5YzRiOGMtZWZmZi00ZjNhLWJmNGYtYmJjN2E1ODhlYmEwXzAxMw==","Thanks for being a valued member","Melissa from LinkedIn Premium","","Robert Schäfer","https://www.linkedin.com/in/roschaefer","2022-01-11 04:42:49 UTC","","<p class=""spinmail-quill-editor__spin-break"">Hi Robert,</p><p class=""spinmail-quill-editor__spin-break""><br></p><p class=""spinmail-quill-editor__spin-break"">I'd like to offer you a <a rel=""noopener"" href=""https://www.linkedin.com/comm/premium/products?family=jss&amp;type=premium&amp;src=li-in&amp;trk=spinml_mktg_jss_ha_c_PREMIUM_C_JSS_SM_MA_GLOBAL_EN_Prop_818_ACCN_SM_Jul-2021_V1_Firewood&amp;mcid=6816733381875834880&amp;utype=job&li_fat_id=d2fbb4a4-e78a-42ba-9ad3-59a11a9b9ad3"" target=""_blank"">free trial of LinkedIn Premium</a>.</p><p class=""spinmail-quill-editor__spin-break""><br></p><p class=""spinmail-quill-editor__spin-break"">LinkedIn Premium gives you access to the following benefits:</p><p class=""spinmail-quill-editor__spin-break""><br></p><ul><li><strong>LinkedIn Learning Courses</strong> so you can sharpen your skills with 15,000+ expert-led video courses.</li><li><strong>InMail Messaging</strong> so you can contact anyone, even if you’re not connected.</li><li><strong>Who's Viewed Your Profile</strong>, to see everyone who viewed your profile over the last 90 days.</li><li><strong>Top Applicant</strong> to see a list of jobs where you’re a great fit.</li><li><strong>Competitive Insights</strong> on people who are applying to the same job as you.</li></ul><p class=""spinmail-quill-editor__spin-break"">Start your 1 month free trial today.</p><p class=""spinmail-quill-editor__spin-break""><br></p><p class=""spinmail-quill-editor__spin-break"">Sincerely,&nbsp;</p><p class=""spinmail-quill-editor__spin-break"">Melissa &amp; the LinkedIn Premium Team&nbsp;</p>","ARCHIVE","","No"
"2-ODFkZGFjZmMtZWU5NS00ZTg1LTg5MzMtMzExOWY2ZDUzYWJjXzAxMw==","Werde Teil unseres Teams - Web Developer (w/m/d).","Jana Albertmann","","Robert Schäfer","https://www.linkedin.com/in/roschaefer","2021-12-29 17:53:53 UTC","","<p class=""spinmail-quill-editor__spin-break"">Hallo Robert,</p><p class=""spinmail-quill-editor__spin-break""><br></p><p class=""spinmail-quill-editor__spin-break"">ich hoffe dir geht’s gut und du bist erfolgreich in die neue Woche gestartet?</p><p class=""spinmail-quill-editor__spin-break""><br></p><p class=""spinmail-quill-editor__spin-break"">Wie ich sehe, brennst du für Themen aus der Welt der Webentwicklung! Genau passend, um dich für unser Team zu begeistern.</p><p class=""spinmail-quill-editor__spin-break""><br></p><p class=""spinmail-quill-editor__spin-break""><em>Aktuell sind wir auf der Suche nach Web Developern (w/m/d), die uns dabei helfen unser Produkt auf das nächste Level zu heben!</em></p><p class=""spinmail-quill-editor__spin-break""><br></p><p class=""spinmail-quill-editor__spin-break"">Neben tollen Kollegen aus unterschiedlichen Disziplinen (Data Science, Machine Learning, UX Design), könnte für dich folgendes noch interessant sein: Wir arbeiten mit State of the Art Technologien und modernstem Equipment. Flexible Arbeitszeiten und remote work sind bei uns fester Bestandteil der Unternehmenskultur. Und im Büro findest du neben genügend Mate, Cola, Obst, Müsli auch sehr guten Kaffee und davon so viel du willst!!</p><p class=""spinmail-quill-editor__spin-break""><br></p><p class=""spinmail-quill-editor__spin-break"">Wenn du mehr erfahren möchtest, melde dich gerne hier zurück oder schreib mir eine kurze Mail. Ich würde mich sehr freuen, dir mehr von uns zu erzählen!</p><p class=""spinmail-quill-editor__spin-break""><br></p><p class=""spinmail-quill-editor__spin-break"">Viele Grüße</p><p class=""spinmail-quill-editor__spin-break"">Jana</p>","ARCHIVE","","No"
"2-OWU0YTJmYTMtNjk5OC00NjEyLWI3YzUtOGUwNzExOGMyNWFlXzAxMg==","Toptal: The world’s top companies at your fingertips","Camila Ghisays Henao","","Robert Schäfer","https://www.linkedin.com/in/roschaefer","2021-11-20 09:39:58 UTC","","<p class=""spinmail-quill-editor__spin-break"">Hi Robert,</p><p class=""spinmail-quill-editor__spin-break""><br></p><p class=""spinmail-quill-editor__spin-break"">As a <strong>developer</strong>, your skills are in high demand, and I think you’d be a great fit to join the Toptal freelance network. With Toptal you’ll have the opportunity to:</p><p class=""spinmail-quill-editor__spin-break""><br></p><p class=""spinmail-quill-editor__spin-break"">  • Work with<strong> Silicon Valley startups, Fortune 500 companies</strong>, and other exclusive clients</p><p class=""spinmail-quill-editor__spin-break""><strong>  • Set your own rate</strong> and get<strong> guaranteed hours </strong>(full-time is preferred)</p><p class=""spinmail-quill-editor__spin-break""><strong>  • Advance your freelance career 100% remotely</strong>, on your own schedule</p><p class=""spinmail-quill-editor__spin-break""><br></p><p class=""spinmail-quill-editor__spin-break"">Check out our <a rel=""noopener"" href=""https://topt.al/GxcRG2?li_fat_id=fca9ec66-c121-420b-a085-c9468c6e365b"" target=""_blank"">developer rate calculator</a> to see what you could earn. Then, use this link to get started: <a rel=""noopener"" href=""https://topt.al/7yc5y4?li_fat_id=fca9ec66-c121-420b-a085-c9468c6e365b"" target=""_blank"">https://topt.al/7yc5y4</a></p><p class=""spinmail-quill-editor__spin-break""><br></p><p class=""spinmail-quill-editor__spin-break"">Our screening team will be happy to answer any questions.</p><p class=""spinmail-quill-editor__spin-break""><br></p><p class=""spinmail-quill-editor__spin-break"">Thank you,</p><p class=""spinmail-quill-editor__spin-break"">Camila</p>","ARCHIVE","","No"
"2-OTkzMWQ1ZjEtMDM3ZC00YTY2LWJhODctZjhjNzQxMTJmYWI0XzAxMg==","Here's an offer to boost your job search","Melissa from LinkedIn Premium","","Robert Schäfer","https://www.linkedin.com/in/roschaefer","2021-10-13 00:22:30 UTC","","<p class=""spinmail-quill-editor__spin-break"">Hi Robert,</p><p class=""spinmail-quill-editor__spin-break""><br></p><p class=""spinmail-quill-editor__spin-break"">Need a boost? I'd like to offer you a <a rel=""noopener"" href=""https://www.linkedin.com/comm/premium/products?family=jss&amp;type=premium&amp;src=li-in&amp;trk=spinml_mktg_jss_ha_c_PREMIUM_C_JSS_SM_MA_GLOBAL_EN_Prop_818_ACCN_Test_CopyBoost_Treatment_SM_Oct-2021_V1_Firewood&amp;mcid=6851456360144535552&amp;utype=job&li_fat_id=d391f678-552d-4d1a-9040-5c32b040653d"" target=""_blank"">free trial of LinkedIn Premium</a>.</p><p class=""spinmail-quill-editor__spin-break""><br></p><p class=""spinmail-quill-editor__spin-break"">LinkedIn Premium gives you access to the following benefits:</p><p class=""spinmail-quill-editor__spin-break""><br></p><ul><li><strong>LinkedIn Learning Courses</strong> so you can sharpen your skills with 15,000+ expert-led video courses.</li><li><strong>InMail Messaging</strong> so you can contact anyone, even if you’re not connected.</li><li><strong>Who's Viewed Your Profile</strong>, to see everyone who viewed your profile over the last 90 days.</li><li><strong>Top Applicant</strong> to see a list of jobs where you’re a great fit.</li><li><strong>Competitive Insights</strong> on people who are applying to the same job as you.</li></ul><p class=""spinmail-quill-editor__spin-break"">Start your 1 month free trial today.</p><p class=""spinmail-quill-editor__spin-break""><br></p><p class=""spinmail-quill-editor__spin-break"">Sincerely,&nbsp;</p><p class=""spinmail-quill-editor__spin-break"">Melissa &amp; the LinkedIn Premium Team&nbsp;</p>","ARCHIVE","","No"
"2-NmRhYzUxMmItZjIwMC00ZTU0LWE5NTgtNGY4ZTc1MzlmMTAxXzAxMg==","Toptal: The world’s top companies at your fingertips","Camila Ghisays Henao","","Robert Schäfer","https://www.linkedin.com/in/roschaefer","2021-09-18 20:31:43 UTC","","<p class=""spinmail-quill-editor__spin-break"">Hi Robert,</p><p class=""spinmail-quill-editor__spin-break""><br></p><p class=""spinmail-quill-editor__spin-break"">As a <strong>developer</strong>, your skills are in high demand, and I think you’d be a great fit to join the Toptal freelance network. With Toptal you’ll have the opportunity to:</p><p class=""spinmail-quill-editor__spin-break""><br></p><ul><li>Work with<strong> Silicon Valley startups, Fortune 500 companies</strong>, and other exclusive clients</li><li><strong>Set your own rate</strong> and get <strong>guaranteed hours</strong> (full-time is preferred)</li><li><strong>Advance your freelance career 100% remotely</strong>, on your own schedule</li></ul><p class=""spinmail-quill-editor__spin-break""><br></p><p class=""spinmail-quill-editor__spin-break"">Check out our <a rel=""noopener"" href=""https://topt.al/VZcGgG?li_fat_id=644cad0d-45f4-418a-98aa-b5db61adfde5"" target=""_blank"">developer rate calculator</a> to see what you could earn. Then, use this link to get started: <a rel=""noopener"" href=""https://topt.al/7AckXb?li_fat_id=644cad0d-45f4-418a-98aa-b5db61adfde5"" target=""_blank"">https://topt.al/7AckXb</a></p><p class=""spinmail-quill-editor__spin-break""><br></p><p class=""spinmail-quill-editor__spin-break"">Our screening team will be happy to answer any questions.</p><p class=""spinmail-quill-editor__spin-break""><br></p><p class=""spinmail-quill-editor__spin-break"">Thank you,</p><p class=""spinmail-quill-editor__spin-break"">Camila</p>","ARCHIVE","","No"
"2-MDBjYmQ2ZDEtMDFmOC00OGRmLWI2ZjgtNDFjMWRlOTdlMzU4XzAxMg==","Why GISMA Business School is the right choice for you","Prof. Dr. Stefan Stein","","Robert Schäfer","https://www.linkedin.com/in/roschaefer","2021-08-13 00:30:45 UTC","","<p class=""spinmail-quill-editor__spin-break"">Dear Robert,</p><p class=""spinmail-quill-editor__spin-break""><br></p><p class=""spinmail-quill-editor__spin-break"">Take your career to the next level with a <strong>business or tech degree, taught 100% in English and internationally recognised</strong>.</p><p class=""spinmail-quill-editor__spin-break""><br></p><p class=""spinmail-quill-editor__spin-break"">Here’s why you should study at GISMA in Germany, a country known for its high quality education:</p><p class=""spinmail-quill-editor__spin-break""><br></p><ul><li>Large selection of top-rated degrees</li><li>Graduate starting salaries averaging € 45k</li><li>Low unemployment rates</li><li>Brand-new campus</li><li>Career Centre &amp; accommodation support</li></ul><p class=""spinmail-quill-editor__spin-break""><br></p><p class=""spinmail-quill-editor__spin-break"">Study in an international atmosphere <strong>in the Berlin-Potsdam area</strong>, known for excellent job prospects and a high quality of life.</p><p class=""spinmail-quill-editor__spin-break""><br></p><p class=""spinmail-quill-editor__spin-break"">GISMA Business School has&nbsp;a systematic hybrid learning scheme based on student-centred pedagogy, which includes face-to-face phases and e-learning sessions. Materials are provided by leading global companies such as Amazon.&nbsp;</p><p class=""spinmail-quill-editor__spin-break""><br></p><p class=""spinmail-quill-editor__spin-break"">We look forward to welcoming you to GISMA Business School!</p><p class=""spinmail-quill-editor__spin-break""><br></p><p class=""spinmail-quill-editor__spin-break"">Kind regards,</p><p class=""spinmail-quill-editor__spin-break"">Prof. Dr. Stefan Stein</p>","ARCHIVE","","No"
"2-YzQzODQ4OGEtYzE3NS00ODRhLThmMjctZGZhMTM0M2VmMDkwXzAxMg==","Thanks for being a valued member","Melissa from LinkedIn Premium","","Robert Schäfer","https://www.linkedin.com/in/roschaefer","2021-06-29 23:04:52 UTC","","<p class=""spinmail-quill-editor__spin-break"">Hi Robert,</p><p class=""spinmail-quill-editor__spin-break""><br></p><p class=""spinmail-quill-editor__spin-break"">I'd like to offer you a <a rel=""noopener"" href=""https://www.linkedin.com/premium/products?displayProducts=&amp;family=jss&amp;_ed=0_bvLJH59RTSY-u5c6PMUa4KEu5jfk9zYfhiTEOmBlPTY&amp;type=premium&amp;src=li-in&amp;trk=spinml_mktg_jss_ha_c_PREMIUM_C_JSS_SM_MA_GLOBAL_EN_Prop_818_ACCN_SM_Apr-2021_V2_Firewood_V2&amp;mcid=6793899057459863553&li_fat_id=8c71afe2-797a-4d78-a0db-84bb1c075802"" target=""_blank"">free trial of LinkedIn Premium Career</a>.</p><p class=""spinmail-quill-editor__spin-break""><br></p><p class=""spinmail-quill-editor__spin-break"">LinkedIn Premium gives you access to the following benefits:</p><p class=""spinmail-quill-editor__spin-break""><br></p><ul><li><strong>LinkedIn Learning Courses</strong> so you can sharpen your skills with 15,000+ expert-led video courses.</li><li><strong>InMail Messaging</strong> so you can contact anyone, even if you’re not connected.</li><li><strong>Who's Viewed Your Profile</strong>, to see everyone who viewed your profile over the last 90 days.</li><li><strong>Top Applicant</strong> to see a list of jobs where you’re a great fit.</li><li><strong>Competitive Insights</strong> on people who are applying to the same job as you.</li></ul><p class=""spinmail-quill-editor__spin-break"">Start your 1 month free trial today.</p><p class=""spinmail-quill-editor__spin-break""><br></p><p class=""spinmail-quill-editor__spin-break"">Sincerely,&nbsp;</p><p class=""spinmail-quill-editor__spin-break"">Melissa &amp; the LinkedIn Premium Team&nbsp;</p>","ARCHIVE","","No"
"2-MTQ0ZWZmNjktYTQ1Yi00NTg5LWI0YTYtZTE3MmVmZWM2NjM4XzAxMg==","Remote Freelance Opportunities with Toptal","Pavel Vydra","","Robert Schäfer","https://www.linkedin.com/in/roschaefer","2021-06-20 12:05:48 UTC","","<p class=""spinmail-quill-editor__spin-break"">Hi Robert,</p><p class=""spinmail-quill-editor__spin-break""><br></p><p class=""spinmail-quill-editor__spin-break"">I’m sure you get messages from recruiters and companies all the time, so I’ll cut to the chase: based on your experience and background in your LinkedIn profile, I think you'd be a great fit to join the exclusive network of remote freelance developers at Toptal. React Native developers who work with Toptal enjoy the flexibility to work from anywhere along with the financial stability that comes with full-time positions with the world’s biggest brands and innovative startups.</p><p class=""spinmail-quill-editor__spin-break""><br></p><p class=""spinmail-quill-editor__spin-break"">As Toptal continues to grow, we’re seeing a huge demand for remote React Native developers from our top clients, which include fast-growth Silicon Valley disruptors and Fortune 500 companies. Our full-time and part-time opportunities come with guaranteed hours (and pay). Interested in how much you could earn with Toptal? Check out our <a rel=""noopener"" href=""https://topt.al/aVc4eM?li_fat_id=aaf03b40-53ac-4064-bd32-10d13dfc334d"" target=""_blank"">React Native developer rate calculator.</a></p><p class=""spinmail-quill-editor__spin-break""><br></p><p class=""spinmail-quill-editor__spin-break"">If you’re currently busy with a freelance or full-time job, I’d still encourage you to go through our screening process — once you pass, you’ll have access to all active React Native opportunities in our network without any commitment, and you can start working with Toptal clients when you’re available.</p><p class=""spinmail-quill-editor__spin-break""><br></p><p class=""spinmail-quill-editor__spin-break"">Now's the perfect time to join. Just use this link to get started:<strong> </strong><a rel=""noopener"" href=""https://topt.al/Q8cw5x?li_fat_id=aaf03b40-53ac-4064-bd32-10d13dfc334d"" target=""_blank"">https://topt.al/Q8cw5x</a></p><p class=""spinmail-quill-editor__spin-break""><br></p><p class=""spinmail-quill-editor__spin-break"">Thank you,</p><p class=""spinmail-quill-editor__spin-break"">Pavel</p>","ARCHIVE","","No"
"2-NjQ5ODIxYWQtZTI4ZC01M2Q1LWEyNWYtZGRlZmEyZDBhMmI5XzAxMw==","","Liza from LinkedIn Premium ","","Robert Schäfer","https://www.linkedin.com/in/roschaefer","2020-04-21 22:14:48 UTC","","<p class=""spinmail-quill-editor__spin-break"">Hi Robert,</p><p class=""spinmail-quill-editor__spin-break""><br></p><p class=""spinmail-quill-editor__spin-break"">I'd like to offer you a<a rel=""noopener"" href=""https://www.linkedin.com/premium/products?displayProducts=&amp;family=jss&amp;_ed=0_bvLJH59RTSY-u5c6PMUa4KEu5jfk9zYfhiTEOmBlPTY&amp;type=premium&amp;src=li-in&amp;trk=spinml_mktg_jss_ha_c_JSS_C_GLOBAL_EN_SPIN_CHOOSER_JS1_V2_LIZA_CD19&amp;mcid=6651480140377272322"" target=""_blank""> free trial </a>of LinkedIn Premium Career. LinkedIn Premium gives you access to the following benefits:</p><p class=""spinmail-quill-editor__spin-break""><br></p><ul><li><strong>LinkedIn Learning Courses</strong> so you can sharpen your skills with 15,000+ expert-led video courses.</li><li><strong>InMail Messaging</strong> so you can contact anyone, even if you’re not connected.</li><li><strong>Who's Viewed Your Profile</strong>, to see everyone who viewed your profile over the last 90 days.</li><li><strong>Top Applicant</strong> to see a list of jobs where you’re a great fit.</li><li><strong>Competitive Insights</strong> on people who are applying to the same job as you.</li></ul><p class=""spinmail-quill-editor__spin-break""><br></p><p class=""spinmail-quill-editor__spin-break"">Start your 1 month free trial today.</p><p class=""spinmail-quill-editor__spin-break""><br></p><p class=""spinmail-quill-editor__spin-break"">Sincerely,&nbsp;</p><p class=""spinmail-quill-editor__spin-break"">Liza &amp; the LinkedIn Premium Team&nbsp;</p>","ARCHIVE","","No"
"2-NjBhYTI0NGItMjI2OS01OGQ2LWI0NTMtMzExMGNjNjdjODk3XzAxMw==","","Tobias Hagenau","","Robert Schäfer","https://www.linkedin.com/in/roschaefer","2019-07-21 20:29:16 UTC","","<p>Hallo Robert,</p><p>sag mal, kennst du eigentlich unser Tool ""das HQ""?! Das ist eine all-in-one Business- und Agentursoftware, die deine Projekte vom Sales über Projektmanagement bis zur Rechnung begleitet. Ohne App-Chaos, Sammlungen von Excel-Tabellen und Firlefanz.</p><p>Würd mich freuen, wenn du mal reinschaust.</p><p><br></p><p>Beste Grüße,</p><p>Tobias Hagenau</p>","ARCHIVE","","No"
"2-MDdlNDU3ZTAtMmE3My01YWZlLTg2N2EtMzgzOTc0MWVlMWU0XzAwMA==","","Alexandra Rynne","","Robert Schäfer","https://www.linkedin.com/in/roschaefer","2018-08-31 13:32:41 UTC","","Hi RobertDid you know your company page is your largest piece of real estate on LinkedIn? It&rsquo;s also the perfect place to build brand awareness and drive high-quality leads.We&rsquo;ve created a one-stop-shop resource for your LinkedIn Company Page. This guide is packed with simple step-by-step how to&rsquo;s and best practices on building an audience and a content strategy for your Company Page.Download your Company Pages Playbook to uncover insider tips the LinkedIn Marketing Solutions team has gathered from years of testing and iterating:The basics of setting up a LinkedIn Company PageTips for publishing compelling updatesHow to navigate your analytics dashboardWhat content gets the most engagementHow our team built an engaged audience on our LinkedIn Marketing Solutions Showcase PageThanks,Alex RynneContent Marketing ManagerLinkedIn Sales &amp; Marketing Solutions","ARCHIVE","","No"
